# Created by Open3D 
# object name: refine_rgb
# number of vertices: 1024
# number of triangles: 1922
mtllib refine_rgb.mtl
v -36.8184 -36.55 74.8425
v -35.3755 -37.0144 75.2362
v -32.767 -37.2057 75.2746
v -29.9648 -36.7576 74.6997
v -26.0685 -34.6542 71.1874
v -23.7951 -32.7151 67.3128
v -22.4925 -31.732 65.1862
v -19.8387 -31.2706 62.5139
v -16.7826 -31.1076 63.5739
v -14.6522 -30.754 62.24
v -11.2148 -30.6177 62.172
v -7.93109 -30.1572 61.6424
v -5.41271 -31.3027 63.3799
v -3.04218 -31.2334 63.7364
v -2.4023 -32.9555 67.1661
v -1.41439 -35.3827 71.0946
v 1.20682 -36.4434 73.9168
v 3.64498 -36.8436 74.8691
v 5.75346 -36.8958 75.0499
v 8.10727 -36.8884 75.0796
v 10.5685 -37.2595 75.2657
v 12.8522 -36.9161 74.7683
v 15.3817 -36.9811 74.8642
v 18.0453 -37.2535 75.5035
v 20.7937 -37.1658 75.3125
v 23.9099 -37.091 75.6802
v 26.7183 -36.8675 75.915
v 28.4573 -37.43 76.6586
v 29.6763 -36.3722 74.4802
v 31.0972 -36.1322 73.3131
v 32.3781 -34.8548 71.0958
v 34.4236 -34.6859 70.7903
v -37.6919 -36.1663 75.9361
v -36.3887 -36.1125 75.191
v -32.4985 -35.6126 74.811
v -29.531 -36.0372 75.6561
v -27.6266 -35.1163 73.109
v -25.3041 -33.4503 69.8124
v -22.9569 -31.6403 65.0321
v -20.1887 -31.135 63.4969
v -17.0066 -30.114 62.0949
v -14.8856 -29.5926 61.522
v -10.73 -28.8736 61.3469
v -8.10553 -28.1888 61.6867
v -5.54462 -28.5578 61.0085
v -3.57061 -30.1057 62.9532
v -2.63571 -32.6181 67.9485
v -0.822526 -34.4339 71.2474
v 1.299 -35.0646 73.26
v 3.36145 -35.5432 74.5316
v 5.6823 -35.7046 74.9375
v 7.96215 -36.3845 75.0203
v 10.5263 -36.3955 74.9257
v 12.935 -36.3714 74.9347
v 15.3532 -36.3326 74.9874
v 17.8416 -36.5087 75.2294
v 20.6766 -36.3212 75.0063
v 24.4594 -36.428 75.2513
v 27.4254 -35.9061 75.5982
v 28.4543 -34.9314 75.3823
v 29.516 -35.4464 74.2379
v 32.2856 -35.6443 73.8293
v 33.5057 -34.1639 71.561
v 34.3599 -32.8261 69.6001
v -37.7388 -34.5857 75.548
v -36.5911 -33.9588 75.8314
v -33.0504 -33.5105 75.536
v -29.4055 -33.5869 75.5166
v -27.507 -32.6629 73.2192
v -25.2498 -31.0297 68.4807
v -23.7623 -29.1935 63.8374
v -21.8021 -29.9117 61.7974
v -18.6502 -29.4181 62.0959
v -15.2864 -27.6574 60.9913
v -10.9011 -26.64 61.9626
v -8.74754 -26.3363 62.7759
v -7.01242 -26.1824 63.0205
v -4.11444 -27.5079 63.4335
v -1.62588 -29.8242 67.923
v 0.324905 -31.419 70.417
v 2.11048 -32.36 72.5346
v 3.1546 -33.3234 74.9542
v 4.89989 -33.9572 75.0208
v 7.68561 -34.2516 74.9459
v 10.4051 -34.4374 75.1746
v 12.7813 -34.2425 74.9435
v 15.2025 -34.084 74.9989
v 18.0852 -33.9615 75.0061
v 21.0817 -33.8436 75.0885
v 23.7079 -33.3623 74.917
v 25.5234 -32.5951 75.4155
v 27.1255 -32.8512 74.7915
v 28.9769 -32.9794 73.3984
v 30.6742 -31.9926 72.1592
v 32.522 -31.0741 70.591
v 33.3673 -30.4032 68.2777
v -37.1516 -30.8694 75.1074
v -36.1208 -30.6453 75.8118
v -33.0081 -30.7167 75.3317
v -28.913 -30.5898 75.2757
v -27.8489 -30.4612 74.3364
v -26.5515 -29.7655 69.5465
v -24.0381 -28.0456 64.3284
v -21.6332 -27.8673 62.0082
v -19.5666 -28.2989 60.4623
v -15.1537 -26.1811 60.2808
v -10.1514 -24.7894 62.0468
v -8.75087 -24.7305 64.1377
v -7.83987 -25.004 66.5226
v -4.89901 -25.5051 67.3974
v -2.11775 -26.225 68.952
v 0.49312 -27.443 69.2748
v 1.60477 -29.3183 73.3445
v 2.96067 -30.8242 75.2865
v 4.91702 -31.5066 74.9133
v 7.61267 -31.4817 74.8227
v 10.3507 -31.7732 74.8102
v 12.8146 -31.698 74.6953
v 15.9213 -30.9855 75.3331
v 18.4491 -30.6876 74.8935
v 21.4599 -30.683 75.1207
v 23.6203 -30.0635 74.8727
v 24.0905 -29.908 74.3408
v 24.5625 -30.025 71.2
v 27.1793 -29.2755 70.0513
v 29.8453 -29.1683 69.2923
v 31.57 -28.4346 67.9238
v 33.4228 -28.8369 67.9416
v -37.2426 -27.1446 75.271
v -36.0352 -27.0215 75.8889
v -33.0712 -27.3392 75.3326
v -29.3581 -27.6818 75.2124
v -27.8671 -27.5443 73.2588
v -25.8314 -26.3359 68.3115
v -23.9178 -25.8366 65.3087
v -20.5747 -25.4314 62.9926
v -17.1166 -25.0221 61.5565
v -12.6986 -23.7098 62.1429
v -10.2156 -22.9763 63.0098
v -8.75115 -23.5776 66.2088
v -7.11273 -23.9028 68.6282
v -4.94151 -24.6961 71.5268
v -3.09296 -25.7384 73.6866
v -1.1437 -26.6222 74.3723
v 0.739054 -27.7453 75.0035
v 2.40656 -28.264 74.8392
v 5.23694 -28.611 74.8828
v 7.92539 -28.6446 74.853
v 10.5776 -28.7146 74.8512
v 13.1698 -28.8388 75.0579
v 15.7937 -28.2199 74.9362
v 18.8434 -28.0699 75.063
v 21.5033 -27.518 74.9904
v 23.7316 -27.4882 74.9598
v 24.3172 -27.2651 73.9436
v 24.6125 -26.0489 71.737
v 25.953 -25.3748 69.3085
v 28.2139 -24.9917 67.6549
v 30.2032 -25.6423 65.1485
v 31.5811 -25.7845 64.3055
v -37.7091 -24.9113 75.934
v -35.6229 -24.5505 75.5709
v -33.0452 -24.9358 75.6704
v -29.8087 -25.3023 75.5336
v -28.3122 -25.1219 73.5933
v -25.5237 -23.5969 67.576
v -24.1202 -22.8323 64.5334
v -20.6415 -22.2488 63.1121
v -15.9833 -21.6926 61.782
v -11.0841 -21.3579 62.3415
v -9.98125 -20.9085 63.6985
v -8.48479 -21.9763 67.9221
v -7.01872 -22.7664 70.8146
v -5.06038 -23.5628 73.48
v -3.52551 -24.6612 74.9216
v -1.86995 -25.6092 75.1564
v 0.369375 -25.7969 75.1518
v 2.86139 -25.9516 74.9045
v 5.14952 -26.0476 75.0355
v 7.97389 -25.9002 74.8766
v 10.5505 -25.9588 74.9302
v 13.173 -26.0591 74.8361
v 16.0819 -25.625 74.7496
v 18.8849 -25.3378 74.867
v 21.3628 -25.1519 74.9454
v 22.8871 -25.113 74.5912
v 24.1666 -24.954 73.9506
v 24.5013 -23.7116 71.8316
v 25.0871 -23.2448 68.2979
v 25.7518 -22.1937 64.6343
v 27.8493 -22.3885 62.5367
v 29.5573 -21.8841 60.5755
v -37.3078 -22.6172 75.5218
v -35.8146 -22.402 75.7531
v -33.3518 -23.1299 75.6041
v -29.8885 -22.6026 75.5535
v -28.1337 -23.1105 73.8547
v -25.9868 -19.7546 65.9763
v -24.0245 -20.1906 64.5775
v -20.665 -19.8323 62.9388
v -16.01 -19.7673 61.6402
v -10.9106 -18.9278 61.9698
v -9.91232 -18.7142 64.4273
v -8.66467 -20.1601 68.913
v -7.13017 -21.3871 72.3281
v -5.39805 -22.1941 74.2066
v -4.05232 -23.1306 75.0305
v -1.97615 -23.5182 75.3439
v 0.674887 -23.3883 74.9881
v 3.12289 -23.3659 74.8397
v 5.53204 -23.4331 74.8944
v 8.01725 -23.6455 74.9025
v 10.484 -23.4669 74.8342
v 13.1284 -23.4046 74.7004
v 16.1051 -23.2811 74.8583
v 18.8628 -22.9513 74.6871
v 21.2063 -22.8696 74.7879
v 22.5923 -23.2435 75.2141
v 23.5255 -23.2671 74.4423
v 24.7267 -22.3153 71.7133
v 25.1661 -21.6451 68.2127
v 26.2621 -19.9343 65.0691
v 28.151 -18.7977 62.8372
v 29.588 -17.911 60.7994
v -36.8144 -19.9637 74.8044
v -36.2312 -20.0898 75.7566
v -32.8575 -20.1641 75.7953
v -30.235 -20.5389 76.6688
v -28.4338 -20.07 72.8536
v -25.6248 -19.7784 68.0847
v -23.2865 -18.5477 64.3349
v -20.8477 -17.5219 62.864
v -15.7109 -17.1445 61.2943
v -10.8774 -16.5684 62.1522
v -10.0916 -16.7639 64.9092
v -8.76125 -18.0795 69.8777
v -6.99624 -19.1219 71.2159
v -5.74086 -20.0195 73.9882
v -4.49443 -20.3304 74.4087
v -2.46388 -20.5222 74.693
v 0.522393 -20.7196 74.7978
v 3.14107 -20.94 74.8785
v 5.6831 -21.026 74.7187
v 7.93772 -21.1826 74.7139
v 10.4434 -21.2181 74.8224
v 12.9379 -21.1268 74.868
v 15.904 -20.8051 74.7561
v 18.8195 -20.824 74.8571
v 21.4376 -20.7649 74.763
v 22.3651 -20.9894 74.8023
v 23.3719 -20.6668 73.9483
v 24.9286 -19.6269 72.0585
v 25.7879 -18.3917 68.6477
v 28.2143 -17.9043 66.8299
v 28.4135 -16.5766 62.9858
v 29.8562 -15.976 61.4934
v -36.988 -18.0079 74.9835
v -36.3982 -18.0712 75.9485
v -32.9737 -17.633 75.546
v -29.9048 -18.109 75.3234
v -28.3403 -17.5813 72.3663
v -25.9363 -17.0556 66.4483
v -23.5415 -16.6975 64.1603
v -20.9719 -15.5606 62.1911
v -16.4982 -14.9587 61.0514
v -11.7413 -14.4891 62.2406
v -10.1707 -15.0481 66.673
v -9.07404 -16.173 70.7586
v -7.80824 -17.3379 72.6433
v -6.75636 -17.4259 73.9514
v -5.23676 -17.7843 75.1114
v -2.83372 -17.6321 75.0004
v 0.237744 -17.9211 74.9926
v 2.983 -17.8072 74.7077
v 5.71562 -18.6364 74.8596
v 8.02546 -18.7819 74.8194
v 10.4355 -18.781 74.8256
v 12.8529 -18.7077 74.8346
v 15.664 -18.6236 74.7528
v 18.4877 -18.3603 74.7162
v 21.364 -18.2446 74.7816
v 23.4423 -18.3111 75.1664
v 24.7026 -18.1656 75.098
v 26.2075 -17.7757 73.7414
v 27.7791 -17.1933 70.8663
v 28.7004 -16.506 68.2551
v 28.8238 -15.2084 63.2263
v 29.2035 -14.3582 61.1928
v -36.7522 -15.7361 74.887
v -35.4324 -15.6101 74.7189
v -32.7884 -15.1075 75.4251
v -30.2411 -15.5736 75.8281
v -28.3297 -16.2666 72.0906
v -26.2034 -15.4794 68.1016
v -24.0453 -14.2668 63.4622
v -21.0949 -13.5406 61.936
v -17.0049 -13.0818 61.144
v -12.2533 -12.6738 62.3269
v -10.2491 -13.3651 66.7587
v -9.51044 -14.8504 70.4047
v -8.09786 -15.199 71.8525
v -6.47436 -15.8254 75.3537
v -4.59326 -15.4397 74.6203
v -2.48187 -15.2598 74.9205
v 0.171266 -15.1064 74.7467
v 2.76429 -15.1692 74.7073
v 5.47935 -15.9052 74.8475
v 7.80061 -16.16 74.7347
v 10.4647 -16.221 74.7063
v 13.021 -16.1092 74.67
v 15.7443 -16.0816 74.6396
v 18.4869 -15.8244 74.6396
v 21.2745 -15.6976 74.6814
v 23.787 -15.6686 75.131
v 25.1766 -15.7632 74.6356
v 26.5218 -15.2472 72.8615
v 27.5874 -15.0221 70.6568
v 28.4808 -14.4154 67.7783
v 27.9755 -13.2938 62.0091
v 29.1587 -12.8109 59.6295
v -36.4442 -13.6186 74.8357
v -35.9123 -13.3897 74.991
v -32.6594 -13.3831 75.4846
v -30.1095 -12.8051 75.2386
v -29.222 -13.295 72.7358
v -26.9458 -13.062 67.3678
v -23.5997 -12.7374 63.7155
v -21.0814 -12.1646 62.0649
v -16.1106 -11.5546 61.7714
v -11.5621 -10.9037 62.6569
v -10.5397 -11.3151 67.2069
v -10.0505 -12.704 71.4629
v -8.0714 -13.4309 70.8957
v -5.13169 -13.5615 71.5153
v -3.94717 -13.2271 74.2535
v -2.29549 -12.788 74.7281
v -0.144946 -12.4438 74.7386
v 2.45579 -12.6771 74.8063
v 5.20668 -12.754 74.7584
v 7.87629 -13.312 74.7032
v 10.5672 -13.3416 74.6307
v 13.0888 -13.4217 74.6324
v 15.7509 -13.3147 74.6524
v 18.449 -13.2223 74.5498
v 21.2155 -13.0014 74.7838
v 23.808 -13.173 74.6547
v 25.4769 -13.4942 74.0836
v 26.7906 -13.1942 73.0164
v 27.8537 -12.5398 71.0558
v 27.7087 -11.6858 66.8488
v 27.8338 -10.9409 61.8095
v 28.8171 -10.6346 57.9306
v -36.7176 -11.0292 74.7423
v -35.8247 -11.201 75.4617
v -32.2808 -11.1425 75.5138
v -30.3281 -11.2089 75.3179
v -28.2946 -11.1783 71.1663
v -24.9736 -11.0019 64.3857
v -23.2482 -11.5096 62.5639
v -20.4956 -10.692 61.5679
v -15.2373 -9.71708 61.6833
v -11.3987 -8.71928 62.4823
v -10.0449 -9.45559 66.9505
v -9.61912 -10.5897 70.1078
v -7.24935 -11.2729 70.038
v -5.08734 -10.6357 71.4019
v -3.70784 -10.5397 74.478
v -2.03886 -10.1042 74.6692
v 0.0490687 -10.14 74.6709
v 2.50277 -10.407 74.7996
v 5.44868 -10.5129 74.8402
v 7.81921 -10.8921 74.7843
v 10.5419 -10.9877 74.7826
v 13.1298 -10.9769 74.6773
v 15.6535 -10.9278 74.6696
v 18.1491 -11.097 74.691
v 20.9813 -10.8946 74.6945
v 23.9178 -10.6622 74.6257
v 26.2196 -10.8423 74.5832
v 26.7788 -10.7032 73.6152
v 27.4139 -9.6037 70.7356
v 27.7952 -8.69732 68.3047
v 27.0987 -8.2702 61.4625
v 28.1231 -7.72483 56.9711
v -36.7946 -8.10199 75.0272
v -35.9135 -7.83191 75.4629
v -32.3419 -8.23768 75.4158
v -30.116 -8.32341 74.2075
v -27.2484 -8.3866 68.4717
v -24.9662 -8.59028 63.9472
v -22.1924 -8.58301 61.1825
v -19.4832 -7.94075 61.1781
v -14.7889 -6.99497 61.2065
v -11.4376 -6.56053 62.1967
v -9.87061 -6.98623 65.8418
v -9.19655 -8.04256 68.5508
v -6.00287 -7.92061 67.3067
v -4.35112 -7.4511 69.1639
v -3.50252 -7.44283 73.5807
v -2.03337 -7.38074 75.1082
v 0.545563 -8.03439 74.6614
v 2.67668 -8.1428 74.6596
v 5.15294 -8.35704 74.8263
v 7.74202 -8.6191 74.8104
v 10.4515 -8.78021 74.6797
v 13.0126 -8.85199 74.7064
v 15.4662 -9.04286 74.6961
v 18.2139 -8.9443 74.6924
v 20.8634 -8.79296 74.6183
v 23.7712 -8.49084 74.5429
v 26.2805 -8.47466 74.4727
v 27.5209 -7.79878 74.0843
v 27.6861 -7.29726 71.6165
v 27.9243 -6.33793 68.6919
v 26.8445 -4.93724 61.1498
v 27.885 -4.5035 57.7588
v -37.0764 -5.26205 75.3482
v -35.6417 -5.29024 75.3802
v -32.6325 -5.2541 76.2822
v -31.141 -6.19827 75.5947
v -28.4335 -6.20257 69.7565
v -24.753 -5.8541 63.3688
v -21.5359 -5.4934 61.4164
v -18.8099 -4.83147 61.6866
v -14.5291 -4.46334 61.711
v -11.3099 -4.23735 62.4154
v -10.3592 -4.65298 65.2796
v -9.31672 -4.78205 69.4553
v -7.15742 -5.06974 69.5109
v -5.25265 -5.29466 70.2973
v -3.73142 -5.21041 70.2913
v -1.59405 -5.61444 72.8611
v 1.49344 -5.95513 74.2522
v 3.06341 -6.2501 75.1874
v 5.14896 -6.00016 75.0967
v 7.7894 -6.11849 74.6958
v 10.4359 -6.11977 74.7995
v 12.6981 -6.49417 74.9381
v 15.528 -6.45851 74.7754
v 18.0462 -6.3515 74.5412
v 20.9154 -6.20476 74.3968
v 24.0845 -6.11803 74.5387
v 26.6987 -6.03729 74.7442
v 28.5384 -5.4219 74.6301
v 29.3759 -5.46703 73.395
v 28.9942 -4.90032 71.5114
v 29.0452 -3.26277 64.9829
v 29.8797 -2.85118 61.8108
v -36.4459 -2.82638 74.5564
v -34.764 -2.31938 75.1441
v -33.1782 -3.12851 77.1683
v -30.8736 -3.41897 73.3819
v -28.4456 -3.05164 68.4267
v -25.0244 -2.8021 63.9328
v -21.557 -2.29942 61.9241
v -17.7263 -1.83559 62.2078
v -13.9304 -1.50442 62.2788
v -11.4555 -1.64758 62.3801
v -9.95011 -2.18008 64.6208
v -8.73211 -2.59489 69.537
v -7.44326 -3.23967 71.2048
v -5.74945 -2.99838 67.5847
v -3.23125 -3.16585 65.641
v 0.163018 -3.59889 70.2316
v 1.48029 -3.5046 73.2264
v 2.66544 -3.80654 74.3572
v 5.02378 -3.7329 74.9476
v 7.76257 -3.84397 74.7405
v 10.4723 -3.42176 74.827
v 13.0681 -3.41507 74.8057
v 15.6374 -3.47021 74.7676
v 17.903 -3.51696 74.7543
v 20.866 -3.4144 74.7203
v 24.2244 -3.62352 74.591
v 26.4185 -3.45857 74.4279
v 28.441 -2.84548 74.3727
v 29.1391 -2.96571 73.2906
v 29.1663 -3.254 69.5115
v 30.7966 -1.63844 65.9822
v 31.7932 -1.09594 65.105
v -35.0232 -1.56663 71.8993
v -33.7311 -1.31806 72.3263
v -31.962 -1.1988 73.481
v -28.975 -1.01083 69.378
v -27.0658 0.0522524 66.4253
v -25.0465 0.592339 65.5905
v -21.6368 0.315167 64.3028
v -17.8568 0.197549 63.0674
v -13.8376 0.104096 62.0581
v -10.7532 0.294923 62.2736
v -9.42361 0.304837 64.2487
v -8.24754 -0.31918 70.666
v -6.85186 -1.34004 71.8016
v -6.27067 -0.568665 69.1178
v -3.14793 0.335449 65.0657
v -0.144601 -0.348738 68.1853
v 0.884624 -0.969621 72.7444
v 2.37523 -1.45839 74.7119
v 4.70217 -1.62724 74.8615
v 7.46192 -1.53568 74.8919
v 10.6041 -1.1371 74.6792
v 13.3144 -1.04779 74.6344
v 15.9255 -1.24628 74.7886
v 17.9922 -1.0796 74.6952
v 20.81 -0.535835 74.7847
v 23.7819 -1.05906 74.6722
v 26.4231 -1.00103 74.3728
v 28.8393 -0.674077 74.5599
v 30.4927 -1.05 74.424
v 31.7403 -1.78591 73.5047
v 33.4137 -1.12879 70.0303
v 33.5968 0.087323 68.0142
v -33.3817 -0.131921 68.0393
v -32.9309 -0.211799 69.5413
v -29.938 -0.108751 68.1922
v -28.3487 0.813433 68.5293
v -26.6909 1.47027 69.3976
v -23.9281 1.92314 69.7625
v -21.339 1.59551 68.423
v -18.2564 1.57488 65.5432
v -14.5921 1.16404 63.633
v -11.3094 1.37125 64.0838
v -9.57527 1.6045 66.6474
v -8.39131 1.32735 71.0457
v -7.59043 1.12937 73.57
v -6.09663 0.903218 70.975
v -2.88765 2.26378 68.2006
v -0.589053 1.94484 70.5357
v 0.895762 0.891235 74.3706
v 1.89071 0.395842 74.4841
v 4.00621 0.710438 74.9444
v 7.29289 0.76683 74.6164
v 10.6671 0.97718 74.7134
v 13.5137 0.918221 74.6796
v 16.2167 1.09682 74.612
v 18.5812 1.20181 74.7672
v 21.2228 1.69323 74.7918
v 23.6781 1.58766 74.9106
v 25.6767 1.41563 74.5112
v 28.4577 2.00449 74.5209
v 30.7717 1.53298 74.9733
v 32.3912 0.875462 72.1757
v 34.0356 1.06707 71.0794
v 34.7854 1.20994 70.6229
v -31.8463 2.24494 64.9313
v -31.0541 1.7238 64.5953
v -28.3093 1.00036 64.8752
v -26.5992 1.51283 66.6051
v -25.1581 2.53674 69.6061
v -24.0307 2.70367 69.856
v -22.0264 1.953 69.3712
v -18.7839 1.95256 66.6783
v -15.2911 2.24785 65.7517
v -12.4467 2.65389 67.1438
v -9.7873 2.53197 67.1029
v -8.54502 2.95424 71.5726
v -8.09748 3.4324 73.6961
v -6.45079 2.94748 72.6894
v -3.80367 3.81325 71.6311
v -1.66805 3.85695 73.3371
v -0.0989221 3.038 74.3403
v 1.95251 2.76323 74.6959
v 3.96735 3.312 74.6647
v 7.08073 3.54046 74.7903
v 10.5042 3.54727 74.5886
v 13.6038 3.68062 74.6994
v 16.684 4.06771 74.5312
v 18.7554 4.1984 74.4405
v 21.1784 4.25311 74.8763
v 23.0158 4.27401 74.7425
v 24.6715 3.1336 74.1675
v 27.0273 3.47739 74.6407
v 29.0192 3.27879 73.6905
v 31.0565 2.99737 72.2263
v 33.4238 3.5037 71.0491
v 34.509 4.03395 70.1247
v -31.3598 5.10986 63.3961
v -30.1822 4.90411 62.1811
v -27.544 4.11155 62.5812
v -25.0946 3.77459 64.0224
v -23.8254 3.96106 66.3105
v -22.7101 3.39505 66.3791
v -20.4314 3.30874 63.5941
v -17.0523 2.78019 61.6585
v -14.5838 3.29784 62.1016
v -13.2271 3.82733 65.4344
v -10.1173 4.14909 67.1777
v -8.46708 4.31464 71.3557
v -7.71326 4.92535 73.3401
v -6.02006 6.10894 72.8568
v -3.20505 6.50886 72.7817
v -2.24199 6.15663 72.4675
v -0.930995 5.88787 74.0866
v 1.66923 5.23544 75.242
v 4.13301 6.04329 74.7751
v 7.26362 6.29084 74.8056
v 10.5095 6.2017 74.6773
v 13.7066 6.29679 74.6669
v 16.7706 6.38659 74.6997
v 19.0667 6.53864 74.7376
v 21.1172 6.53861 74.8567
v 22.6792 6.01915 75.0607
v 23.8132 5.18364 73.2974
v 26.6215 4.57751 73.0373
v 28.711 4.46466 71.7344
v 30.9923 4.60236 70.9466
v 32.3404 5.57867 70.2141
v 34.1743 5.83106 69.6586
v -32.2369 8.63893 64.8364
v -31.459 8.63904 64.6957
v -28.5982 8.21438 63.579
v -26.0997 7.05486 63.9938
v -23.4034 6.32137 63.8313
v -21.1934 6.3484 61.8583
v -19.4118 6.05487 59.1583
v -16.0072 6.2344 57.2445
v -13.7886 6.22904 58.7013
v -13.0742 5.93535 62.255
v -10.3792 5.76894 62.3762
v -8.04647 6.02802 64.9011
v -6.70766 6.73068 70.0563
v -5.47313 8.23965 71.3435
v -4.21781 8.72758 71.4732
v -3.27637 8.521 72.8999
v -1.5409 8.30246 74.2445
v 1.23266 7.68483 74.5558
v 4.43997 8.20955 74.6969
v 7.35723 8.88665 74.8808
v 10.6311 9.00466 74.6552
v 13.9991 8.9568 74.5458
v 16.4625 8.82343 74.6744
v 18.3753 8.53835 74.7258
v 20.2034 8.1993 74.9161
v 21.9359 7.94514 74.4994
v 22.847 7.48675 71.7947
v 24.6386 6.18928 69.3387
v 28.3473 5.44508 68.5939
v 30.4331 5.2662 68.2632
v 31.7351 6.47 67.8529
v 33.695 7.72426 68.9202
v -35.0447 10.4597 70.8291
v -33.5785 10.6772 69.6199
v -30.1103 10.2371 64.3987
v -26.739 10.2445 62.1106
v -23.1252 9.45149 61.2317
v -21.3118 9.73047 61.4131
v -18.9941 10.2163 60.2591
v -16.7877 10.4326 59.441
v -14.8224 10.4311 59.2996
v -13.2718 9.9937 60.8214
v -10.7907 8.46581 61.8124
v -8.31975 7.31474 62.2641
v -5.93572 8.0282 64.0399
v -4.44593 9.16332 67.9809
v -3.5439 10.2325 71.2882
v -2.77719 10.4931 73.8315
v -1.0035 10.4779 74.6342
v 1.33686 10.8628 74.6245
v 5.07532 11.1231 74.4334
v 7.89202 11.3064 74.7722
v 10.6694 11.8542 74.6777
v 13.5672 11.7934 74.6778
v 15.8616 11.5461 74.7563
v 17.6875 10.7989 74.7414
v 18.9859 10.3685 74.2661
v 20.3652 9.71932 72.7026
v 22.1528 8.92958 69.9706
v 23.1987 7.74623 66.9818
v 26.8299 7.69699 66.4375
v 30.0057 7.48844 66.6666
v 30.7816 8.15852 65.632
v 32.5445 8.57802 66.6774
v -35.615 12.3296 72.5819
v -34.07 12.4278 72.0329
v -30.5291 13.1056 67.2504
v -27.4459 13.5193 63.8199
v -23.4484 13.1809 63.4285
v -21.3457 12.6255 64.6068
v -19.808 12.7605 63.7317
v -17.3671 12.1825 61.6438
v -15.0225 13.1934 61.5768
v -13.9722 13.6292 63.4535
v -11.8772 12.5643 62.6235
v -9.07713 10.7593 62.2036
v -6.09004 9.87053 63.3569
v -3.60679 10.1229 65.6438
v -2.40122 11.4611 69.1968
v -1.73859 12.2003 72.5706
v -0.17719 12.6721 74.0378
v 2.62834 13.2001 74.1018
v 4.52841 13.5676 74.3861
v 7.92259 14.406 74.3833
v 10.7744 14.3852 74.7155
v 13.1397 14.4364 74.6286
v 15.3212 13.8684 74.9375
v 17.0796 13.1222 74.3087
v 17.871 12.6416 72.7773
v 19.2099 12.0597 71.1439
v 20.9696 10.8947 68.81
v 22.7023 10.279 66.2068
v 26.7886 10.2236 65.8449
v 28.6575 10.2083 65.2827
v 30.8141 9.98712 64.58
v 32.1318 10.572 65.0593
v -36.1461 14.6884 74.2939
v -34.3487 15.1546 74.2649
v -31.7408 15.8567 71.7074
v -28.0247 15.6398 68.1873
v -25.1227 15.1099 66.9245
v -22.2873 13.8331 66.232
v -19.8452 13.5385 65.6607
v -17.5048 14.7101 66.1263
v -16.0826 15.3423 67.3307
v -14.6914 15.3367 66.9874
v -12.9128 14.806 63.2171
v -11.2557 14.2319 62.6081
v -7.99816 13.1357 61.8401
v -3.93395 12.4389 63.2067
v -2.22304 12.4345 64.202
v -0.484824 12.7388 67.102
v 1.22598 13.5559 70.0979
v 3.35329 14.0395 73.1742
v 5.54133 15.4454 74.4306
v 7.46244 16.6684 74.8726
v 10.8472 16.7972 74.4905
v 13.1934 16.5219 74.7071
v 15.0523 16.5423 74.682
v 16.5952 15.7632 73.1362
v 17.7074 14.8874 72.2621
v 19.4954 13.6801 70.9089
v 20.4684 12.7663 67.4073
v 22.0478 11.8289 64.7023
v 25.9178 11.9343 64.8498
v 28.0248 11.777 63.8029
v 29.4725 11.8143 62.8309
v 31.1307 12.0377 63.1965
v -36.2171 17.2174 74.2951
v -34.514 17.8373 74.4641
v -32.0281 17.828 73.1759
v -28.7182 17.8542 72.1306
v -26.2879 16.4506 70.2225
v -23.1476 15.279 66.3998
v -19.6384 15.2008 64.9413
v -16.5961 16.1163 66.0038
v -16.0016 17.5866 70.4859
v -14.7809 16.9922 69.882
v -13.5897 17.3927 69.9412
v -10.985 16.913 65.2441
v -8.8513 17.309 64.2732
v -5.69922 16.739 62.5875
v -2.89208 15.4822 61.2421
v -0.104821 13.6014 62.7549
v 2.04063 14.1865 64.7984
v 3.93988 15.4301 68.6854
v 5.87718 16.9952 72.9832
v 7.92467 18.5041 74.5063
v 10.3935 18.6981 74.2536
v 13.0199 18.4358 74.2533
v 14.6302 18.442 73.9789
v 15.8378 17.627 72.563
v 17.0833 16.4636 70.1163
v 18.5444 15.6364 69.1047
v 19.401 14.8222 65.2283
v 21.6485 14.3827 63.9777
v 24.9416 14.4913 63.6101
v 27.178 14.322 62.46
v 29.0071 13.9525 61.6028
v 30.9628 14.7962 62.7903
v -35.8209 19.2845 73.1952
v -33.8453 19.7364 72.0595
v -32.0343 19.4432 72.8498
v -28.7231 19.2324 71.7207
v -26.541 18.7684 69.8201
v -22.7128 17.9678 65.1376
v -19.8589 17.8518 63.1142
v -16.9217 18.9237 66.5183
v -15.9837 20.0527 71.8884
v -15.3233 19.0027 74.9535
v -13.7177 19.2605 74.7988
v -11.0066 19.765 73.5386
v -8.93683 19.9367 68.7273
v -6.50047 19.2881 64.7331
v -4.67917 18.7729 62.7109
v -1.8752 17.3785 61.6509
v 2.35302 15.7937 63.3363
v 4.53859 16.2915 64.2699
v 6.73456 18.1402 68.8172
v 8.55498 19.3536 72.506
v 10.0068 20.5874 73.9076
v 12.3091 21.0229 74.2751
v 14.6247 20.476 74.4388
v 16.2286 20.03 73.7149
v 17.1082 19.0747 71.595
v 17.9191 18.2607 67.7762
v 18.5638 17.6751 64.4047
v 21.6459 17.5217 63.4257
v 25.1056 18.0112 62.8941
v 27.4337 17.909 61.8474
v 29.3243 17.3431 61.3851
v 31.6717 18.3675 63.6524
v -35.6146 22.2601 72.4919
v -34.7534 21.8474 72.1381
v -31.7897 21.8425 70.985
v -29.1897 22.0615 71.8434
v -26.8555 21.7771 70.0661
v -22.4729 21.8224 64.2552
v -19.0677 21.2289 63.2062
v -17.3841 21.7754 68.2984
v -16.8258 21.7271 73.2982
v -15.2826 21.1262 74.8945
v -12.8886 20.8564 75.0389
v -11.0293 21.277 75.0627
v -8.72262 22.1281 75.2801
v -7.09184 22.4155 71.9046
v -4.71032 21.8195 66.4253
v -2.13175 20.4953 62.6964
v -0.244867 20.3539 61.6063
v 4.20163 18.7145 62.2103
v 6.7186 18.7288 64.7885
v 8.80783 19.3343 66.7616
v 10.2186 20.5358 71.0309
v 12.2324 21.8396 73.3918
v 14.672 21.9648 73.8903
v 17.1253 21.6022 74.3577
v 18.1474 21.5492 72.3437
v 18.3121 21.4342 69.4869
v 19.541 21.5577 65.5773
v 23.3437 21.3608 65.0194
v 27.343 21.4684 64.8858
v 29.3088 21.9758 64.8666
v 31.1031 20.9103 64.5421
v 33.2227 22.6673 66.6568
v -34.9139 25.0699 71.1492
v -33.7073 24.8125 70.418
v -31.2303 24.3782 70.4655
v -28.161 24.1654 71.241
v -26.2646 24.313 69.8035
v -22.9351 24.7545 66.9933
v -19.5974 24.7251 66.524
v -18.7416 24.823 71.6974
v -17.4818 23.4634 72.6249
v -15.4481 22.9556 74.9466
v -12.8643 22.9124 74.5969
v -10.5925 22.5447 75.4079
v -8.58852 23.2557 74.8973
v -6.63829 24.0763 74.6358
v -4.45164 24.4469 73.2375
v -2.46592 23.4536 67.1732
v 0.00159077 23.02 63.4609
v 2.35662 22.2366 62.1002
v 5.46596 21.4535 62.0613
v 8.5965 20.0855 63.7556
v 10.3664 20.9164 65.7348
v 12.2396 22.0458 69.249
v 14.3893 22.7267 70.412
v 17.1566 22.8657 73.0437
v 19.2285 22.9449 72.3772
v 20.3692 23.7149 71.4637
v 21.8287 23.9717 68.8018
v 24.3637 23.8248 66.7541
v 26.8202 24.2423 65.0458
v 28.8933 24.2719 65.1339
v 31.6854 24.0209 66.8314
v 34.0259 24.1359 68.9406
v -32.4469 25.0511 67.6034
v -30.5611 24.5815 67.0481
v -29.1062 24.4868 66.3615
v -28.1187 25.4288 68.0437
v -26.2902 26.4314 71.2437
v -24.0798 26.8209 71.3194
v -21.9188 26.9848 71.8172
v -19.7512 27.2154 73.257
v -17.7864 25.788 73.3001
v -15.6253 26.0769 74.9708
v -12.5785 25.6811 74.5288
v -10.3455 25.4039 74.6339
v -7.99432 25.0758 74.7972
v -5.24576 25.8096 74.6215
v -3.89371 26.7377 75.1123
v -2.09698 27.5083 74.0452
v 0.0115607 25.9601 67.279
v 2.0657 25.7679 64.7413
v 3.84047 24.0752 62.1841
v 7.32296 23.1482 61.9127
v 9.07897 22.2036 61.5775
v 11.5529 21.9897 63.5526
v 14.0625 22.5672 65.8968
v 15.895 23.0742 67.4906
v 18.4261 25.0718 70.8712
v 20.8521 26.0647 72.869
v 23.3705 26.174 72.0042
v 25.1545 26.752 69.3086
v 28.4506 27.0215 69.7732
v 30.6898 27.0267 70.4733
v 33.2565 26.205 71.2728
v 34.7701 25.9834 70.3392
v -32.4816 25.4629 67.1747
v -29.2377 23.8215 63.9014
v -26.9432 25.1969 62.1587
v -25.0712 26.5283 63.0413
v -25.7778 29.0712 70.8321
v -24.8479 28.9693 73.548
v -22.9912 29.0737 74.4019
v -20.3136 29.8874 74.4701
v -17.4998 29.5873 74.5095
v -15.0665 29.8061 74.4926
v -12.6629 29.2567 74.8182
v -10.0694 28.6256 74.5419
v -7.63804 28.5408 74.554
v -5.01232 28.1577 74.8624
v -2.81459 28.2117 75.1592
v -1.05185 28.792 74.8153
v 0.97698 29.557 74.9461
v 2.99298 30.0609 72.8459
v 4.27768 27.5378 65.5003
v 5.90533 27.265 63.9185
v 7.89437 25.8714 62.9163
v 9.68388 24.5019 61.3777
v 13.5224 23.376 63.0571
v 16.3325 24.4859 64.6142
v 18.983 25.7981 66.967
v 21.4535 27.8233 69.8616
v 23.989 28.6327 72.6273
v 26.3601 29.4793 72.9915
v 28.9896 29.6849 72.033
v 32.2217 29.5938 74.0488
v 34.3914 28.5066 73.5822
v 36.6243 29.1112 74.1167
v -35.1884 29.1798 71.0626
v -33.151 28.6025 67.6796
v -28.1648 30.2591 64.8462
v -27.1097 29.9392 69.6754
v -27.1562 31.1971 72.791
v -25.4931 31.3776 74.6014
v -23.8563 32.4092 75.3707
v -21.0624 33.0686 75.0283
v -17.7972 33.2977 74.4865
v -15.1628 33.4209 74.673
v -12.8979 32.7288 74.7576
v -10.4339 32.5565 74.9501
v -7.55212 32.1892 74.7379
v -4.95814 31.9153 74.7292
v -2.46297 31.9046 75.0483
v -0.364526 31.7346 74.9363
v 2.03791 31.4693 74.7713
v 4.01024 31.6174 75.1548
v 5.80879 32.3646 74.3595
v 7.74586 32.0441 69.9685
v 8.46114 29.36 64.8989
v 9.63459 28.706 63.4361
v 11.5715 26.9188 61.253
v 16.4101 25.9114 62.8647
v 18.8227 26.5581 63.8695
v 21.7953 28.1996 65.1261
v 24.3553 30.1594 70.5872
v 26.7755 31.5869 74.5018
v 29.1285 31.7303 74.2518
v 31.5706 31.7171 74.6132
v 34.2252 31.4393 74.4609
v 36.6268 31.5982 74.693
v -35.4062 31.5979 72.5053
v -35.4723 33.4652 73.5721
v -32.3338 34.5815 73.9008
v -30.4451 34.6613 75.3219
v -28.727 34.4443 75.1573
v -26.1803 34.9023 75.024
v -24.12 35.6314 74.8868
v -21.6528 35.4818 75.1504
v -18.3813 35.4922 74.7909
v -15.6683 35.657 74.848
v -13.3847 35.8754 74.7769
v -11.0547 35.9598 74.8794
v -7.88413 35.962 74.787
v -5.05125 35.6061 74.556
v -2.56261 35.4962 74.5647
v -0.193207 35.1277 74.6614
v 2.41093 34.9601 74.4867
v 5.74615 34.4696 74.1517
v 7.74331 35.1294 74.9161
v 9.14035 34.5193 73.9636
v 9.96901 33.4043 70.7699
v 10.6031 31.2732 64.5165
v 11.7869 29.5784 61.9158
v 14.8707 28.3006 60.2692
v 19.3331 28.5342 62.7522
v 21.8718 29.6328 63.7941
v 23.9624 31.985 68.0492
v 26.7206 34.5135 72.9667
v 28.594 35.1797 74.192
v 31.3018 35.4179 74.3859
v 35.368 35.5306 74.3525
v 36.3728 34.8171 74.6247
v -35.9327 34.5637 73.8806
v -35.3914 35.5089 74.8712
v -33.2933 35.9957 74.8425
v -31.4954 36.2864 74.901
v -29.1069 37.1131 75.273
v -26.3351 36.6965 74.6229
v -23.8489 36.1896 74.5127
v -21.5827 36.042 74.4813
v -18.7786 35.9317 74.0626
v -16.0445 36.5261 74.448
v -13.5374 36.7669 74.7696
v -11.0915 36.6855 74.774
v -8.2893 36.5034 74.6644
v -5.46089 36.6678 74.7511
v -2.80133 36.5073 74.5978
v -0.163927 36.3735 74.6708
v 2.74725 36.5807 74.7925
v 5.36847 36.6705 74.6624
v 8.16344 36.6395 74.3562
v 10.257 36.9693 75.0881
v 10.8695 36.1599 73.6796
v 10.9068 33.3395 67.3217
v 12.1813 32.2198 65.2499
v 14.5583 30.6631 61.9496
v 18.4229 30.5819 62.1603
v 21.4841 31.1448 63.9201
v 22.1099 31.778 65.5979
v 25.3843 34.9897 71.2816
v 28.558 36.0971 73.7193
v 31.6532 36.5353 74.5469
v 34.2895 36.4195 74.258
v 36.2 36.4065 74.5995
vt 0.182652 -0.000218549
vt 0.236014 0.0106859
vt 0.22612 0.0150327
vt 0.182053 0.00966058
vt 0.182652 -0.000218549
vt 0.22612 0.0150327
vt 0.480106 0.00231587
vt 0.516327 0.00696723
vt 0.517731 0.0213672
vt 0.488455 0.0166992
vt 0.480106 0.00231587
vt 0.517731 0.0213672
vt 0.464234 0.00934357
vt 0.480106 0.00231587
vt 0.46121 0.0199584
vt 0.480106 0.00231587
vt 0.488455 0.0166992
vt 0.46121 0.0199584
vt 0.504614 0.0538153
vt 0.488455 0.0166992
vt 0.517731 0.0213672
vt 0.529096 0.0538685
vt 0.504614 0.0538153
vt 0.517731 0.0213672
vt 0.199656 0.0262479
vt 0.258045 0.0189911
vt 0.249367 0.046536
vt 0.258045 0.0189911
vt 0.199656 0.0262479
vt 0.22612 0.0150327
vt 0.199656 0.0262479
vt 0.182053 0.00966058
vt 0.22612 0.0150327
vt 0.199656 0.0262479
vt 0.147201 0.0159713
vt 0.182053 0.00966058
vt 0.236014 0.0106859
vt 0.264585 0.00588021
vt 0.22612 0.0150327
vt 0.264585 0.00588021
vt 0.258045 0.0189911
vt 0.22612 0.0150327
vt 0.392513 0.261329
vt 0.41408 0.289985
vt 0.387299 0.28847
vt 0.41408 0.289985
vt 0.392513 0.261329
vt 0.408638 0.26436
vt 0.0116749 0.935802
vt 0.0178561 0.954863
vt 0.013639 0.967831
vt 0.0178561 0.954863
vt 0.0273028 0.974266
vt 0.013639 0.967831
vt 0.109382 0.407619
vt 0.15188 0.462867
vt 0.108582 0.456171
vt 0.15188 0.462867
vt 0.109382 0.407619
vt 0.149346 0.410555
vt 0.00937593 0.498061
vt 0.0128856 0.478211
vt 0.0264561 0.496954
vt 0.0128856 0.478211
vt 0.0336265 0.481776
vt 0.0264561 0.496954
vt 0.0128856 0.478211
vt 0.0111636 0.462091
vt 0.0373692 0.469134
vt 0.0336265 0.481776
vt 0.0128856 0.478211
vt 0.0373692 0.469134
vt 0.00599952 0.200521
vt 0.00339597 0.171934
vt 0.027219 0.204276
vt 0.00339597 0.171934
vt 0.0286163 0.175133
vt 0.027219 0.204276
vt 0.00535285 0.0889968
vt 0.000466158 0.0422022
vt 0.0174676 0.0521805
vt 0.0235469 0.0957707
vt 0.00535285 0.0889968
vt 0.0174676 0.0521805
vt 0.00339597 0.171934
vt 0.0251589 0.143933
vt 0.0286163 0.175133
vt 0.0251589 0.143933
vt 0.00339597 0.171934
vt 0.00522034 0.139375
vt 0.0251589 0.143933
vt 0.00535285 0.0889968
vt 0.0235469 0.0957707
vt 0.00535285 0.0889968
vt 0.0251589 0.143933
vt 0.00522034 0.139375
vt 0.968212 0.0225897
vt 0.955415 0.00974962
vt 0.986276 0.0100193
vt 0.993676 0.028362
vt 0.968212 0.0225897
vt 0.986276 0.0100193
vt 0.997573 0.788559
vt 0.970874 0.726491
vt 0.993114 0.735644
vt 0.970874 0.726491
vt 0.997573 0.788559
vt 0.977711 0.78253
vt 0.317569 0.360452
vt 0.258378 0.385715
vt 0.252976 0.342468
vt 0.258378 0.385715
vt 0.317569 0.360452
vt 0.316106 0.39452
vt 0.324988 0.233421
vt 0.346147 0.209529
vt 0.344527 0.241732
vt 0.346147 0.209529
vt 0.324988 0.233421
vt 0.323937 0.194564
vt 0.199656 0.0262479
vt 0.176383 0.0319585
vt 0.147201 0.0159713
vt 0.147201 0.0159713
vt 0.176383 0.0319585
vt 0.151124 0.0505872
vt 0.311357 0.267208
vt 0.24368 0.220292
vt 0.324988 0.233421
vt 0.24368 0.220292
vt 0.311357 0.267208
vt 0.229766 0.254982
vt 0.324988 0.233421
vt 0.24368 0.220292
vt 0.323937 0.194564
vt 0.24368 0.220292
vt 0.240268 0.179312
vt 0.323937 0.194564
vt 0.640865 0.972013
vt 0.647524 0.990772
vt 0.636599 0.992346
vt 0.640865 0.972013
vt 0.636599 0.992346
vt 0.623579 0.966706
vt 0.609788 0.992757
vt 0.60336 0.968916
vt 0.636599 0.992346
vt 0.636599 0.992346
vt 0.60336 0.968916
vt 0.623579 0.966706
vt 0.497607 0.671156
vt 0.517915 0.645567
vt 0.535469 0.678135
vt 0.517915 0.645567
vt 0.497607 0.671156
vt 0.486554 0.64039
vt 0.545826 0.691865
vt 0.497607 0.671156
vt 0.535469 0.678135
vt 0.497607 0.671156
vt 0.545826 0.691865
vt 0.51749 0.693385
vt 0.0700539 0.459459
vt 0.0336265 0.481776
vt 0.0373692 0.469134
vt 0.0336265 0.481776
vt 0.0700539 0.459459
vt 0.0650304 0.483686
vt 0.109581 0.365666
vt 0.0923897 0.411082
vt 0.102049 0.377517
vt 0.0923897 0.411082
vt 0.109581 0.365666
vt 0.109382 0.407619
vt 0.0941652 0.387836
vt 0.0923897 0.411082
vt 0.0880531 0.418007
vt 0.0923897 0.411082
vt 0.0941652 0.387836
vt 0.102049 0.377517
vt 0.981904 0.823979
vt 0.997573 0.788559
vt 0.998415 0.84006
vt 0.997573 0.788559
vt 0.981904 0.823979
vt 0.977711 0.78253
vt 0.993554 0.850097
vt 0.981904 0.823979
vt 0.998415 0.84006
vt 0.981904 0.823979
vt 0.993554 0.850097
vt 0.974109 0.859425
vt 0.966609 0.867671
vt 0.993554 0.850097
vt 0.994321 0.869402
vt 0.993554 0.850097
vt 0.966609 0.867671
vt 0.974109 0.859425
vt 0.160333 0.304002
vt 0.221887 0.286049
vt 0.23919 0.312945
vt 0.221887 0.286049
vt 0.160333 0.304002
vt 0.159408 0.281377
vt 0.0618306 0.0922472
vt 0.0251589 0.143933
vt 0.0235469 0.0957707
vt 0.0251589 0.143933
vt 0.0618306 0.0922472
vt 0.0609977 0.137087
vt 0.0618306 0.0922472
vt 0.0235469 0.0957707
vt 0.0174676 0.0521805
vt 0.0624548 0.0563643
vt 0.0618306 0.0922472
vt 0.0174676 0.0521805
vt 0.0618306 0.0922472
vt 0.110609 0.0552378
vt 0.115906 0.0936294
vt 0.110609 0.0552378
vt 0.0618306 0.0922472
vt 0.0624548 0.0563643
vt 0.109664 0.131952
vt 0.0618306 0.0922472
vt 0.115906 0.0936294
vt 0.0618306 0.0922472
vt 0.109664 0.131952
vt 0.0609977 0.137087
vt 0.109664 0.131952
vt 0.125366 0.0902252
vt 0.119608 0.124014
vt 0.125366 0.0902252
vt 0.109664 0.131952
vt 0.115906 0.0936294
vt 0.0251589 0.143933
vt 0.0633007 0.170468
vt 0.0286163 0.175133
vt 0.0633007 0.170468
vt 0.0251589 0.143933
vt 0.0609977 0.137087
vt 0.109664 0.131952
vt 0.0633007 0.170468
vt 0.0609977 0.137087
vt 0.0633007 0.170468
vt 0.109664 0.131952
vt 0.105358 0.16502
vt 0.115288 0.158639
vt 0.109664 0.131952
vt 0.119608 0.124014
vt 0.109664 0.131952
vt 0.115288 0.158639
vt 0.105358 0.16502
vt 0.0217424 0.234811
vt 0.00785802 0.233122
vt 0.00599952 0.200521
vt 0.0217424 0.234811
vt 0.00599952 0.200521
vt 0.027219 0.204276
vt 0.00785802 0.233122
vt 0.0217424 0.234811
vt 0.00671834 0.259842
vt 0.0217424 0.234811
vt 0.0207524 0.262059
vt 0.00671834 0.259842
vt 0.476063 0.0609118
vt 0.507118 0.103854
vt 0.469287 0.119663
vt 0.507118 0.103854
vt 0.476063 0.0609118
vt 0.504614 0.0538153
vt 0.488455 0.0166992
vt 0.476063 0.0609118
vt 0.46121 0.0199584
vt 0.504614 0.0538153
vt 0.476063 0.0609118
vt 0.488455 0.0166992
vt 0.443282 0.0217755
vt 0.452269 0.00995953
vt 0.464234 0.00934357
vt 0.443282 0.0217755
vt 0.464234 0.00934357
vt 0.46121 0.0199584
vt 0.476063 0.0609118
vt 0.443282 0.0217755
vt 0.46121 0.0199584
vt 0.443282 0.0217755
vt 0.476063 0.0609118
vt 0.435138 0.0663505
vt 0.127769 0.0426895
vt 0.147201 0.0159713
vt 0.151124 0.0505872
vt 0.126322 0.064025
vt 0.127769 0.0426895
vt 0.151124 0.0505872
vt 0.121859 0.114473
vt 0.115288 0.158639
vt 0.119608 0.124014
vt 0.115288 0.158639
vt 0.121859 0.114473
vt 0.122296 0.15081
vt 0.937301 0.0172067
vt 0.92417 0.00715146
vt 0.955415 0.00974962
vt 0.968212 0.0225897
vt 0.937301 0.0172067
vt 0.955415 0.00974962
vt 0.930717 0.0790538
vt 0.96071 0.0598004
vt 0.964786 0.0813749
vt 0.96071 0.0598004
vt 0.930717 0.0790538
vt 0.92509 0.0566379
vt 0.96071 0.0598004
vt 0.937301 0.0172067
vt 0.968212 0.0225897
vt 0.937301 0.0172067
vt 0.96071 0.0598004
vt 0.92509 0.0566379
vt 0.96071 0.0598004
vt 0.993676 0.028362
vt 0.9887 0.0547131
vt 0.96071 0.0598004
vt 0.968212 0.0225897
vt 0.993676 0.028362
vt 0.478122 0.422943
vt 0.452399 0.398848
vt 0.472927 0.401732
vt 0.452399 0.398848
vt 0.478122 0.422943
vt 0.446915 0.425874
vt 0.798989 0.219401
vt 0.783552 0.194208
vt 0.800374 0.190969
vt 0.783552 0.194208
vt 0.798989 0.219401
vt 0.786741 0.222257
vt 0.783552 0.194208
vt 0.751405 0.221817
vt 0.752558 0.192701
vt 0.751405 0.221817
vt 0.783552 0.194208
vt 0.786741 0.222257
vt 0.126236 0.146194
vt 0.127974 0.187343
vt 0.106118 0.20058
vt 0.122296 0.15081
vt 0.126236 0.146194
vt 0.106118 0.20058
vt 0.126236 0.146194
vt 0.17294 0.147472
vt 0.171666 0.184896
vt 0.127974 0.187343
vt 0.126236 0.146194
vt 0.171666 0.184896
vt 0.195073 0.421677
vt 0.15188 0.462867
vt 0.149346 0.410555
vt 0.15188 0.462867
vt 0.195073 0.421677
vt 0.215047 0.470493
vt 0.176383 0.0319585
vt 0.221936 0.0935098
vt 0.151124 0.0505872
vt 0.221936 0.0935098
vt 0.173379 0.0962788
vt 0.151124 0.0505872
vt 0.337873 0.135353
vt 0.248615 0.065681
vt 0.336392 0.100472
vt 0.248615 0.065681
vt 0.337873 0.135353
vt 0.295655 0.118463
vt 0.248615 0.065681
vt 0.221936 0.0935098
vt 0.176383 0.0319585
vt 0.221936 0.0935098
vt 0.248615 0.065681
vt 0.295655 0.118463
vt 0.248615 0.065681
vt 0.199656 0.0262479
vt 0.249367 0.046536
vt 0.248615 0.065681
vt 0.176383 0.0319585
vt 0.199656 0.0262479
vt 0.162784 0.249793
vt 0.221887 0.286049
vt 0.159408 0.281377
vt 0.221887 0.286049
vt 0.162784 0.249793
vt 0.229766 0.254982
vt 0.41408 0.289985
vt 0.386151 0.310555
vt 0.387299 0.28847
vt 0.428243 0.310369
vt 0.386151 0.310555
vt 0.41408 0.289985
vt 0.625474 0.911204
vt 0.657775 0.899199
vt 0.630374 0.952396
vt 0.630374 0.952396
vt 0.657775 0.899199
vt 0.651879 0.952518
vt 0.75277 0.878955
vt 0.688913 0.939469
vt 0.714448 0.870712
vt 0.688913 0.939469
vt 0.75277 0.878955
vt 0.761038 0.912176
vt 0.688913 0.939469
vt 0.657775 0.899199
vt 0.714448 0.870712
vt 0.657775 0.899199
vt 0.688913 0.939469
vt 0.651879 0.952518
vt 0.688913 0.939469
vt 0.664347 0.984732
vt 0.651879 0.952518
vt 0.664347 0.984732
vt 0.688913 0.939469
vt 0.690369 0.97772
vt 0.664347 0.984732
vt 0.686687 0.993791
vt 0.66201 0.995227
vt 0.686687 0.993791
vt 0.664347 0.984732
vt 0.690369 0.97772
vt 0.647524 0.990772
vt 0.664347 0.984732
vt 0.66201 0.995227
vt 0.640865 0.972013
vt 0.664347 0.984732
vt 0.647524 0.990772
vt 0.664347 0.984732
vt 0.630374 0.952396
vt 0.651879 0.952518
vt 0.664347 0.984732
vt 0.640865 0.972013
vt 0.630374 0.952396
vt 0.498669 0.540866
vt 0.525384 0.505314
vt 0.526139 0.536993
vt 0.525384 0.505314
vt 0.498669 0.540866
vt 0.512045 0.511984
vt 0.497607 0.671156
vt 0.462385 0.642123
vt 0.486554 0.64039
vt 0.462385 0.642123
vt 0.497607 0.671156
vt 0.476043 0.668117
vt 0.462385 0.642123
vt 0.450288 0.643537
vt 0.440987 0.62211
vt 0.455057 0.616886
vt 0.462385 0.642123
vt 0.440987 0.62211
vt 0.462385 0.642123
vt 0.465299 0.66563
vt 0.450288 0.643537
vt 0.465299 0.66563
vt 0.462385 0.642123
vt 0.476043 0.668117
vt 0.455057 0.616886
vt 0.455963 0.58943
vt 0.469062 0.584957
vt 0.455963 0.58943
vt 0.455057 0.616886
vt 0.440987 0.62211
vt 0.423285 0.615493
vt 0.455963 0.58943
vt 0.440987 0.62211
vt 0.417371 0.583849
vt 0.455963 0.58943
vt 0.423285 0.615493
vt 0.785685 0.256028
vt 0.751405 0.221817
vt 0.786741 0.222257
vt 0.751405 0.221817
vt 0.785685 0.256028
vt 0.747439 0.254267
vt 0.497412 0.970493
vt 0.536732 0.989096
vt 0.497805 0.987118
vt 0.532367 0.969347
vt 0.536732 0.989096
vt 0.497412 0.970493
vt 0.495136 0.923487
vt 0.532367 0.969347
vt 0.497412 0.970493
vt 0.532367 0.969347
vt 0.495136 0.923487
vt 0.527255 0.920874
vt 0.513036 0.894377
vt 0.541087 0.912665
vt 0.55336 0.920697
vt 0.527255 0.920874
vt 0.513036 0.894377
vt 0.55336 0.920697
vt 0.531907 0.898013
vt 0.513036 0.894377
vt 0.500172 0.885857
vt 0.513036 0.894377
vt 0.531907 0.898013
vt 0.541087 0.912665
vt 0.495136 0.923487
vt 0.513036 0.894377
vt 0.527255 0.920874
vt 0.513036 0.894377
vt 0.495136 0.923487
vt 0.485941 0.884841
vt 0.513036 0.894377
vt 0.47168 0.871507
vt 0.500172 0.885857
vt 0.47168 0.871507
vt 0.513036 0.894377
vt 0.485941 0.884841
vt 0.47168 0.871507
vt 0.485941 0.884841
vt 0.462552 0.875359
vt 0.448162 0.85597
vt 0.47168 0.871507
vt 0.462552 0.875359
vt 0.577492 0.964852
vt 0.527255 0.920874
vt 0.55336 0.920697
vt 0.577492 0.964852
vt 0.532367 0.969347
vt 0.527255 0.920874
vt 0.577492 0.964852
vt 0.536732 0.989096
vt 0.532367 0.969347
vt 0.536732 0.989096
vt 0.577492 0.964852
vt 0.571903 0.991151
vt 0.577492 0.964852
vt 0.609788 0.992757
vt 0.571903 0.991151
vt 0.577492 0.964852
vt 0.60336 0.968916
vt 0.609788 0.992757
vt 0.5971 0.584096
vt 0.55944 0.609905
vt 0.555272 0.58082
vt 0.55944 0.609905
vt 0.5971 0.584096
vt 0.598253 0.618677
vt 0.465999 0.826898
vt 0.425385 0.799357
vt 0.469584 0.781886
vt 0.425385 0.799357
vt 0.465999 0.826898
vt 0.429088 0.828483
vt 0.362286 0.769303
vt 0.437761 0.696798
vt 0.40894 0.767449
vt 0.362286 0.769303
vt 0.370664 0.712413
vt 0.437761 0.696798
vt 0.496025 0.830387
vt 0.537151 0.749363
vt 0.567539 0.800826
vt 0.567539 0.800826
vt 0.537151 0.749363
vt 0.570618 0.753485
vt 0.465999 0.826898
vt 0.537151 0.749363
vt 0.496025 0.830387
vt 0.537151 0.749363
vt 0.465999 0.826898
vt 0.469584 0.781886
vt 0.537151 0.749363
vt 0.557361 0.724649
vt 0.570618 0.753485
vt 0.557361 0.724649
vt 0.537151 0.749363
vt 0.531492 0.718932
vt 0.557361 0.724649
vt 0.531492 0.718932
vt 0.51749 0.693385
vt 0.545826 0.691865
vt 0.557361 0.724649
vt 0.51749 0.693385
vt 0.0867556 0.873713
vt 0.0665414 0.905364
vt 0.0613995 0.868991
vt 0.0665414 0.905364
vt 0.0867556 0.873713
vt 0.102305 0.920809
vt 0.00482563 0.91062
vt 0.0178561 0.954863
vt 0.0116749 0.935802
vt 0.00482563 0.91062
vt 0.010178 0.922616
vt 0.0178561 0.954863
vt 0.00793278 0.430164
vt 0.0271746 0.429819
vt 0.0111636 0.462091
vt 0.0111636 0.462091
vt 0.0271746 0.429819
vt 0.0373692 0.469134
vt 0.967387 0.887412
vt 0.994143 0.892774
vt 0.990364 0.923041
vt 0.967387 0.887412
vt 0.990364 0.923041
vt 0.95964 0.922226
vt 0.994143 0.892774
vt 0.967387 0.887412
vt 0.994321 0.869402
vt 0.967387 0.887412
vt 0.966609 0.867671
vt 0.994321 0.869402
vt 0.967387 0.887412
vt 0.935481 0.883503
vt 0.966609 0.867671
vt 0.935481 0.883503
vt 0.967387 0.887412
vt 0.935141 0.899652
vt 0.966609 0.867671
vt 0.935481 0.883503
vt 0.974109 0.859425
vt 0.974109 0.859425
vt 0.935481 0.883503
vt 0.943598 0.872646
vt 0.923123 0.925087
vt 0.967387 0.887412
vt 0.95964 0.922226
vt 0.967387 0.887412
vt 0.923123 0.925087
vt 0.935141 0.899652
vt 0.902448 0.912102
vt 0.935481 0.883503
vt 0.935141 0.899652
vt 0.935481 0.883503
vt 0.902448 0.912102
vt 0.907759 0.887277
vt 0.923123 0.925087
vt 0.902448 0.912102
vt 0.935141 0.899652
vt 0.902448 0.912102
vt 0.923123 0.925087
vt 0.892293 0.927333
vt 0.110609 0.0552378
vt 0.124321 0.0539025
vt 0.115906 0.0936294
vt 0.124321 0.0539025
vt 0.125366 0.0902252
vt 0.115906 0.0936294
vt 0.0286163 0.175133
vt 0.0588626 0.194065
vt 0.027219 0.204276
vt 0.0633007 0.170468
vt 0.0588626 0.194065
vt 0.0286163 0.175133
vt 0.0588626 0.194065
vt 0.0633007 0.170468
vt 0.105358 0.16502
vt 0.0588626 0.194065
vt 0.105358 0.16502
vt 0.104406 0.200839
vt 0.0207524 0.262059
vt 0.00923164 0.289869
vt 0.00671834 0.259842
vt 0.0257913 0.291082
vt 0.00923164 0.289869
vt 0.0207524 0.262059
vt 0.0211121 0.32145
vt 0.0673361 0.322704
vt 0.0725182 0.352445
vt 0.025259 0.351567
vt 0.0211121 0.32145
vt 0.0725182 0.352445
vt 0.0211121 0.32145
vt 0.00874393 0.352437
vt 0.0130097 0.31802
vt 0.00874393 0.352437
vt 0.0211121 0.32145
vt 0.025259 0.351567
vt 0.0211121 0.32145
vt 0.00923164 0.289869
vt 0.0257913 0.291082
vt 0.00923164 0.289869
vt 0.0211121 0.32145
vt 0.0130097 0.31802
vt 0.00363606 0.0237268
vt 0.0160498 0.0197233
vt 0.000466158 0.0422022
vt 0.000466158 0.0422022
vt 0.0160498 0.0197233
vt 0.0174676 0.0521805
vt 0.0160498 0.0197233
vt 0.00363606 0.0237268
vt 0.00805438 0.0116411
vt 0.0298071 0.00802495
vt 0.0160498 0.0197233
vt 0.00805438 0.0116411
vt 0.414599 0.00611045
vt 0.409117 0.0319052
vt 0.371337 0.0107725
vt 0.409117 0.0319052
vt 0.368602 0.0430338
vt 0.371337 0.0107725
vt 0.409117 0.0319052
vt 0.443282 0.0217755
vt 0.435138 0.0663505
vt 0.409117 0.0319052
vt 0.435138 0.0663505
vt 0.388728 0.0845425
vt 0.452269 0.00995953
vt 0.409117 0.0319052
vt 0.414599 0.00611045
vt 0.443282 0.0217755
vt 0.409117 0.0319052
vt 0.452269 0.00995953
vt 0.248615 0.065681
vt 0.32407 0.0700628
vt 0.336392 0.100472
vt 0.32407 0.0700628
vt 0.248615 0.065681
vt 0.249367 0.046536
vt 0.258045 0.0189911
vt 0.32407 0.0700628
vt 0.249367 0.046536
vt 0.325094 0.0293383
vt 0.32407 0.0700628
vt 0.258045 0.0189911
vt 0.368602 0.0430338
vt 0.319617 0.00753281
vt 0.371337 0.0107725
vt 0.325094 0.0293383
vt 0.319617 0.00753281
vt 0.368602 0.0430338
vt 0.264585 0.00588021
vt 0.319617 0.00753281
vt 0.258045 0.0189911
vt 0.319617 0.00753281
vt 0.325094 0.0293383
vt 0.258045 0.0189911
vt 0.548685 0.00789301
vt 0.545101 0.0231126
vt 0.516327 0.00696723
vt 0.516327 0.00696723
vt 0.545101 0.0231126
vt 0.517731 0.0213672
vt 0.545101 0.0231126
vt 0.529096 0.0538685
vt 0.517731 0.0213672
vt 0.545101 0.0231126
vt 0.542087 0.0554168
vt 0.529096 0.0538685
vt 0.146991 0.0134659
vt 0.1465 0.013984
vt 0.15495 0.0132095
vt 0.146991 0.0134659
vt 0.137541 0.0208552
vt 0.1465 0.013984
vt 0.182652 -0.000218549
vt 0.146991 0.0134659
vt 0.15495 0.0132095
vt 0.146991 0.0134659
vt 0.182652 -0.000218549
vt 0.182053 0.00966058
vt 0.137541 0.0208552
vt 0.146991 0.0134659
vt 0.131286 0.0468841
vt 0.146991 0.0134659
vt 0.127769 0.0426895
vt 0.131286 0.0468841
vt 0.147201 0.0159713
vt 0.146991 0.0134659
vt 0.182053 0.00966058
vt 0.127769 0.0426895
vt 0.146991 0.0134659
vt 0.147201 0.0159713
vt 0.124321 0.0539025
vt 0.118219 0.0720061
vt 0.125366 0.0902252
vt 0.118219 0.0720061
vt 0.124321 0.0539025
vt 0.131286 0.0468841
vt 0.118219 0.0720061
vt 0.127769 0.0426895
vt 0.126322 0.064025
vt 0.127769 0.0426895
vt 0.118219 0.0720061
vt 0.131286 0.0468841
vt 0.125366 0.0902252
vt 0.118219 0.0720061
vt 0.119608 0.124014
vt 0.118219 0.0720061
vt 0.121859 0.114473
vt 0.119608 0.124014
vt 0.930717 0.0790538
vt 0.894789 0.0506795
vt 0.92509 0.0566379
vt 0.887992 0.0820847
vt 0.894789 0.0506795
vt 0.930717 0.0790538
vt 0.862779 0.0250398
vt 0.871221 0.0117312
vt 0.877467 0.0366105
vt 0.871221 0.0117312
vt 0.862779 0.0250398
vt 0.85195 0.0143583
vt 0.640078 0.28287
vt 0.639465 0.249003
vt 0.671751 0.250013
vt 0.640078 0.28287
vt 0.671751 0.250013
vt 0.674381 0.284261
vt 0.478122 0.422943
vt 0.520113 0.419799
vt 0.502321 0.448757
vt 0.502321 0.448757
vt 0.520113 0.419799
vt 0.520215 0.45214
vt 0.520113 0.419799
vt 0.478122 0.422943
vt 0.472927 0.401732
vt 0.520113 0.419799
vt 0.472927 0.401732
vt 0.507307 0.392389
vt 0.94582 0.577145
vt 0.969003 0.624307
vt 0.950086 0.612327
vt 0.969003 0.624307
vt 0.94582 0.577145
vt 0.967704 0.595353
vt 0.970874 0.726491
vt 0.992601 0.690481
vt 0.993114 0.735644
vt 0.969077 0.688034
vt 0.992601 0.690481
vt 0.970874 0.726491
vt 0.988089 0.62865
vt 0.969003 0.624307
vt 0.967704 0.595353
vt 0.988899 0.612075
vt 0.988089 0.62865
vt 0.967704 0.595353
vt 0.977147 0.654647
vt 0.992601 0.690481
vt 0.969077 0.688034
vt 0.992601 0.690481
vt 0.977147 0.654647
vt 0.993886 0.662498
vt 0.988089 0.62865
vt 0.977147 0.654647
vt 0.969003 0.624307
vt 0.977147 0.654647
vt 0.988089 0.62865
vt 0.993886 0.662498
vt 0.969003 0.624307
vt 0.977147 0.654647
vt 0.950086 0.612327
vt 0.950086 0.612327
vt 0.977147 0.654647
vt 0.938976 0.656371
vt 0.919589 0.453188
vt 0.900244 0.425512
vt 0.905449 0.431475
vt 0.919589 0.453188
vt 0.897583 0.459535
vt 0.900244 0.425512
vt 0.816023 0.187448
vt 0.806834 0.163325
vt 0.826794 0.162559
vt 0.806834 0.163325
vt 0.816023 0.187448
vt 0.800374 0.190969
vt 0.715141 0.188998
vt 0.752246 0.161562
vt 0.752558 0.192701
vt 0.752246 0.161562
vt 0.715141 0.188998
vt 0.715143 0.15719
vt 0.118219 0.0720061
vt 0.133773 0.104393
vt 0.121859 0.114473
vt 0.133773 0.104393
vt 0.118219 0.0720061
vt 0.126322 0.064025
vt 0.133773 0.104393
vt 0.126322 0.064025
vt 0.151124 0.0505872
vt 0.173379 0.0962788
vt 0.133773 0.104393
vt 0.151124 0.0505872
vt 0.121859 0.114473
vt 0.133773 0.104393
vt 0.122296 0.15081
vt 0.133773 0.104393
vt 0.126236 0.146194
vt 0.122296 0.15081
vt 0.126236 0.146194
vt 0.133773 0.104393
vt 0.17294 0.147472
vt 0.17294 0.147472
vt 0.133773 0.104393
vt 0.173379 0.0962788
vt 0.353326 0.504745
vt 0.346023 0.466263
vt 0.374425 0.462683
vt 0.383288 0.495483
vt 0.353326 0.504745
vt 0.374425 0.462683
vt 0.347453 0.274301
vt 0.311357 0.267208
vt 0.324988 0.233421
vt 0.347453 0.274301
vt 0.324988 0.233421
vt 0.344527 0.241732
vt 0.445991 0.191718
vt 0.422408 0.229423
vt 0.427257 0.200915
vt 0.422408 0.229423
vt 0.445991 0.191718
vt 0.439598 0.226774
vt 0.343305 0.171759
vt 0.346147 0.209529
vt 0.323937 0.194564
vt 0.322203 0.157405
vt 0.343305 0.171759
vt 0.323937 0.194564
vt 0.337873 0.135353
vt 0.343305 0.171759
vt 0.295655 0.118463
vt 0.343305 0.171759
vt 0.322203 0.157405
vt 0.295655 0.118463
vt 0.375081 0.176448
vt 0.343305 0.171759
vt 0.367825 0.143891
vt 0.343305 0.171759
vt 0.337873 0.135353
vt 0.367825 0.143891
vt 0.240268 0.179312
vt 0.241295 0.148885
vt 0.323937 0.194564
vt 0.241295 0.148885
vt 0.322203 0.157405
vt 0.323937 0.194564
vt 0.17294 0.147472
vt 0.241295 0.148885
vt 0.171666 0.184896
vt 0.241295 0.148885
vt 0.240268 0.179312
vt 0.171666 0.184896
vt 0.322203 0.157405
vt 0.241295 0.148885
vt 0.295655 0.118463
vt 0.241295 0.148885
vt 0.221936 0.0935098
vt 0.295655 0.118463
vt 0.221936 0.0935098
vt 0.241295 0.148885
vt 0.173379 0.0962788
vt 0.241295 0.148885
vt 0.17294 0.147472
vt 0.173379 0.0962788
vt 0.24368 0.220292
vt 0.168368 0.221272
vt 0.240268 0.179312
vt 0.240268 0.179312
vt 0.168368 0.221272
vt 0.171666 0.184896
vt 0.168368 0.221272
vt 0.127974 0.187343
vt 0.171666 0.184896
vt 0.127974 0.187343
vt 0.168368 0.221272
vt 0.138042 0.211701
vt 0.168368 0.221272
vt 0.24368 0.220292
vt 0.229766 0.254982
vt 0.162784 0.249793
vt 0.168368 0.221272
vt 0.229766 0.254982
vt 0.577492 0.964852
vt 0.578118 0.935244
vt 0.60336 0.968916
vt 0.578118 0.935244
vt 0.577492 0.964852
vt 0.55336 0.920697
vt 0.755646 0.639612
vt 0.745903 0.614262
vt 0.76968 0.609446
vt 0.745903 0.614262
vt 0.755646 0.639612
vt 0.73665 0.644483
vt 0.759995 0.853765
vt 0.807085 0.898263
vt 0.783469 0.885236
vt 0.807085 0.898263
vt 0.759995 0.853765
vt 0.786158 0.857693
vt 0.824571 0.863507
vt 0.807085 0.898263
vt 0.786158 0.857693
vt 0.807085 0.898263
vt 0.824571 0.863507
vt 0.830303 0.894242
vt 0.796378 0.991984
vt 0.808087 0.954712
vt 0.842849 0.964507
vt 0.836108 0.987246
vt 0.796378 0.991984
vt 0.842849 0.964507
vt 0.75277 0.878955
vt 0.794706 0.915819
vt 0.761038 0.912176
vt 0.794706 0.915819
vt 0.75277 0.878955
vt 0.783469 0.885236
vt 0.746738 0.96957
vt 0.688913 0.939469
vt 0.761038 0.912176
vt 0.688913 0.939469
vt 0.746738 0.96957
vt 0.690369 0.97772
vt 0.686687 0.993791
vt 0.746738 0.96957
vt 0.735002 0.994968
vt 0.746738 0.96957
vt 0.686687 0.993791
vt 0.690369 0.97772
vt 0.794706 0.915819
vt 0.746738 0.96957
vt 0.761038 0.912176
vt 0.746738 0.96957
vt 0.794706 0.915819
vt 0.808087 0.954712
vt 0.796378 0.991984
vt 0.746738 0.96957
vt 0.808087 0.954712
vt 0.746738 0.96957
vt 0.796378 0.991984
vt 0.735002 0.994968
vt 0.567031 0.450193
vt 0.531792 0.48048
vt 0.535846 0.448807
vt 0.531792 0.48048
vt 0.567031 0.450193
vt 0.562812 0.478263
vt 0.531792 0.48048
vt 0.512161 0.486671
vt 0.520215 0.45214
vt 0.535846 0.448807
vt 0.531792 0.48048
vt 0.520215 0.45214
vt 0.531792 0.48048
vt 0.525384 0.505314
vt 0.512045 0.511984
vt 0.512161 0.486671
vt 0.531792 0.48048
vt 0.512045 0.511984
vt 0.478122 0.422943
vt 0.450774 0.45177
vt 0.446915 0.425874
vt 0.450774 0.45177
vt 0.478122 0.422943
vt 0.502321 0.448757
vt 0.497879 0.494885
vt 0.502321 0.448757
vt 0.520215 0.45214
vt 0.512161 0.486671
vt 0.497879 0.494885
vt 0.520215 0.45214
vt 0.497879 0.494885
vt 0.450774 0.45177
vt 0.502321 0.448757
vt 0.450774 0.45177
vt 0.497879 0.494885
vt 0.451619 0.505156
vt 0.798989 0.219401
vt 0.811872 0.256392
vt 0.786741 0.222257
vt 0.811872 0.256392
vt 0.785685 0.256028
vt 0.786741 0.222257
vt 0.671751 0.250013
vt 0.710938 0.284544
vt 0.674381 0.284261
vt 0.709544 0.250864
vt 0.710938 0.284544
vt 0.671751 0.250013
vt 0.710938 0.284544
vt 0.675377 0.320163
vt 0.674381 0.284261
vt 0.675377 0.320163
vt 0.710938 0.284544
vt 0.71099 0.321644
vt 0.465632 0.976045
vt 0.497412 0.970493
vt 0.497805 0.987118
vt 0.462448 0.989389
vt 0.465632 0.976045
vt 0.497805 0.987118
vt 0.433046 0.876126
vt 0.398952 0.930694
vt 0.39755 0.88282
vt 0.398952 0.930694
vt 0.433046 0.876126
vt 0.433652 0.927079
vt 0.433046 0.876126
vt 0.448162 0.85597
vt 0.462552 0.875359
vt 0.433046 0.876126
vt 0.429702 0.845874
vt 0.448162 0.85597
vt 0.500025 0.862743
vt 0.531907 0.898013
vt 0.500172 0.885857
vt 0.500025 0.862743
vt 0.537949 0.858076
vt 0.531907 0.898013
vt 0.537949 0.858076
vt 0.500025 0.862743
vt 0.567539 0.800826
vt 0.500025 0.862743
vt 0.496025 0.830387
vt 0.567539 0.800826
vt 0.618279 0.873884
vt 0.634835 0.81504
vt 0.64744 0.860579
vt 0.64744 0.860579
vt 0.634835 0.81504
vt 0.657701 0.818194
vt 0.580528 0.732865
vt 0.557361 0.724649
vt 0.545826 0.691865
vt 0.580528 0.732865
vt 0.545826 0.691865
vt 0.57445 0.707514
vt 0.557361 0.724649
vt 0.580528 0.732865
vt 0.570618 0.753485
vt 0.580528 0.732865
vt 0.597862 0.763599
vt 0.570618 0.753485
vt 0.726909 0.715532
vt 0.697762 0.749287
vt 0.701552 0.721503
vt 0.697762 0.749287
vt 0.726909 0.715532
vt 0.718263 0.74292
vt 0.479246 0.611826
vt 0.462385 0.642123
vt 0.455057 0.616886
vt 0.462385 0.642123
vt 0.479246 0.611826
vt 0.486554 0.64039
vt 0.39958 0.797963
vt 0.362286 0.769303
vt 0.40894 0.767449
vt 0.362286 0.769303
vt 0.39958 0.797963
vt 0.369967 0.790084
vt 0.452776 0.752803
vt 0.39958 0.797963
vt 0.40894 0.767449
vt 0.39958 0.797963
vt 0.452776 0.752803
vt 0.425385 0.799357
vt 0.350328 0.768771
vt 0.384131 0.793943
vt 0.353066 0.783457
vt 0.384131 0.793943
vt 0.350328 0.768771
vt 0.369967 0.790084
vt 0.113316 0.993047
vt 0.117775 0.958296
vt 0.147091 0.991759
vt 0.147091 0.991759
vt 0.117775 0.958296
vt 0.151041 0.965215
vt 0.177914 0.975804
vt 0.179935 0.985683
vt 0.147091 0.991759
vt 0.177914 0.975804
vt 0.147091 0.991759
vt 0.151041 0.965215
vt 0.177914 0.975804
vt 0.210226 0.983906
vt 0.179935 0.985683
vt 0.210226 0.983906
vt 0.177914 0.975804
vt 0.211873 0.972144
vt 0.25423 0.974552
vt 0.211873 0.972144
vt 0.219274 0.940748
vt 0.261067 0.947031
vt 0.25423 0.974552
vt 0.219274 0.940748
vt 0.25423 0.974552
vt 0.210226 0.983906
vt 0.211873 0.972144
vt 0.210226 0.983906
vt 0.25423 0.974552
vt 0.24645 0.985153
vt 0.25423 0.974552
vt 0.284487 0.990625
vt 0.24645 0.985153
vt 0.284487 0.990625
vt 0.25423 0.974552
vt 0.290665 0.976392
vt 0.227224 0.901334
vt 0.261067 0.947031
vt 0.219274 0.940748
vt 0.261067 0.947031
vt 0.227224 0.901334
vt 0.265133 0.897094
vt 0.227224 0.901334
vt 0.257348 0.851813
vt 0.265133 0.897094
vt 0.257348 0.851813
vt 0.227224 0.901334
vt 0.230385 0.871506
vt 0.257348 0.851813
vt 0.238602 0.846219
vt 0.259287 0.823076
vt 0.238602 0.846219
vt 0.257348 0.851813
vt 0.230385 0.871506
vt 0.25423 0.974552
vt 0.296943 0.947563
vt 0.290665 0.976392
vt 0.296943 0.947563
vt 0.25423 0.974552
vt 0.261067 0.947031
vt 0.296943 0.947563
vt 0.261067 0.947031
vt 0.265133 0.897094
vt 0.297745 0.900121
vt 0.296943 0.947563
vt 0.265133 0.897094
vt 0.296943 0.947563
vt 0.297745 0.900121
vt 0.33075 0.891037
vt 0.296943 0.947563
vt 0.33075 0.891037
vt 0.327471 0.937799
vt 0.384131 0.793943
vt 0.35953 0.798971
vt 0.353066 0.783457
vt 0.35953 0.798971
vt 0.384131 0.793943
vt 0.385329 0.810501
vt 0.433046 0.876126
vt 0.39312 0.83525
vt 0.429702 0.845874
vt 0.39312 0.83525
vt 0.433046 0.876126
vt 0.39755 0.88282
vt 0.411058 0.822584
vt 0.39312 0.83525
vt 0.385329 0.810501
vt 0.39312 0.83525
vt 0.411058 0.822584
vt 0.429702 0.845874
vt 0.35953 0.798971
vt 0.39312 0.83525
vt 0.361384 0.84038
vt 0.39312 0.83525
vt 0.35953 0.798971
vt 0.385329 0.810501
vt 0.364916 0.88402
vt 0.39312 0.83525
vt 0.39755 0.88282
vt 0.39312 0.83525
vt 0.364916 0.88402
vt 0.361384 0.84038
vt 0.00482563 0.91062
vt 0.0164604 0.879056
vt 0.010178 0.922616
vt 0.010178 0.922616
vt 0.0164604 0.879056
vt 0.0424565 0.872786
vt 0.404253 0.596075
vt 0.417371 0.583849
vt 0.423285 0.615493
vt 0.404253 0.596075
vt 0.394829 0.567158
vt 0.417371 0.583849
vt 0.394829 0.567158
vt 0.411255 0.540549
vt 0.417371 0.583849
vt 0.390123 0.546575
vt 0.411255 0.540549
vt 0.394829 0.567158
vt 0.0336265 0.481776
vt 0.0609766 0.498405
vt 0.0264561 0.496954
vt 0.0609766 0.498405
vt 0.0336265 0.481776
vt 0.0650304 0.483686
vt 0.08236 0.48543
vt 0.0609766 0.498405
vt 0.0650304 0.483686
vt 0.0609766 0.498405
vt 0.08236 0.48543
vt 0.0863279 0.51187
vt 0.0700539 0.459459
vt 0.08236 0.48543
vt 0.0650304 0.483686
vt 0.0792753 0.453409
vt 0.08236 0.48543
vt 0.0700539 0.459459
vt 0.0842906 0.455403
vt 0.08236 0.48543
vt 0.0792753 0.453409
vt 0.08236 0.48543
vt 0.0842906 0.455403
vt 0.0925378 0.500787
vt 0.118138 0.509031
vt 0.0842906 0.455403
vt 0.108582 0.456171
vt 0.0842906 0.455403
vt 0.118138 0.509031
vt 0.0925378 0.500787
vt 0.0842906 0.455403
vt 0.109382 0.407619
vt 0.108582 0.456171
vt 0.0842906 0.455403
vt 0.0923897 0.411082
vt 0.109382 0.407619
vt 0.0923897 0.411082
vt 0.0842906 0.455403
vt 0.0880531 0.418007
vt 0.0842906 0.455403
vt 0.0792753 0.453409
vt 0.0880531 0.418007
vt 0.98741 0.966562
vt 0.97568 0.977867
vt 0.990364 0.923041
vt 0.990364 0.923041
vt 0.97568 0.977867
vt 0.95964 0.922226
vt 0.97568 0.977867
vt 0.98741 0.966562
vt 0.985257 0.988026
vt 0.961762 0.990445
vt 0.97568 0.977867
vt 0.985257 0.988026
vt 0.0711521 0.39077
vt 0.0973318 0.351179
vt 0.0941652 0.387836
vt 0.0973318 0.351179
vt 0.0711521 0.39077
vt 0.0725182 0.352445
vt 0.0998127 0.329807
vt 0.0973318 0.351179
vt 0.0673361 0.322704
vt 0.0673361 0.322704
vt 0.0973318 0.351179
vt 0.0725182 0.352445
vt 0.168368 0.221272
vt 0.133082 0.239753
vt 0.138042 0.211701
vt 0.133082 0.239753
vt 0.168368 0.221272
vt 0.162784 0.249793
vt 0.127974 0.187343
vt 0.123633 0.209503
vt 0.106118 0.20058
vt 0.123633 0.209503
vt 0.127974 0.187343
vt 0.138042 0.211701
vt 0.119067 0.187082
vt 0.115288 0.158639
vt 0.122296 0.15081
vt 0.119067 0.187082
vt 0.122296 0.15081
vt 0.106118 0.20058
vt 0.115288 0.158639
vt 0.119067 0.187082
vt 0.105358 0.16502
vt 0.105358 0.16502
vt 0.119067 0.187082
vt 0.104406 0.200839
vt 0.123633 0.209503
vt 0.119067 0.187082
vt 0.106118 0.20058
vt 0.119067 0.187082
vt 0.123633 0.209503
vt 0.109714 0.224515
vt 0.122118 0.0196717
vt 0.133804 0.0131986
vt 0.1465 0.013984
vt 0.137541 0.0208552
vt 0.122118 0.0196717
vt 0.1465 0.013984
vt 0.133804 0.0131986
vt 0.122118 0.0196717
vt 0.0988628 0.00792833
vt 0.0988628 0.00792833
vt 0.122118 0.0196717
vt 0.109668 0.0236711
vt 0.124321 0.0539025
vt 0.122118 0.0196717
vt 0.131286 0.0468841
vt 0.122118 0.0196717
vt 0.137541 0.0208552
vt 0.131286 0.0468841
vt 0.122118 0.0196717
vt 0.124321 0.0539025
vt 0.110609 0.0552378
vt 0.122118 0.0196717
vt 0.110609 0.0552378
vt 0.109668 0.0236711
vt 0.0655914 0.0239651
vt 0.110609 0.0552378
vt 0.0624548 0.0563643
vt 0.110609 0.0552378
vt 0.0655914 0.0239651
vt 0.109668 0.0236711
vt 0.0655914 0.0239651
vt 0.0647006 0.00573401
vt 0.0988628 0.00792833
vt 0.0655914 0.0239651
vt 0.0988628 0.00792833
vt 0.109668 0.0236711
vt 0.0655914 0.0239651
vt 0.0624548 0.0563643
vt 0.0174676 0.0521805
vt 0.0160498 0.0197233
vt 0.0655914 0.0239651
vt 0.0174676 0.0521805
vt 0.0655914 0.0239651
vt 0.0298071 0.00802495
vt 0.0647006 0.00573401
vt 0.0655914 0.0239651
vt 0.0160498 0.0197233
vt 0.0298071 0.00802495
vt 0.409117 0.0319052
vt 0.360654 0.080471
vt 0.368602 0.0430338
vt 0.360654 0.080471
vt 0.409117 0.0319052
vt 0.388728 0.0845425
vt 0.360654 0.080471
vt 0.32407 0.0700628
vt 0.325094 0.0293383
vt 0.360654 0.080471
vt 0.325094 0.0293383
vt 0.368602 0.0430338
vt 0.545101 0.0231126
vt 0.575827 0.0235421
vt 0.542087 0.0554168
vt 0.542087 0.0554168
vt 0.575827 0.0235421
vt 0.565314 0.0473624
vt 0.874456 0.133887
vt 0.887992 0.0820847
vt 0.930717 0.0790538
vt 0.874456 0.133887
vt 0.930717 0.0790538
vt 0.917027 0.1306
vt 0.96071 0.0598004
vt 0.991934 0.0755632
vt 0.964786 0.0813749
vt 0.991934 0.0755632
vt 0.96071 0.0598004
vt 0.9887 0.0547131
vt 0.963605 0.106403
vt 0.930717 0.0790538
vt 0.964786 0.0813749
vt 0.930717 0.0790538
vt 0.963605 0.106403
vt 0.917027 0.1306
vt 0.937301 0.0172067
vt 0.897587 0.0225296
vt 0.92417 0.00715146
vt 0.897587 0.0225296
vt 0.898446 0.0116528
vt 0.92417 0.00715146
vt 0.871221 0.0117312
vt 0.897587 0.0225296
vt 0.877467 0.0366105
vt 0.897587 0.0225296
vt 0.871221 0.0117312
vt 0.898446 0.0116528
vt 0.897587 0.0225296
vt 0.937301 0.0172067
vt 0.92509 0.0566379
vt 0.894789 0.0506795
vt 0.897587 0.0225296
vt 0.92509 0.0566379
vt 0.785045 0.164397
vt 0.783552 0.194208
vt 0.752558 0.192701
vt 0.752246 0.161562
vt 0.785045 0.164397
vt 0.752558 0.192701
vt 0.783552 0.194208
vt 0.785045 0.164397
vt 0.800374 0.190969
vt 0.785045 0.164397
vt 0.806834 0.163325
vt 0.800374 0.190969
vt 0.825037 0.0159153
vt 0.776098 0.00651187
vt 0.815934 0.00989788
vt 0.776098 0.00651187
vt 0.825037 0.0159153
vt 0.775664 0.0157575
vt 0.825037 0.0159153
vt 0.815934 0.00989788
vt 0.85195 0.0143583
vt 0.862779 0.0250398
vt 0.825037 0.0159153
vt 0.85195 0.0143583
vt 0.676025 0.151785
vt 0.715141 0.188998
vt 0.675747 0.186687
vt 0.715141 0.188998
vt 0.676025 0.151785
vt 0.715143 0.15719
vt 0.676025 0.151785
vt 0.710762 0.123414
vt 0.715143 0.15719
vt 0.676025 0.151785
vt 0.675461 0.115779
vt 0.710762 0.123414
vt 0.776098 0.00651187
vt 0.737162 0.0147023
vt 0.738999 0.00659963
vt 0.737162 0.0147023
vt 0.776098 0.00651187
vt 0.775664 0.0157575
vt 0.737162 0.0147023
vt 0.705462 0.0060245
vt 0.738999 0.00659963
vt 0.705462 0.0060245
vt 0.737162 0.0147023
vt 0.704743 0.0154845
vt 0.672616 0.0146262
vt 0.670545 0.0430892
vt 0.638412 0.0419014
vt 0.672616 0.0146262
vt 0.638412 0.0419014
vt 0.64049 0.0142455
vt 0.671894 0.00626079
vt 0.672616 0.0146262
vt 0.640416 0.00496076
vt 0.640416 0.00496076
vt 0.672616 0.0146262
vt 0.64049 0.0142455
vt 0.672616 0.0146262
vt 0.705462 0.0060245
vt 0.704743 0.0154845
vt 0.705462 0.0060245
vt 0.672616 0.0146262
vt 0.671894 0.00626079
vt 0.540744 0.416873
vt 0.567031 0.450193
vt 0.535846 0.448807
vt 0.567031 0.450193
vt 0.540744 0.416873
vt 0.568564 0.420101
vt 0.520113 0.419799
vt 0.540744 0.416873
vt 0.520215 0.45214
vt 0.540744 0.416873
vt 0.535846 0.448807
vt 0.520215 0.45214
vt 0.970432 0.549314
vt 0.948782 0.51213
vt 0.97884 0.515012
vt 0.948782 0.51213
vt 0.970432 0.549314
vt 0.929989 0.5415
vt 0.970432 0.549314
vt 0.992551 0.517132
vt 0.99211 0.557525
vt 0.992551 0.517132
vt 0.970432 0.549314
vt 0.97884 0.515012
vt 0.910436 0.520447
vt 0.931814 0.475704
vt 0.948782 0.51213
vt 0.931814 0.475704
vt 0.910436 0.520447
vt 0.909715 0.485892
vt 0.919589 0.453188
vt 0.931814 0.475704
vt 0.897583 0.459535
vt 0.897583 0.459535
vt 0.931814 0.475704
vt 0.909715 0.485892
vt 0.712745 0.221693
vt 0.751405 0.221817
vt 0.747439 0.254267
vt 0.709544 0.250864
vt 0.712745 0.221693
vt 0.747439 0.254267
vt 0.751405 0.221817
vt 0.712745 0.221693
vt 0.752558 0.192701
vt 0.712745 0.221693
vt 0.715141 0.188998
vt 0.752558 0.192701
vt 0.411255 0.540549
vt 0.396827 0.515351
vt 0.414102 0.512726
vt 0.396827 0.515351
vt 0.411255 0.540549
vt 0.390123 0.546575
vt 0.396827 0.515351
vt 0.38061 0.541276
vt 0.381889 0.518683
vt 0.38061 0.541276
vt 0.396827 0.515351
vt 0.390123 0.546575
vt 0.383288 0.495483
vt 0.396827 0.515351
vt 0.381889 0.518683
vt 0.404572 0.481337
vt 0.396827 0.515351
vt 0.383288 0.495483
vt 0.314627 0.539525
vt 0.356329 0.524074
vt 0.354145 0.537733
vt 0.356329 0.524074
vt 0.314627 0.539525
vt 0.323522 0.521398
vt 0.38061 0.541276
vt 0.356329 0.524074
vt 0.381889 0.518683
vt 0.356329 0.524074
vt 0.38061 0.541276
vt 0.354145 0.537733
vt 0.356329 0.524074
vt 0.323522 0.521398
vt 0.327324 0.504736
vt 0.353326 0.504745
vt 0.356329 0.524074
vt 0.327324 0.504736
vt 0.356329 0.524074
vt 0.353326 0.504745
vt 0.383288 0.495483
vt 0.356329 0.524074
vt 0.383288 0.495483
vt 0.381889 0.518683
vt 0.346023 0.466263
vt 0.36586 0.431149
vt 0.374425 0.462683
vt 0.34131 0.428722
vt 0.36586 0.431149
vt 0.346023 0.466263
vt 0.401419 0.204304
vt 0.400886 0.178507
vt 0.431132 0.17933
vt 0.427257 0.200915
vt 0.401419 0.204304
vt 0.431132 0.17933
vt 0.476063 0.0609118
vt 0.427312 0.121571
vt 0.435138 0.0663505
vt 0.427312 0.121571
vt 0.476063 0.0609118
vt 0.469287 0.119663
vt 0.435138 0.0663505
vt 0.427312 0.121571
vt 0.388728 0.0845425
vt 0.427312 0.121571
vt 0.382147 0.124127
vt 0.388728 0.0845425
vt 0.507118 0.103854
vt 0.484622 0.142041
vt 0.469287 0.119663
vt 0.484622 0.142041
vt 0.458026 0.150705
vt 0.469287 0.119663
vt 0.52188 0.100265
vt 0.484622 0.142041
vt 0.507118 0.103854
vt 0.484622 0.142041
vt 0.52188 0.100265
vt 0.509854 0.13008
vt 0.52188 0.100265
vt 0.504614 0.0538153
vt 0.529096 0.0538685
vt 0.52188 0.100265
vt 0.507118 0.103854
vt 0.504614 0.0538153
vt 0.542087 0.0554168
vt 0.52188 0.100265
vt 0.529096 0.0538685
vt 0.539325 0.0905744
vt 0.52188 0.100265
vt 0.542087 0.0554168
vt 0.509854 0.13008
vt 0.52188 0.100265
vt 0.532156 0.122338
vt 0.52188 0.100265
vt 0.539325 0.0905744
vt 0.532156 0.122338
vt 0.484622 0.142041
vt 0.452944 0.170839
vt 0.458026 0.150705
vt 0.452944 0.170839
vt 0.484622 0.142041
vt 0.475119 0.159255
vt 0.452944 0.170839
vt 0.475119 0.159255
vt 0.473772 0.187855
vt 0.445991 0.191718
vt 0.452944 0.170839
vt 0.473772 0.187855
vt 0.452944 0.170839
vt 0.427257 0.200915
vt 0.431132 0.17933
vt 0.452944 0.170839
vt 0.445991 0.191718
vt 0.427257 0.200915
vt 0.428751 0.351044
vt 0.452399 0.398848
vt 0.43709 0.392269
vt 0.452399 0.398848
vt 0.428751 0.351044
vt 0.450216 0.358486
vt 0.428751 0.351044
vt 0.386151 0.310555
vt 0.428243 0.310369
vt 0.428751 0.351044
vt 0.396494 0.339045
vt 0.386151 0.310555
vt 0.410813 0.382321
vt 0.428751 0.351044
vt 0.43709 0.392269
vt 0.396494 0.339045
vt 0.428751 0.351044
vt 0.410813 0.382321
vt 0.640865 0.972013
vt 0.610705 0.957979
vt 0.630374 0.952396
vt 0.610705 0.957979
vt 0.640865 0.972013
vt 0.623579 0.966706
vt 0.60336 0.968916
vt 0.610705 0.957979
vt 0.623579 0.966706
vt 0.578118 0.935244
vt 0.610705 0.957979
vt 0.60336 0.968916
vt 0.906844 0.655268
vt 0.950086 0.612327
vt 0.938976 0.656371
vt 0.950086 0.612327
vt 0.906844 0.655268
vt 0.903837 0.615853
vt 0.977147 0.654647
vt 0.93924 0.684583
vt 0.938976 0.656371
vt 0.93924 0.684583
vt 0.977147 0.654647
vt 0.969077 0.688034
vt 0.93924 0.684583
vt 0.906844 0.655268
vt 0.938976 0.656371
vt 0.906844 0.655268
vt 0.93924 0.684583
vt 0.89966 0.68403
vt 0.745557 0.673703
vt 0.726909 0.715532
vt 0.729847 0.67659
vt 0.726909 0.715532
vt 0.745557 0.673703
vt 0.745044 0.706019
vt 0.755646 0.639612
vt 0.745557 0.673703
vt 0.73665 0.644483
vt 0.73665 0.644483
vt 0.745557 0.673703
vt 0.729847 0.67659
vt 0.666673 0.797576
vt 0.676748 0.818355
vt 0.643862 0.789111
vt 0.643862 0.789111
vt 0.676748 0.818355
vt 0.657701 0.818194
vt 0.704359 0.822767
vt 0.676748 0.818355
vt 0.666673 0.797576
vt 0.704359 0.822767
vt 0.666673 0.797576
vt 0.698565 0.797263
vt 0.866202 0.973004
vt 0.887388 0.989657
vt 0.856113 0.990865
vt 0.887388 0.989657
vt 0.866202 0.973004
vt 0.885406 0.97417
vt 0.808087 0.954712
vt 0.834663 0.933
vt 0.842849 0.964507
vt 0.794706 0.915819
vt 0.834663 0.933
vt 0.808087 0.954712
vt 0.807085 0.898263
vt 0.834663 0.933
vt 0.783469 0.885236
vt 0.834663 0.933
vt 0.794706 0.915819
vt 0.783469 0.885236
vt 0.807934 0.557183
vt 0.782845 0.556802
vt 0.783758 0.522639
vt 0.807934 0.557183
vt 0.783758 0.522639
vt 0.816085 0.521194
vt 0.641593 0.321232
vt 0.640078 0.28287
vt 0.674381 0.284261
vt 0.675377 0.320163
vt 0.641593 0.321232
vt 0.674381 0.284261
vt 0.785685 0.256028
vt 0.747681 0.287989
vt 0.747439 0.254267
vt 0.747681 0.287989
vt 0.785685 0.256028
vt 0.78487 0.289806
vt 0.747681 0.287989
vt 0.710938 0.284544
vt 0.709544 0.250864
vt 0.747681 0.287989
vt 0.709544 0.250864
vt 0.747439 0.254267
vt 0.910436 0.520447
vt 0.886793 0.490959
vt 0.909715 0.485892
vt 0.886793 0.490959
vt 0.910436 0.520447
vt 0.881875 0.526898
vt 0.886793 0.490959
vt 0.897583 0.459535
vt 0.909715 0.485892
vt 0.886793 0.490959
vt 0.882412 0.46174
vt 0.897583 0.459535
vt 0.467181 0.925121
vt 0.433046 0.876126
vt 0.462552 0.875359
vt 0.433046 0.876126
vt 0.467181 0.925121
vt 0.433652 0.927079
vt 0.495136 0.923487
vt 0.467181 0.925121
vt 0.485941 0.884841
vt 0.485941 0.884841
vt 0.467181 0.925121
vt 0.462552 0.875359
vt 0.467181 0.925121
vt 0.495136 0.923487
vt 0.497412 0.970493
vt 0.465632 0.976045
vt 0.467181 0.925121
vt 0.497412 0.970493
vt 0.467181 0.925121
vt 0.432249 0.977575
vt 0.433652 0.927079
vt 0.432249 0.977575
vt 0.467181 0.925121
vt 0.465632 0.976045
vt 0.429702 0.845874
vt 0.439216 0.833803
vt 0.448162 0.85597
vt 0.411058 0.822584
vt 0.439216 0.833803
vt 0.429702 0.845874
vt 0.321004 0.979765
vt 0.296943 0.947563
vt 0.327471 0.937799
vt 0.296943 0.947563
vt 0.321004 0.979765
vt 0.290665 0.976392
vt 0.321004 0.979765
vt 0.284487 0.990625
vt 0.290665 0.976392
vt 0.284487 0.990625
vt 0.321004 0.979765
vt 0.318945 0.991737
vt 0.321004 0.979765
vt 0.351666 0.990618
vt 0.318945 0.991737
vt 0.351666 0.990618
vt 0.321004 0.979765
vt 0.352367 0.980235
vt 0.321004 0.979765
vt 0.360788 0.934375
vt 0.352367 0.980235
vt 0.360788 0.934375
vt 0.321004 0.979765
vt 0.327471 0.937799
vt 0.398952 0.930694
vt 0.360788 0.934375
vt 0.39755 0.88282
vt 0.360788 0.934375
vt 0.364916 0.88402
vt 0.39755 0.88282
vt 0.33075 0.891037
vt 0.360788 0.934375
vt 0.327471 0.937799
vt 0.364916 0.88402
vt 0.360788 0.934375
vt 0.33075 0.891037
vt 0.537949 0.858076
vt 0.588074 0.845683
vt 0.531907 0.898013
vt 0.531907 0.898013
vt 0.588074 0.845683
vt 0.56176 0.887161
vt 0.588074 0.845683
vt 0.634835 0.81504
vt 0.618279 0.873884
vt 0.588074 0.845683
vt 0.618279 0.873884
vt 0.56176 0.887161
vt 0.635396 0.778555
vt 0.63193 0.789602
vt 0.61799 0.766925
vt 0.63193 0.789602
vt 0.635396 0.778555
vt 0.643862 0.789111
vt 0.634835 0.81504
vt 0.63193 0.789602
vt 0.657701 0.818194
vt 0.63193 0.789602
vt 0.643862 0.789111
vt 0.657701 0.818194
vt 0.606362 0.748356
vt 0.635396 0.778555
vt 0.61799 0.766925
vt 0.635396 0.778555
vt 0.606362 0.748356
vt 0.639972 0.751814
vt 0.645619 0.725495
vt 0.606362 0.748356
vt 0.599668 0.722624
vt 0.606362 0.748356
vt 0.645619 0.725495
vt 0.639972 0.751814
vt 0.580528 0.732865
vt 0.606362 0.748356
vt 0.597862 0.763599
vt 0.606362 0.748356
vt 0.61799 0.766925
vt 0.597862 0.763599
vt 0.606362 0.748356
vt 0.580528 0.732865
vt 0.57445 0.707514
vt 0.606362 0.748356
vt 0.57445 0.707514
vt 0.599668 0.722624
vt 0.745557 0.673703
vt 0.774936 0.692925
vt 0.745044 0.706019
vt 0.774936 0.692925
vt 0.745557 0.673703
vt 0.770014 0.669512
vt 0.951833 0.838784
vt 0.981904 0.823979
vt 0.974109 0.859425
vt 0.951833 0.838784
vt 0.974109 0.859425
vt 0.943598 0.872646
vt 0.981904 0.823979
vt 0.951833 0.838784
vt 0.977711 0.78253
vt 0.951833 0.838784
vt 0.943571 0.789569
vt 0.977711 0.78253
vt 0.712177 0.65445
vt 0.745903 0.614262
vt 0.73665 0.644483
vt 0.745903 0.614262
vt 0.712177 0.65445
vt 0.720458 0.618159
vt 0.696467 0.775071
vt 0.720153 0.771723
vt 0.730309 0.790517
vt 0.698565 0.797263
vt 0.696467 0.775071
vt 0.730309 0.790517
vt 0.720153 0.771723
vt 0.696467 0.775071
vt 0.718263 0.74292
vt 0.696467 0.775071
vt 0.697762 0.749287
vt 0.718263 0.74292
vt 0.645619 0.725495
vt 0.675344 0.748283
vt 0.639972 0.751814
vt 0.675344 0.748283
vt 0.645619 0.725495
vt 0.676601 0.721156
vt 0.697762 0.749287
vt 0.675344 0.748283
vt 0.701552 0.721503
vt 0.701552 0.721503
vt 0.675344 0.748283
vt 0.676601 0.721156
vt 0.553136 0.544358
vt 0.5971 0.584096
vt 0.555272 0.58082
vt 0.553136 0.544358
vt 0.594674 0.547339
vt 0.5971 0.584096
vt 0.487434 0.579473
vt 0.455057 0.616886
vt 0.469062 0.584957
vt 0.487434 0.579473
vt 0.479246 0.611826
vt 0.455057 0.616886
vt 0.545826 0.691865
vt 0.560877 0.682395
vt 0.57445 0.707514
vt 0.560877 0.682395
vt 0.545826 0.691865
vt 0.535469 0.678135
vt 0.437761 0.696798
vt 0.465374 0.693677
vt 0.40894 0.767449
vt 0.465374 0.693677
vt 0.452776 0.752803
vt 0.40894 0.767449
vt 0.537151 0.749363
vt 0.49833 0.716738
vt 0.531492 0.718932
vt 0.49833 0.716738
vt 0.537151 0.749363
vt 0.469584 0.781886
vt 0.425385 0.799357
vt 0.49833 0.716738
vt 0.469584 0.781886
vt 0.452776 0.752803
vt 0.49833 0.716738
vt 0.425385 0.799357
vt 0.401371 0.811739
vt 0.425385 0.799357
vt 0.429088 0.828483
vt 0.401371 0.811739
vt 0.39958 0.797963
vt 0.425385 0.799357
vt 0.401371 0.811739
vt 0.439216 0.833803
vt 0.411058 0.822584
vt 0.439216 0.833803
vt 0.401371 0.811739
vt 0.429088 0.828483
vt 0.39958 0.797963
vt 0.401371 0.811739
vt 0.369967 0.790084
vt 0.401371 0.811739
vt 0.384131 0.793943
vt 0.369967 0.790084
vt 0.401371 0.811739
vt 0.411058 0.822584
vt 0.385329 0.810501
vt 0.384131 0.793943
vt 0.401371 0.811739
vt 0.385329 0.810501
vt 0.0958003 0.960175
vt 0.113316 0.993047
vt 0.0795062 0.984458
vt 0.0958003 0.960175
vt 0.117775 0.958296
vt 0.113316 0.993047
vt 0.211873 0.972144
vt 0.18348 0.929998
vt 0.219274 0.940748
vt 0.177914 0.975804
vt 0.18348 0.929998
vt 0.211873 0.972144
vt 0.316605 0.757497
vt 0.350328 0.768771
vt 0.353066 0.783457
vt 0.316605 0.757497
vt 0.353066 0.783457
vt 0.328241 0.777941
vt 0.295944 0.78208
vt 0.316605 0.757497
vt 0.328241 0.777941
vt 0.295562 0.753526
vt 0.316605 0.757497
vt 0.295944 0.78208
vt 0.293879 0.806292
vt 0.270447 0.796421
vt 0.295944 0.78208
vt 0.270447 0.796421
vt 0.293879 0.806292
vt 0.259287 0.823076
vt 0.0567997 0.84596
vt 0.0867556 0.873713
vt 0.0613995 0.868991
vt 0.0867556 0.873713
vt 0.0567997 0.84596
vt 0.104707 0.839206
vt 0.00928571 0.852356
vt 0.00870963 0.80707
vt 0.0182385 0.802855
vt 0.0213257 0.85236
vt 0.00928571 0.852356
vt 0.0182385 0.802855
vt 0.0164604 0.879056
vt 0.0441917 0.866625
vt 0.0424565 0.872786
vt 0.0441917 0.866625
vt 0.0164604 0.879056
vt 0.0200402 0.87056
vt 0.0665414 0.905364
vt 0.0441917 0.866625
vt 0.0613995 0.868991
vt 0.0441917 0.866625
vt 0.0665414 0.905364
vt 0.0424565 0.872786
vt 0.0441917 0.866625
vt 0.00928571 0.852356
vt 0.0213257 0.85236
vt 0.00928571 0.852356
vt 0.0441917 0.866625
vt 0.0200402 0.87056
vt 0.0441917 0.866625
vt 0.0567997 0.84596
vt 0.0613995 0.868991
vt 0.0567997 0.84596
vt 0.0441917 0.866625
vt 0.0213257 0.85236
vt 0.0609766 0.498405
vt 0.0192519 0.526686
vt 0.0264561 0.496954
vt 0.0192519 0.526686
vt 0.0609766 0.498405
vt 0.0636341 0.51542
vt 0.0192519 0.526686
vt 0.00953905 0.534574
vt 0.00937593 0.498061
vt 0.0192519 0.526686
vt 0.00937593 0.498061
vt 0.0264561 0.496954
vt 0.0192519 0.526686
vt 0.0053348 0.580602
vt 0.00953905 0.534574
vt 0.0053348 0.580602
vt 0.0192519 0.526686
vt 0.0146087 0.578868
vt 0.0598671 0.565699
vt 0.0192519 0.526686
vt 0.0636341 0.51542
vt 0.0192519 0.526686
vt 0.0598671 0.565699
vt 0.0146087 0.578868
vt 0.0609766 0.498405
vt 0.100644 0.522713
vt 0.0636341 0.51542
vt 0.100644 0.522713
vt 0.0609766 0.498405
vt 0.0863279 0.51187
vt 0.100644 0.522713
vt 0.0598671 0.565699
vt 0.0636341 0.51542
vt 0.0598671 0.565699
vt 0.100644 0.522713
vt 0.108035 0.558957
vt 0.4346 0.634793
vt 0.423285 0.615493
vt 0.440987 0.62211
vt 0.450288 0.643537
vt 0.4346 0.634793
vt 0.440987 0.62211
vt 0.446899 0.553235
vt 0.455963 0.58943
vt 0.417371 0.583849
vt 0.411255 0.540549
vt 0.446899 0.553235
vt 0.417371 0.583849
vt 0.115392 0.521186
vt 0.08236 0.48543
vt 0.0925378 0.500787
vt 0.08236 0.48543
vt 0.115392 0.521186
vt 0.0863279 0.51187
vt 0.115392 0.521186
vt 0.100644 0.522713
vt 0.0863279 0.51187
vt 0.100644 0.522713
vt 0.115392 0.521186
vt 0.138565 0.536444
vt 0.118138 0.509031
vt 0.115392 0.521186
vt 0.0925378 0.500787
vt 0.157006 0.527567
vt 0.115392 0.521186
vt 0.118138 0.509031
vt 0.155997 0.538703
vt 0.115392 0.521186
vt 0.157006 0.527567
vt 0.115392 0.521186
vt 0.155997 0.538703
vt 0.138565 0.536444
vt 0.314627 0.539525
vt 0.270684 0.518293
vt 0.323522 0.521398
vt 0.270684 0.518293
vt 0.314627 0.539525
vt 0.267441 0.534187
vt 0.270684 0.518293
vt 0.277021 0.501677
vt 0.327324 0.504736
vt 0.323522 0.521398
vt 0.270684 0.518293
vt 0.327324 0.504736
vt 0.0240901 0.396215
vt 0.00793278 0.430164
vt 0.00958342 0.392013
vt 0.0240901 0.396215
vt 0.0271746 0.429819
vt 0.00793278 0.430164
vt 0.00874393 0.352437
vt 0.0240901 0.396215
vt 0.00958342 0.392013
vt 0.0240901 0.396215
vt 0.00874393 0.352437
vt 0.025259 0.351567
vt 0.0240901 0.396215
vt 0.025259 0.351567
vt 0.0725182 0.352445
vt 0.0711521 0.39077
vt 0.0240901 0.396215
vt 0.0725182 0.352445
vt 0.0722137 0.431123
vt 0.0240901 0.396215
vt 0.0711521 0.39077
vt 0.0240901 0.396215
vt 0.0722137 0.431123
vt 0.0271746 0.429819
vt 0.0722137 0.431123
vt 0.0792753 0.453409
vt 0.0700539 0.459459
vt 0.0792753 0.453409
vt 0.0722137 0.431123
vt 0.0880531 0.418007
vt 0.0722137 0.431123
vt 0.0700539 0.459459
vt 0.0373692 0.469134
vt 0.0271746 0.429819
vt 0.0722137 0.431123
vt 0.0373692 0.469134
vt 0.0722137 0.431123
vt 0.0941652 0.387836
vt 0.0880531 0.418007
vt 0.0722137 0.431123
vt 0.0711521 0.39077
vt 0.0941652 0.387836
vt 0.923123 0.925087
vt 0.920802 0.976138
vt 0.892293 0.927333
vt 0.920802 0.976138
vt 0.885406 0.97417
vt 0.892293 0.927333
vt 0.887388 0.989657
vt 0.920802 0.976138
vt 0.924608 0.990098
vt 0.920802 0.976138
vt 0.887388 0.989657
vt 0.885406 0.97417
vt 0.920802 0.976138
vt 0.923123 0.925087
vt 0.95964 0.922226
vt 0.97568 0.977867
vt 0.920802 0.976138
vt 0.95964 0.922226
vt 0.920802 0.976138
vt 0.961762 0.990445
vt 0.924608 0.990098
vt 0.920802 0.976138
vt 0.97568 0.977867
vt 0.961762 0.990445
vt 0.0652853 0.299702
vt 0.0211121 0.32145
vt 0.0257913 0.291082
vt 0.0211121 0.32145
vt 0.0652853 0.299702
vt 0.0673361 0.322704
vt 0.0652853 0.299702
vt 0.0998127 0.329807
vt 0.0673361 0.322704
vt 0.0652853 0.299702
vt 0.101189 0.29462
vt 0.0998127 0.329807
vt 0.160333 0.304002
vt 0.121108 0.275192
vt 0.159408 0.281377
vt 0.129608 0.30009
vt 0.121108 0.275192
vt 0.160333 0.304002
vt 0.121108 0.275192
vt 0.162784 0.249793
vt 0.159408 0.281377
vt 0.121108 0.275192
vt 0.133082 0.239753
vt 0.162784 0.249793
vt 0.121108 0.275192
vt 0.109677 0.243325
vt 0.133082 0.239753
vt 0.109677 0.243325
vt 0.121108 0.275192
vt 0.115231 0.272702
vt 0.107026 0.274359
vt 0.109677 0.243325
vt 0.115231 0.272702
vt 0.109677 0.243325
vt 0.107026 0.274359
vt 0.108377 0.257052
vt 0.133082 0.239753
vt 0.109677 0.243325
vt 0.138042 0.211701
vt 0.109677 0.243325
vt 0.123633 0.209503
vt 0.138042 0.211701
vt 0.109714 0.224515
vt 0.109677 0.243325
vt 0.108377 0.257052
vt 0.123633 0.209503
vt 0.109677 0.243325
vt 0.109714 0.224515
vt 0.363561 0.114417
vt 0.337873 0.135353
vt 0.336392 0.100472
vt 0.337873 0.135353
vt 0.363561 0.114417
vt 0.367825 0.143891
vt 0.363561 0.114417
vt 0.360654 0.080471
vt 0.388728 0.0845425
vt 0.382147 0.124127
vt 0.363561 0.114417
vt 0.388728 0.0845425
vt 0.32407 0.0700628
vt 0.363561 0.114417
vt 0.336392 0.100472
vt 0.360654 0.080471
vt 0.363561 0.114417
vt 0.32407 0.0700628
vt 0.576662 0.00838269
vt 0.545101 0.0231126
vt 0.548685 0.00789301
vt 0.576662 0.00838269
vt 0.575827 0.0235421
vt 0.545101 0.0231126
vt 0.638412 0.0419014
vt 0.606133 0.0150049
vt 0.64049 0.0142455
vt 0.602549 0.0429826
vt 0.606133 0.0150049
vt 0.638412 0.0419014
vt 0.606133 0.0150049
vt 0.607982 0.00867605
vt 0.640416 0.00496076
vt 0.606133 0.0150049
vt 0.640416 0.00496076
vt 0.64049 0.0142455
vt 0.575827 0.0235421
vt 0.606133 0.0150049
vt 0.565314 0.0473624
vt 0.606133 0.0150049
vt 0.602549 0.0429826
vt 0.565314 0.0473624
vt 0.576662 0.00838269
vt 0.606133 0.0150049
vt 0.575827 0.0235421
vt 0.606133 0.0150049
vt 0.576662 0.00838269
vt 0.607982 0.00867605
vt 0.565636 0.0794252
vt 0.542087 0.0554168
vt 0.565314 0.0473624
vt 0.565636 0.0794252
vt 0.539325 0.0905744
vt 0.542087 0.0554168
vt 0.602549 0.0429826
vt 0.565636 0.0794252
vt 0.565314 0.0473624
vt 0.601743 0.0792493
vt 0.565636 0.0794252
vt 0.602549 0.0429826
vt 0.605879 0.117321
vt 0.641316 0.116378
vt 0.606494 0.154096
vt 0.641316 0.116378
vt 0.640805 0.153561
vt 0.606494 0.154096
vt 0.676025 0.151785
vt 0.641316 0.116378
vt 0.675461 0.115779
vt 0.641316 0.116378
vt 0.676025 0.151785
vt 0.640805 0.153561
vt 0.826794 0.162559
vt 0.843094 0.136883
vt 0.841094 0.169899
vt 0.828861 0.131272
vt 0.843094 0.136883
vt 0.826794 0.162559
vt 0.843094 0.136883
vt 0.867319 0.159656
vt 0.841094 0.169899
vt 0.843094 0.136883
vt 0.874456 0.133887
vt 0.867319 0.159656
vt 0.997443 0.316425
vt 0.951151 0.285615
vt 0.988998 0.285159
vt 0.951151 0.285615
vt 0.997443 0.316425
vt 0.950316 0.322991
vt 0.886589 0.398106
vt 0.906515 0.407734
vt 0.900244 0.425512
vt 0.900244 0.425512
vt 0.906515 0.407734
vt 0.905449 0.431475
vt 0.991934 0.0755632
vt 0.99111 0.0990309
vt 0.964786 0.0813749
vt 0.99111 0.0990309
vt 0.963605 0.106403
vt 0.964786 0.0813749
vt 0.922181 0.232092
vt 0.891993 0.257384
vt 0.875655 0.232085
vt 0.891993 0.257384
vt 0.922181 0.232092
vt 0.920487 0.258172
vt 0.845949 0.227625
vt 0.891993 0.257384
vt 0.855397 0.258945
vt 0.891993 0.257384
vt 0.845949 0.227625
vt 0.875655 0.232085
vt 0.891993 0.257384
vt 0.864003 0.290737
vt 0.855397 0.258945
vt 0.891993 0.257384
vt 0.890443 0.287394
vt 0.864003 0.290737
vt 0.675461 0.115779
vt 0.711345 0.0886871
vt 0.710762 0.123414
vt 0.711345 0.0886871
vt 0.675461 0.115779
vt 0.671559 0.0756361
vt 0.751035 0.126049
vt 0.752246 0.161562
vt 0.715143 0.15719
vt 0.710762 0.123414
vt 0.751035 0.126049
vt 0.715143 0.15719
vt 0.751035 0.126049
vt 0.785045 0.164397
vt 0.752246 0.161562
vt 0.785045 0.164397
vt 0.751035 0.126049
vt 0.786747 0.133046
vt 0.751035 0.126049
vt 0.711345 0.0886871
vt 0.746337 0.0902505
vt 0.711345 0.0886871
vt 0.751035 0.126049
vt 0.710762 0.123414
vt 0.607264 0.248971
vt 0.606241 0.216483
vt 0.639465 0.249003
vt 0.606241 0.216483
vt 0.639576 0.216421
vt 0.639465 0.249003
vt 0.606241 0.216483
vt 0.607264 0.248971
vt 0.576351 0.251049
vt 0.57606 0.218597
vt 0.606241 0.216483
vt 0.576351 0.251049
vt 0.573864 0.187118
vt 0.606241 0.216483
vt 0.57606 0.218597
vt 0.606241 0.216483
vt 0.573864 0.187118
vt 0.607036 0.184317
vt 0.573864 0.187118
vt 0.568628 0.152863
vt 0.606494 0.154096
vt 0.607036 0.184317
vt 0.573864 0.187118
vt 0.606494 0.154096
vt 0.640096 0.186415
vt 0.606241 0.216483
vt 0.607036 0.184317
vt 0.606241 0.216483
vt 0.640096 0.186415
vt 0.639576 0.216421
vt 0.640096 0.186415
vt 0.676025 0.151785
vt 0.675747 0.186687
vt 0.676025 0.151785
vt 0.640096 0.186415
vt 0.640805 0.153561
vt 0.640096 0.186415
vt 0.607036 0.184317
vt 0.606494 0.154096
vt 0.640805 0.153561
vt 0.640096 0.186415
vt 0.606494 0.154096
vt 0.572804 0.359528
vt 0.535852 0.390934
vt 0.53346 0.360869
vt 0.535852 0.390934
vt 0.572804 0.359528
vt 0.568865 0.388314
vt 0.535852 0.390934
vt 0.520113 0.419799
vt 0.507307 0.392389
vt 0.535852 0.390934
vt 0.540744 0.416873
vt 0.520113 0.419799
vt 0.568564 0.420101
vt 0.535852 0.390934
vt 0.568865 0.388314
vt 0.540744 0.416873
vt 0.535852 0.390934
vt 0.568564 0.420101
vt 0.960597 0.579452
vt 0.990598 0.583709
vt 0.988899 0.612075
vt 0.960597 0.579452
vt 0.988899 0.612075
vt 0.967704 0.595353
vt 0.94582 0.577145
vt 0.960597 0.579452
vt 0.967704 0.595353
vt 0.960597 0.579452
vt 0.94582 0.577145
vt 0.93684 0.564871
vt 0.990598 0.583709
vt 0.960597 0.579452
vt 0.99211 0.557525
vt 0.960597 0.579452
vt 0.970432 0.549314
vt 0.99211 0.557525
vt 0.970432 0.549314
vt 0.960597 0.579452
vt 0.929989 0.5415
vt 0.960597 0.579452
vt 0.93684 0.564871
vt 0.929989 0.5415
vt 0.910436 0.520447
vt 0.893798 0.544494
vt 0.881875 0.526898
vt 0.881875 0.526898
vt 0.893798 0.544494
vt 0.862099 0.546588
vt 0.893798 0.544494
vt 0.948782 0.51213
vt 0.929989 0.5415
vt 0.893798 0.544494
vt 0.910436 0.520447
vt 0.948782 0.51213
vt 0.893798 0.544494
vt 0.900241 0.562239
vt 0.864492 0.562674
vt 0.893798 0.544494
vt 0.864492 0.562674
vt 0.862099 0.546588
vt 0.93684 0.564871
vt 0.893798 0.544494
vt 0.929989 0.5415
vt 0.900241 0.562239
vt 0.893798 0.544494
vt 0.93684 0.564871
vt 0.946966 0.44979
vt 0.919589 0.453188
vt 0.905449 0.431475
vt 0.946966 0.44979
vt 0.966741 0.475168
vt 0.919589 0.453188
vt 0.948782 0.51213
vt 0.977132 0.483881
vt 0.97884 0.515012
vt 0.931814 0.475704
vt 0.977132 0.483881
vt 0.948782 0.51213
vt 0.992551 0.517132
vt 0.977132 0.483881
vt 0.993968 0.501284
vt 0.977132 0.483881
vt 0.992551 0.517132
vt 0.97884 0.515012
vt 0.977132 0.483881
vt 0.931814 0.475704
vt 0.919589 0.453188
vt 0.966741 0.475168
vt 0.977132 0.483881
vt 0.919589 0.453188
vt 0.818909 0.323548
vt 0.820503 0.357124
vt 0.780894 0.354144
vt 0.783691 0.326147
vt 0.818909 0.323548
vt 0.780894 0.354144
vt 0.67281 0.217813
vt 0.640096 0.186415
vt 0.675747 0.186687
vt 0.640096 0.186415
vt 0.67281 0.217813
vt 0.639576 0.216421
vt 0.639465 0.249003
vt 0.67281 0.217813
vt 0.671751 0.250013
vt 0.639576 0.216421
vt 0.67281 0.217813
vt 0.639465 0.249003
vt 0.715141 0.188998
vt 0.67281 0.217813
vt 0.675747 0.186687
vt 0.712745 0.221693
vt 0.67281 0.217813
vt 0.715141 0.188998
vt 0.67281 0.217813
vt 0.709544 0.250864
vt 0.671751 0.250013
vt 0.67281 0.217813
vt 0.712745 0.221693
vt 0.709544 0.250864
vt 0.315469 0.325977
vt 0.317569 0.360452
vt 0.252976 0.342468
vt 0.23919 0.312945
vt 0.315469 0.325977
vt 0.252976 0.342468
vt 0.315469 0.325977
vt 0.349965 0.358767
vt 0.317569 0.360452
vt 0.315469 0.325977
vt 0.343175 0.331637
vt 0.349965 0.358767
vt 0.396494 0.339045
vt 0.359361 0.322229
vt 0.386151 0.310555
vt 0.359361 0.322229
vt 0.396494 0.339045
vt 0.362795 0.348951
vt 0.349965 0.358767
vt 0.359361 0.322229
vt 0.362795 0.348951
vt 0.343175 0.331637
vt 0.359361 0.322229
vt 0.349965 0.358767
vt 0.365843 0.382677
vt 0.396494 0.339045
vt 0.410813 0.382321
vt 0.396494 0.339045
vt 0.365843 0.382677
vt 0.362795 0.348951
vt 0.365843 0.382677
vt 0.410813 0.382321
vt 0.397032 0.427066
vt 0.36586 0.431149
vt 0.365843 0.382677
vt 0.397032 0.427066
vt 0.504915 0.156736
vt 0.484622 0.142041
vt 0.509854 0.13008
vt 0.484622 0.142041
vt 0.504915 0.156736
vt 0.475119 0.159255
vt 0.475119 0.159255
vt 0.504915 0.156736
vt 0.473772 0.187855
vt 0.504915 0.156736
vt 0.509 0.188107
vt 0.473772 0.187855
vt 0.374266 0.207455
vt 0.343305 0.171759
vt 0.375081 0.176448
vt 0.343305 0.171759
vt 0.374266 0.207455
vt 0.346147 0.209529
vt 0.401419 0.204304
vt 0.374266 0.207455
vt 0.400886 0.178507
vt 0.400886 0.178507
vt 0.374266 0.207455
vt 0.375081 0.176448
vt 0.392513 0.261329
vt 0.40176 0.231493
vt 0.408638 0.26436
vt 0.40176 0.231493
vt 0.422408 0.229423
vt 0.408638 0.26436
vt 0.422408 0.229423
vt 0.40176 0.231493
vt 0.427257 0.200915
vt 0.40176 0.231493
vt 0.401419 0.204304
vt 0.427257 0.200915
vt 0.452944 0.170839
vt 0.430914 0.15473
vt 0.458026 0.150705
vt 0.430914 0.15473
vt 0.452944 0.170839
vt 0.431132 0.17933
vt 0.430914 0.15473
vt 0.427312 0.121571
vt 0.469287 0.119663
vt 0.458026 0.150705
vt 0.430914 0.15473
vt 0.469287 0.119663
vt 0.592388 0.926559
vt 0.618279 0.873884
vt 0.64744 0.860579
vt 0.625474 0.911204
vt 0.592388 0.926559
vt 0.64744 0.860579
vt 0.592388 0.926559
vt 0.625474 0.911204
vt 0.630374 0.952396
vt 0.610705 0.957979
vt 0.592388 0.926559
vt 0.630374 0.952396
vt 0.782845 0.556802
vt 0.751951 0.556399
vt 0.783758 0.522639
vt 0.751951 0.556399
vt 0.748521 0.516074
vt 0.783758 0.522639
vt 0.935127 0.729299
vt 0.970874 0.726491
vt 0.977711 0.78253
vt 0.943571 0.789569
vt 0.935127 0.729299
vt 0.977711 0.78253
vt 0.935127 0.729299
vt 0.969077 0.688034
vt 0.970874 0.726491
vt 0.935127 0.729299
vt 0.93924 0.684583
vt 0.969077 0.688034
vt 0.657775 0.899199
vt 0.681784 0.846008
vt 0.714448 0.870712
vt 0.681784 0.846008
vt 0.713401 0.842463
vt 0.714448 0.870712
vt 0.681784 0.846008
vt 0.657775 0.899199
vt 0.625474 0.911204
vt 0.681784 0.846008
vt 0.625474 0.911204
vt 0.64744 0.860579
vt 0.704359 0.822767
vt 0.681784 0.846008
vt 0.676748 0.818355
vt 0.681784 0.846008
vt 0.704359 0.822767
vt 0.713401 0.842463
vt 0.681784 0.846008
vt 0.64744 0.860579
vt 0.657701 0.818194
vt 0.676748 0.818355
vt 0.681784 0.846008
vt 0.657701 0.818194
vt 0.734881 0.813041
vt 0.75085 0.797873
vt 0.76567 0.817018
vt 0.75085 0.797873
vt 0.734881 0.813041
vt 0.730309 0.790517
vt 0.734881 0.813041
vt 0.704359 0.822767
vt 0.698565 0.797263
vt 0.734881 0.813041
vt 0.698565 0.797263
vt 0.730309 0.790517
vt 0.845038 0.927265
vt 0.807085 0.898263
vt 0.830303 0.894242
vt 0.845038 0.927265
vt 0.834663 0.933
vt 0.807085 0.898263
vt 0.395467 0.454502
vt 0.383288 0.495483
vt 0.374425 0.462683
vt 0.395467 0.454502
vt 0.404572 0.481337
vt 0.383288 0.495483
vt 0.36586 0.431149
vt 0.395467 0.454502
vt 0.374425 0.462683
vt 0.395467 0.454502
vt 0.36586 0.431149
vt 0.397032 0.427066
vt 0.425279 0.424682
vt 0.395467 0.454502
vt 0.397032 0.427066
vt 0.395467 0.454502
vt 0.425279 0.424682
vt 0.41493 0.455635
vt 0.425279 0.424682
vt 0.452399 0.398848
vt 0.446915 0.425874
vt 0.452399 0.398848
vt 0.425279 0.424682
vt 0.43709 0.392269
vt 0.425279 0.424682
vt 0.410813 0.382321
vt 0.43709 0.392269
vt 0.410813 0.382321
vt 0.425279 0.424682
vt 0.397032 0.427066
vt 0.450774 0.45177
vt 0.425279 0.424682
vt 0.446915 0.425874
vt 0.41493 0.455635
vt 0.425279 0.424682
vt 0.450774 0.45177
vt 0.409276 0.491773
vt 0.395467 0.454502
vt 0.41493 0.455635
vt 0.395467 0.454502
vt 0.409276 0.491773
vt 0.404572 0.481337
vt 0.396827 0.515351
vt 0.409276 0.491773
vt 0.414102 0.512726
vt 0.409276 0.491773
vt 0.396827 0.515351
vt 0.404572 0.481337
vt 0.409276 0.491773
vt 0.450774 0.45177
vt 0.451619 0.505156
vt 0.409276 0.491773
vt 0.41493 0.455635
vt 0.450774 0.45177
vt 0.832646 0.54225
vt 0.881875 0.526898
vt 0.862099 0.546588
vt 0.832646 0.54225
vt 0.844601 0.518999
vt 0.881875 0.526898
vt 0.832646 0.54225
vt 0.807934 0.557183
vt 0.816085 0.521194
vt 0.844601 0.518999
vt 0.832646 0.54225
vt 0.816085 0.521194
vt 0.640078 0.28287
vt 0.604377 0.283769
vt 0.639465 0.249003
vt 0.604377 0.283769
vt 0.607264 0.248971
vt 0.639465 0.249003
vt 0.709636 0.353652
vt 0.747472 0.322637
vt 0.742989 0.351427
vt 0.747472 0.322637
vt 0.709636 0.353652
vt 0.71099 0.321644
vt 0.747472 0.322637
vt 0.783691 0.326147
vt 0.780894 0.354144
vt 0.742989 0.351427
vt 0.747472 0.322637
vt 0.780894 0.354144
vt 0.747472 0.322637
vt 0.747681 0.287989
vt 0.78487 0.289806
vt 0.783691 0.326147
vt 0.747472 0.322637
vt 0.78487 0.289806
vt 0.710938 0.284544
vt 0.747472 0.322637
vt 0.71099 0.321644
vt 0.747681 0.287989
vt 0.747472 0.322637
vt 0.710938 0.284544
vt 0.675821 0.353009
vt 0.641593 0.321232
vt 0.675377 0.320163
vt 0.641593 0.321232
vt 0.675821 0.353009
vt 0.640967 0.353071
vt 0.675821 0.353009
vt 0.675377 0.320163
vt 0.71099 0.321644
vt 0.709636 0.353652
vt 0.675821 0.353009
vt 0.71099 0.321644
vt 0.871481 0.394731
vt 0.863768 0.354606
vt 0.887554 0.364231
vt 0.886589 0.398106
vt 0.871481 0.394731
vt 0.887554 0.364231
vt 0.855279 0.48654
vt 0.886793 0.490959
vt 0.881875 0.526898
vt 0.844601 0.518999
vt 0.855279 0.48654
vt 0.881875 0.526898
vt 0.886793 0.490959
vt 0.855279 0.48654
vt 0.882412 0.46174
vt 0.855279 0.48654
vt 0.854954 0.453531
vt 0.882412 0.46174
vt 0.594674 0.547339
vt 0.640732 0.583047
vt 0.5971 0.584096
vt 0.640732 0.583047
vt 0.594674 0.547339
vt 0.640829 0.547558
vt 0.426946 0.990532
vt 0.465632 0.976045
vt 0.462448 0.989389
vt 0.426946 0.990532
vt 0.432249 0.977575
vt 0.465632 0.976045
vt 0.394579 0.980859
vt 0.360788 0.934375
vt 0.398952 0.930694
vt 0.360788 0.934375
vt 0.394579 0.980859
vt 0.352367 0.980235
vt 0.394579 0.980859
vt 0.351666 0.990618
vt 0.352367 0.980235
vt 0.351666 0.990618
vt 0.394579 0.980859
vt 0.388979 0.9889
vt 0.394579 0.980859
vt 0.398952 0.930694
vt 0.433652 0.927079
vt 0.432249 0.977575
vt 0.394579 0.980859
vt 0.433652 0.927079
vt 0.426946 0.990532
vt 0.394579 0.980859
vt 0.432249 0.977575
vt 0.394579 0.980859
vt 0.426946 0.990532
vt 0.388979 0.9889
vt 0.46329 0.849151
vt 0.465999 0.826898
vt 0.496025 0.830387
vt 0.500025 0.862743
vt 0.46329 0.849151
vt 0.496025 0.830387
vt 0.47168 0.871507
vt 0.46329 0.849151
vt 0.500172 0.885857
vt 0.46329 0.849151
vt 0.500025 0.862743
vt 0.500172 0.885857
vt 0.465999 0.826898
vt 0.46329 0.849151
vt 0.429088 0.828483
vt 0.46329 0.849151
vt 0.439216 0.833803
vt 0.429088 0.828483
vt 0.46329 0.849151
vt 0.47168 0.871507
vt 0.448162 0.85597
vt 0.439216 0.833803
vt 0.46329 0.849151
vt 0.448162 0.85597
vt 0.603701 0.789077
vt 0.537949 0.858076
vt 0.567539 0.800826
vt 0.603701 0.789077
vt 0.588074 0.845683
vt 0.537949 0.858076
vt 0.603701 0.789077
vt 0.567539 0.800826
vt 0.570618 0.753485
vt 0.597862 0.763599
vt 0.603701 0.789077
vt 0.570618 0.753485
vt 0.588074 0.845683
vt 0.603701 0.789077
vt 0.634835 0.81504
vt 0.603701 0.789077
vt 0.63193 0.789602
vt 0.634835 0.81504
vt 0.63193 0.789602
vt 0.603701 0.789077
vt 0.61799 0.766925
vt 0.61799 0.766925
vt 0.603701 0.789077
vt 0.597862 0.763599
vt 0.797433 0.727236
vt 0.840758 0.682821
vt 0.838375 0.724809
vt 0.840758 0.682821
vt 0.797433 0.727236
vt 0.803653 0.689391
vt 0.935481 0.883503
vt 0.912329 0.872696
vt 0.943598 0.872646
vt 0.912329 0.872696
vt 0.935481 0.883503
vt 0.907759 0.887277
vt 0.902448 0.912102
vt 0.862934 0.885983
vt 0.907759 0.887277
vt 0.862934 0.885983
vt 0.902448 0.912102
vt 0.861139 0.903873
vt 0.824571 0.863507
vt 0.862934 0.885983
vt 0.830303 0.894242
vt 0.830303 0.894242
vt 0.862934 0.885983
vt 0.861139 0.903873
vt 0.862934 0.885983
vt 0.912329 0.872696
vt 0.907759 0.887277
vt 0.912329 0.872696
vt 0.862934 0.885983
vt 0.864976 0.856903
vt 0.759995 0.853765
vt 0.785028 0.831846
vt 0.786158 0.857693
vt 0.785028 0.831846
vt 0.759995 0.853765
vt 0.76567 0.817018
vt 0.704453 0.685066
vt 0.726909 0.715532
vt 0.701552 0.721503
vt 0.726909 0.715532
vt 0.704453 0.685066
vt 0.729847 0.67659
vt 0.704453 0.685066
vt 0.73665 0.644483
vt 0.729847 0.67659
vt 0.704453 0.685066
vt 0.712177 0.65445
vt 0.73665 0.644483
vt 0.666673 0.797576
vt 0.665724 0.78304
vt 0.698565 0.797263
vt 0.665724 0.78304
vt 0.696467 0.775071
vt 0.698565 0.797263
vt 0.665724 0.78304
vt 0.666673 0.797576
vt 0.643862 0.789111
vt 0.635396 0.778555
vt 0.665724 0.78304
vt 0.643862 0.789111
vt 0.696467 0.775071
vt 0.665724 0.78304
vt 0.697762 0.749287
vt 0.665724 0.78304
vt 0.675344 0.748283
vt 0.697762 0.749287
vt 0.665724 0.78304
vt 0.635396 0.778555
vt 0.639972 0.751814
vt 0.675344 0.748283
vt 0.665724 0.78304
vt 0.639972 0.751814
vt 0.531792 0.48048
vt 0.553456 0.50948
vt 0.525384 0.505314
vt 0.553456 0.50948
vt 0.531792 0.48048
vt 0.562812 0.478263
vt 0.525384 0.505314
vt 0.553456 0.50948
vt 0.526139 0.536993
vt 0.553456 0.50948
vt 0.553136 0.544358
vt 0.526139 0.536993
vt 0.522185 0.569581
vt 0.553136 0.544358
vt 0.555272 0.58082
vt 0.553136 0.544358
vt 0.522185 0.569581
vt 0.526139 0.536993
vt 0.522185 0.569581
vt 0.498669 0.540866
vt 0.526139 0.536993
vt 0.522185 0.569581
vt 0.487434 0.579473
vt 0.498669 0.540866
vt 0.60651 0.693673
vt 0.605547 0.651211
vt 0.642873 0.658738
vt 0.644206 0.692533
vt 0.60651 0.693673
vt 0.642873 0.658738
vt 0.60651 0.693673
vt 0.645619 0.725495
vt 0.599668 0.722624
vt 0.645619 0.725495
vt 0.60651 0.693673
vt 0.644206 0.692533
vt 0.57445 0.707514
vt 0.60651 0.693673
vt 0.599668 0.722624
vt 0.560877 0.682395
vt 0.60651 0.693673
vt 0.57445 0.707514
vt 0.568186 0.649437
vt 0.60651 0.693673
vt 0.560877 0.682395
vt 0.60651 0.693673
vt 0.568186 0.649437
vt 0.605547 0.651211
vt 0.568186 0.649437
vt 0.55944 0.609905
vt 0.598253 0.618677
vt 0.605547 0.651211
vt 0.568186 0.649437
vt 0.598253 0.618677
vt 0.517915 0.645567
vt 0.568186 0.649437
vt 0.535469 0.678135
vt 0.568186 0.649437
vt 0.560877 0.682395
vt 0.535469 0.678135
vt 0.492775 0.689843
vt 0.465299 0.66563
vt 0.476043 0.668117
vt 0.492775 0.689843
vt 0.465374 0.693677
vt 0.465299 0.66563
vt 0.497607 0.671156
vt 0.492775 0.689843
vt 0.476043 0.668117
vt 0.492775 0.689843
vt 0.497607 0.671156
vt 0.51749 0.693385
vt 0.465374 0.693677
vt 0.492775 0.689843
vt 0.452776 0.752803
vt 0.492775 0.689843
vt 0.49833 0.716738
vt 0.452776 0.752803
vt 0.531492 0.718932
vt 0.492775 0.689843
vt 0.51749 0.693385
vt 0.49833 0.716738
vt 0.492775 0.689843
vt 0.531492 0.718932
vt 0.0273028 0.974266
vt 0.0624708 0.967944
vt 0.055155 0.980952
vt 0.0178561 0.954863
vt 0.0624708 0.967944
vt 0.0273028 0.974266
vt 0.0624708 0.967944
vt 0.0795062 0.984458
vt 0.055155 0.980952
vt 0.0624708 0.967944
vt 0.0958003 0.960175
vt 0.0795062 0.984458
vt 0.227224 0.901334
vt 0.190986 0.890765
vt 0.230385 0.871506
vt 0.230385 0.871506
vt 0.190986 0.890765
vt 0.194797 0.875743
vt 0.190986 0.890765
vt 0.227224 0.901334
vt 0.219274 0.940748
vt 0.18348 0.929998
vt 0.190986 0.890765
vt 0.219274 0.940748
vt 0.331633 0.759226
vt 0.362286 0.769303
vt 0.369967 0.790084
vt 0.350328 0.768771
vt 0.331633 0.759226
vt 0.369967 0.790084
vt 0.277659 0.778942
vt 0.295562 0.753526
vt 0.295944 0.78208
vt 0.270447 0.796421
vt 0.277659 0.778942
vt 0.295944 0.78208
vt 0.331227 0.84458
vt 0.364916 0.88402
vt 0.33075 0.891037
vt 0.364916 0.88402
vt 0.331227 0.84458
vt 0.361384 0.84038
vt 0.010611 0.763467
vt 0.0303147 0.773891
vt 0.00870963 0.80707
vt 0.00870963 0.80707
vt 0.0303147 0.773891
vt 0.0182385 0.802855
vt 0.0521629 0.807706
vt 0.0303147 0.773891
vt 0.0602685 0.766894
vt 0.0303147 0.773891
vt 0.0521629 0.807706
vt 0.0182385 0.802855
vt 0.0521629 0.807706
vt 0.0213257 0.85236
vt 0.0182385 0.802855
vt 0.0521629 0.807706
vt 0.0567997 0.84596
vt 0.0213257 0.85236
vt 0.00279646 0.633242
vt 0.0053348 0.580602
vt 0.0146087 0.578868
vt 0.0137394 0.633533
vt 0.00279646 0.633242
vt 0.0146087 0.578868
vt 0.0176884 0.653364
vt 0.0460384 0.694877
vt 0.0270223 0.67253
vt 0.0460384 0.694877
vt 0.0176884 0.653364
vt 0.032439 0.658965
vt 0.0176884 0.653364
vt 0.00931244 0.669872
vt 0.00522205 0.647676
vt 0.00931244 0.669872
vt 0.0176884 0.653364
vt 0.0270223 0.67253
vt 0.0176884 0.653364
vt 0.00279646 0.633242
vt 0.0137394 0.633533
vt 0.00279646 0.633242
vt 0.0176884 0.653364
vt 0.00522205 0.647676
vt 0.0501949 0.6292
vt 0.0176884 0.653364
vt 0.0137394 0.633533
vt 0.0176884 0.653364
vt 0.0501949 0.6292
vt 0.032439 0.658965
vt 0.0501949 0.6292
vt 0.0694934 0.664939
vt 0.032439 0.658965
vt 0.0694934 0.664939
vt 0.0501949 0.6292
vt 0.0921524 0.610243
vt 0.0598671 0.565699
vt 0.0501949 0.6292
vt 0.0146087 0.578868
vt 0.0501949 0.6292
vt 0.0137394 0.633533
vt 0.0146087 0.578868
vt 0.0501949 0.6292
vt 0.108035 0.558957
vt 0.0921524 0.610243
vt 0.0501949 0.6292
vt 0.0598671 0.565699
vt 0.108035 0.558957
vt 0.123736 0.848306
vt 0.0867556 0.873713
vt 0.104707 0.839206
vt 0.123736 0.848306
vt 0.130982 0.871
vt 0.0867556 0.873713
vt 0.205408 0.871672
vt 0.238602 0.846219
vt 0.230385 0.871506
vt 0.205408 0.871672
vt 0.230385 0.871506
vt 0.194797 0.875743
vt 0.445055 0.65421
vt 0.465374 0.693677
vt 0.437761 0.696798
vt 0.465374 0.693677
vt 0.445055 0.65421
vt 0.465299 0.66563
vt 0.465299 0.66563
vt 0.445055 0.65421
vt 0.450288 0.643537
vt 0.445055 0.65421
vt 0.4346 0.634793
vt 0.450288 0.643537
vt 0.314627 0.539525
vt 0.265163 0.553104
vt 0.267441 0.534187
vt 0.265163 0.553104
vt 0.314627 0.539525
vt 0.297857 0.558491
vt 0.289989 0.595339
vt 0.265163 0.553104
vt 0.297857 0.558491
vt 0.265163 0.553104
vt 0.289989 0.595339
vt 0.265105 0.606114
vt 0.218267 0.697628
vt 0.250042 0.675905
vt 0.256037 0.71426
vt 0.250042 0.675905
vt 0.218267 0.697628
vt 0.217573 0.675512
vt 0.289989 0.595339
vt 0.250042 0.675905
vt 0.265105 0.606114
vt 0.250042 0.675905
vt 0.289989 0.595339
vt 0.281791 0.664312
vt 0.31034 0.700633
vt 0.325427 0.63696
vt 0.36638 0.617479
vt 0.354074 0.672969
vt 0.31034 0.700633
vt 0.36638 0.617479
vt 0.477255 0.552592
vt 0.487434 0.579473
vt 0.469062 0.584957
vt 0.487434 0.579473
vt 0.477255 0.552592
vt 0.498669 0.540866
vt 0.455963 0.58943
vt 0.477255 0.552592
vt 0.469062 0.584957
vt 0.446899 0.553235
vt 0.477255 0.552592
vt 0.455963 0.58943
vt 0.409276 0.491773
vt 0.45766 0.533193
vt 0.414102 0.512726
vt 0.45766 0.533193
vt 0.409276 0.491773
vt 0.451619 0.505156
vt 0.45766 0.533193
vt 0.411255 0.540549
vt 0.414102 0.512726
vt 0.45766 0.533193
vt 0.446899 0.553235
vt 0.411255 0.540549
vt 0.133355 0.599032
vt 0.0694934 0.664939
vt 0.0921524 0.610243
vt 0.133355 0.599032
vt 0.122334 0.654356
vt 0.0694934 0.664939
vt 0.15188 0.462867
vt 0.163517 0.504901
vt 0.108582 0.456171
vt 0.163517 0.504901
vt 0.118138 0.509031
vt 0.108582 0.456171
vt 0.31636 0.473588
vt 0.353326 0.504745
vt 0.327324 0.504736
vt 0.353326 0.504745
vt 0.31636 0.473588
vt 0.346023 0.466263
vt 0.277021 0.501677
vt 0.31636 0.473588
vt 0.327324 0.504736
vt 0.276322 0.475844
vt 0.31636 0.473588
vt 0.277021 0.501677
vt 0.181533 0.370203
vt 0.264562 0.427673
vt 0.195073 0.421677
vt 0.264562 0.427673
vt 0.181533 0.370203
vt 0.258378 0.385715
vt 0.195073 0.421677
vt 0.264562 0.427673
vt 0.215047 0.470493
vt 0.264562 0.427673
vt 0.276322 0.475844
vt 0.215047 0.470493
vt 0.105641 0.232109
vt 0.119067 0.187082
vt 0.109714 0.224515
vt 0.119067 0.187082
vt 0.105641 0.232109
vt 0.104406 0.200839
vt 0.101189 0.29462
vt 0.0982442 0.317215
vt 0.0998127 0.329807
vt 0.107026 0.274359
vt 0.0982442 0.317215
vt 0.101189 0.29462
vt 0.109382 0.407619
vt 0.137276 0.359715
vt 0.149346 0.410555
vt 0.109581 0.365666
vt 0.137276 0.359715
vt 0.109382 0.407619
vt 0.137276 0.359715
vt 0.195073 0.421677
vt 0.149346 0.410555
vt 0.137276 0.359715
vt 0.181533 0.370203
vt 0.195073 0.421677
vt 0.137276 0.359715
vt 0.167106 0.326338
vt 0.181533 0.370203
vt 0.167106 0.326338
vt 0.137276 0.359715
vt 0.128408 0.316035
vt 0.167106 0.326338
vt 0.160333 0.304002
vt 0.23919 0.312945
vt 0.167106 0.326338
vt 0.23919 0.312945
vt 0.252976 0.342468
vt 0.258378 0.385715
vt 0.167106 0.326338
vt 0.252976 0.342468
vt 0.181533 0.370203
vt 0.167106 0.326338
vt 0.258378 0.385715
vt 0.167106 0.326338
vt 0.129608 0.30009
vt 0.160333 0.304002
vt 0.167106 0.326338
vt 0.128408 0.316035
vt 0.129608 0.30009
vt 0.568628 0.152863
vt 0.569935 0.117922
vt 0.606494 0.154096
vt 0.569935 0.117922
vt 0.605879 0.117321
vt 0.606494 0.154096
vt 0.569935 0.117922
vt 0.565636 0.0794252
vt 0.601743 0.0792493
vt 0.569935 0.117922
vt 0.601743 0.0792493
vt 0.605879 0.117321
vt 0.539325 0.0905744
vt 0.569935 0.117922
vt 0.532156 0.122338
vt 0.565636 0.0794252
vt 0.569935 0.117922
vt 0.539325 0.0905744
vt 0.63836 0.0752821
vt 0.602549 0.0429826
vt 0.638412 0.0419014
vt 0.63836 0.0752821
vt 0.601743 0.0792493
vt 0.602549 0.0429826
vt 0.670545 0.0430892
vt 0.63836 0.0752821
vt 0.638412 0.0419014
vt 0.63836 0.0752821
vt 0.670545 0.0430892
vt 0.671559 0.0756361
vt 0.601743 0.0792493
vt 0.63836 0.0752821
vt 0.605879 0.117321
vt 0.63836 0.0752821
vt 0.641316 0.116378
vt 0.605879 0.117321
vt 0.675461 0.115779
vt 0.63836 0.0752821
vt 0.671559 0.0756361
vt 0.641316 0.116378
vt 0.63836 0.0752821
vt 0.675461 0.115779
vt 0.535852 0.390934
vt 0.500657 0.364204
vt 0.53346 0.360869
vt 0.500657 0.364204
vt 0.535852 0.390934
vt 0.507307 0.392389
vt 0.539929 0.261641
vt 0.502291 0.297899
vt 0.50317 0.261028
vt 0.502291 0.297899
vt 0.539929 0.261641
vt 0.537002 0.296951
vt 0.446842 0.321865
vt 0.428243 0.310369
vt 0.41408 0.289985
vt 0.438445 0.293089
vt 0.446842 0.321865
vt 0.41408 0.289985
vt 0.428751 0.351044
vt 0.446842 0.321865
vt 0.450216 0.358486
vt 0.446842 0.321865
vt 0.428751 0.351044
vt 0.428243 0.310369
vt 0.825037 0.0159153
vt 0.816456 0.0546766
vt 0.775664 0.0157575
vt 0.816456 0.0546766
vt 0.780758 0.0492837
vt 0.775664 0.0157575
vt 0.785673 0.0915505
vt 0.751035 0.126049
vt 0.746337 0.0902505
vt 0.751035 0.126049
vt 0.785673 0.0915505
vt 0.786747 0.133046
vt 0.785673 0.0915505
vt 0.816456 0.0546766
vt 0.815473 0.0984719
vt 0.816456 0.0546766
vt 0.785673 0.0915505
vt 0.780758 0.0492837
vt 0.81659 0.133294
vt 0.785673 0.0915505
vt 0.815473 0.0984719
vt 0.785673 0.0915505
vt 0.81659 0.133294
vt 0.786747 0.133046
vt 0.785045 0.164397
vt 0.81659 0.133294
vt 0.806834 0.163325
vt 0.81659 0.133294
vt 0.785045 0.164397
vt 0.786747 0.133046
vt 0.806834 0.163325
vt 0.81659 0.133294
vt 0.826794 0.162559
vt 0.81659 0.133294
vt 0.828861 0.131272
vt 0.826794 0.162559
vt 0.922181 0.232092
vt 0.955883 0.259461
vt 0.920487 0.258172
vt 0.955883 0.259461
vt 0.922181 0.232092
vt 0.951109 0.236819
vt 0.955883 0.259461
vt 0.977236 0.265361
vt 0.988998 0.285159
vt 0.951151 0.285615
vt 0.955883 0.259461
vt 0.988998 0.285159
vt 0.816057 0.220523
vt 0.798989 0.219401
vt 0.800374 0.190969
vt 0.816023 0.187448
vt 0.816057 0.220523
vt 0.800374 0.190969
vt 0.816057 0.220523
vt 0.811872 0.256392
vt 0.798989 0.219401
vt 0.811872 0.256392
vt 0.816057 0.220523
vt 0.828938 0.258108
vt 0.816057 0.220523
vt 0.845949 0.227625
vt 0.855397 0.258945
vt 0.816057 0.220523
vt 0.855397 0.258945
vt 0.828938 0.258108
vt 0.816057 0.220523
vt 0.844799 0.188826
vt 0.845949 0.227625
vt 0.844799 0.188826
vt 0.816057 0.220523
vt 0.816023 0.187448
vt 0.844799 0.188826
vt 0.867319 0.159656
vt 0.868936 0.182682
vt 0.867319 0.159656
vt 0.844799 0.188826
vt 0.841094 0.169899
vt 0.844799 0.188826
vt 0.816023 0.187448
vt 0.826794 0.162559
vt 0.844799 0.188826
vt 0.826794 0.162559
vt 0.841094 0.169899
vt 0.845949 0.227625
vt 0.844799 0.188826
vt 0.875655 0.232085
vt 0.875655 0.232085
vt 0.844799 0.188826
vt 0.868936 0.182682
vt 0.985519 0.2402
vt 0.955883 0.259461
vt 0.951109 0.236819
vt 0.955883 0.259461
vt 0.985519 0.2402
vt 0.977236 0.265361
vt 0.99111 0.0990309
vt 0.945328 0.141995
vt 0.963605 0.106403
vt 0.945328 0.141995
vt 0.99111 0.0990309
vt 0.987942 0.13873
vt 0.90693 0.372669
vt 0.906515 0.407734
vt 0.886589 0.398106
vt 0.90693 0.372669
vt 0.886589 0.398106
vt 0.887554 0.364231
vt 0.890443 0.287394
vt 0.891997 0.323522
vt 0.864003 0.290737
vt 0.864003 0.290737
vt 0.891997 0.323522
vt 0.866913 0.319299
vt 0.863768 0.354606
vt 0.891997 0.323522
vt 0.887554 0.364231
vt 0.891997 0.323522
vt 0.863768 0.354606
vt 0.866913 0.319299
vt 0.891997 0.323522
vt 0.90693 0.372669
vt 0.887554 0.364231
vt 0.90693 0.372669
vt 0.891997 0.323522
vt 0.914497 0.32519
vt 0.891993 0.257384
vt 0.920206 0.287315
vt 0.890443 0.287394
vt 0.920206 0.287315
vt 0.891993 0.257384
vt 0.920487 0.258172
vt 0.920206 0.287315
vt 0.955883 0.259461
vt 0.951151 0.285615
vt 0.955883 0.259461
vt 0.920206 0.287315
vt 0.920487 0.258172
vt 0.891997 0.323522
vt 0.920206 0.287315
vt 0.914497 0.32519
vt 0.920206 0.287315
vt 0.891997 0.323522
vt 0.890443 0.287394
vt 0.920206 0.287315
vt 0.951151 0.285615
vt 0.950316 0.322991
vt 0.914497 0.32519
vt 0.920206 0.287315
vt 0.950316 0.322991
vt 0.672616 0.0146262
vt 0.702703 0.0455408
vt 0.670545 0.0430892
vt 0.702703 0.0455408
vt 0.672616 0.0146262
vt 0.704743 0.0154845
vt 0.702703 0.0455408
vt 0.711345 0.0886871
vt 0.671559 0.0756361
vt 0.670545 0.0430892
vt 0.702703 0.0455408
vt 0.671559 0.0756361
vt 0.913263 0.579381
vt 0.94582 0.577145
vt 0.950086 0.612327
vt 0.913263 0.579381
vt 0.950086 0.612327
vt 0.903837 0.615853
vt 0.94582 0.577145
vt 0.913263 0.579381
vt 0.93684 0.564871
vt 0.913263 0.579381
vt 0.900241 0.562239
vt 0.93684 0.564871
vt 0.780116 0.633686
vt 0.745557 0.673703
vt 0.755646 0.639612
vt 0.745557 0.673703
vt 0.780116 0.633686
vt 0.770014 0.669512
vt 0.818226 0.60428
vt 0.780116 0.633686
vt 0.794444 0.606647
vt 0.780116 0.633686
vt 0.818226 0.60428
vt 0.816602 0.627619
vt 0.780116 0.633686
vt 0.755646 0.639612
vt 0.76968 0.609446
vt 0.794444 0.606647
vt 0.780116 0.633686
vt 0.76968 0.609446
vt 0.906515 0.407734
vt 0.938996 0.41926
vt 0.905449 0.431475
vt 0.938996 0.41926
vt 0.946966 0.44979
vt 0.905449 0.431475
vt 0.988338 0.483167
vt 0.977132 0.483881
vt 0.966741 0.475168
vt 0.977132 0.483881
vt 0.988338 0.483167
vt 0.993968 0.501284
vt 0.864003 0.290737
vt 0.837328 0.288797
vt 0.855397 0.258945
vt 0.855397 0.258945
vt 0.837328 0.288797
vt 0.828938 0.258108
vt 0.303402 0.296656
vt 0.221887 0.286049
vt 0.229766 0.254982
vt 0.311357 0.267208
vt 0.303402 0.296656
vt 0.229766 0.254982
vt 0.221887 0.286049
vt 0.303402 0.296656
vt 0.23919 0.312945
vt 0.303402 0.296656
vt 0.315469 0.325977
vt 0.23919 0.312945
vt 0.364918 0.289071
vt 0.392513 0.261329
vt 0.387299 0.28847
vt 0.364918 0.289071
vt 0.371761 0.271434
vt 0.392513 0.261329
vt 0.386151 0.310555
vt 0.364918 0.289071
vt 0.387299 0.28847
vt 0.359361 0.322229
vt 0.364918 0.289071
vt 0.386151 0.310555
vt 0.317569 0.360452
vt 0.350086 0.393894
vt 0.316106 0.39452
vt 0.349965 0.358767
vt 0.350086 0.393894
vt 0.317569 0.360452
vt 0.350086 0.393894
vt 0.36586 0.431149
vt 0.34131 0.428722
vt 0.350086 0.393894
vt 0.365843 0.382677
vt 0.36586 0.431149
vt 0.350086 0.393894
vt 0.349965 0.358767
vt 0.362795 0.348951
vt 0.365843 0.382677
vt 0.350086 0.393894
vt 0.362795 0.348951
vt 0.569935 0.117922
vt 0.538201 0.153538
vt 0.532156 0.122338
vt 0.538201 0.153538
vt 0.569935 0.117922
vt 0.568628 0.152863
vt 0.573864 0.187118
vt 0.538201 0.153538
vt 0.568628 0.152863
vt 0.538201 0.153538
vt 0.573864 0.187118
vt 0.541728 0.187787
vt 0.504915 0.156736
vt 0.538201 0.153538
vt 0.509 0.188107
vt 0.509 0.188107
vt 0.538201 0.153538
vt 0.541728 0.187787
vt 0.538201 0.153538
vt 0.509854 0.13008
vt 0.532156 0.122338
vt 0.538201 0.153538
vt 0.504915 0.156736
vt 0.509854 0.13008
vt 0.541949 0.220347
vt 0.509 0.188107
vt 0.541728 0.187787
vt 0.509 0.188107
vt 0.541949 0.220347
vt 0.506984 0.222992
vt 0.541949 0.220347
vt 0.573864 0.187118
vt 0.57606 0.218597
vt 0.573864 0.187118
vt 0.541949 0.220347
vt 0.541728 0.187787
vt 0.541949 0.220347
vt 0.539929 0.261641
vt 0.50317 0.261028
vt 0.541949 0.220347
vt 0.50317 0.261028
vt 0.506984 0.222992
vt 0.541949 0.220347
vt 0.57606 0.218597
vt 0.576351 0.251049
vt 0.539929 0.261641
vt 0.541949 0.220347
vt 0.576351 0.251049
vt 0.43028 0.263228
vt 0.41408 0.289985
vt 0.408638 0.26436
vt 0.43028 0.263228
vt 0.438445 0.293089
vt 0.41408 0.289985
vt 0.43028 0.263228
vt 0.422408 0.229423
vt 0.439598 0.226774
vt 0.422408 0.229423
vt 0.43028 0.263228
vt 0.408638 0.26436
vt 0.467013 0.225246
vt 0.43028 0.263228
vt 0.439598 0.226774
vt 0.43028 0.263228
vt 0.467013 0.225246
vt 0.462217 0.264907
vt 0.445991 0.191718
vt 0.467013 0.225246
vt 0.439598 0.226774
vt 0.467013 0.225246
vt 0.445991 0.191718
vt 0.473772 0.187855
vt 0.509 0.188107
vt 0.467013 0.225246
vt 0.473772 0.187855
vt 0.467013 0.225246
vt 0.509 0.188107
vt 0.506984 0.222992
vt 0.50317 0.261028
vt 0.467013 0.225246
vt 0.506984 0.222992
vt 0.462217 0.264907
vt 0.467013 0.225246
vt 0.50317 0.261028
vt 0.346147 0.209529
vt 0.37462 0.241269
vt 0.344527 0.241732
vt 0.374266 0.207455
vt 0.37462 0.241269
vt 0.346147 0.209529
vt 0.37462 0.241269
vt 0.347453 0.274301
vt 0.344527 0.241732
vt 0.347453 0.274301
vt 0.37462 0.241269
vt 0.371761 0.271434
vt 0.37462 0.241269
vt 0.374266 0.207455
vt 0.401419 0.204304
vt 0.40176 0.231493
vt 0.37462 0.241269
vt 0.401419 0.204304
vt 0.37462 0.241269
vt 0.40176 0.231493
vt 0.392513 0.261329
vt 0.371761 0.271434
vt 0.37462 0.241269
vt 0.392513 0.261329
vt 0.396359 0.151707
vt 0.375081 0.176448
vt 0.367825 0.143891
vt 0.396359 0.151707
vt 0.400886 0.178507
vt 0.375081 0.176448
vt 0.363561 0.114417
vt 0.396359 0.151707
vt 0.367825 0.143891
vt 0.396359 0.151707
vt 0.363561 0.114417
vt 0.382147 0.124127
vt 0.400886 0.178507
vt 0.396359 0.151707
vt 0.431132 0.17933
vt 0.396359 0.151707
vt 0.430914 0.15473
vt 0.431132 0.17933
vt 0.427312 0.121571
vt 0.396359 0.151707
vt 0.382147 0.124127
vt 0.430914 0.15473
vt 0.396359 0.151707
vt 0.427312 0.121571
vt 0.541087 0.912665
vt 0.565308 0.920422
vt 0.55336 0.920697
vt 0.565308 0.920422
vt 0.578118 0.935244
vt 0.55336 0.920697
vt 0.531907 0.898013
vt 0.565308 0.920422
vt 0.541087 0.912665
vt 0.565308 0.920422
vt 0.531907 0.898013
vt 0.56176 0.887161
vt 0.565308 0.920422
vt 0.610705 0.957979
vt 0.578118 0.935244
vt 0.565308 0.920422
vt 0.592388 0.926559
vt 0.610705 0.957979
vt 0.618279 0.873884
vt 0.565308 0.920422
vt 0.56176 0.887161
vt 0.592388 0.926559
vt 0.565308 0.920422
vt 0.618279 0.873884
vt 0.782102 0.587348
vt 0.794444 0.606647
vt 0.76968 0.609446
vt 0.794444 0.606647
vt 0.782102 0.587348
vt 0.802144 0.58019
vt 0.807934 0.557183
vt 0.782102 0.587348
vt 0.782845 0.556802
vt 0.782102 0.587348
vt 0.807934 0.557183
vt 0.802144 0.58019
vt 0.840758 0.682821
vt 0.892101 0.727814
vt 0.838375 0.724809
vt 0.892101 0.727814
vt 0.840758 0.682821
vt 0.89966 0.68403
vt 0.93924 0.684583
vt 0.892101 0.727814
vt 0.89966 0.68403
vt 0.935127 0.729299
vt 0.892101 0.727814
vt 0.93924 0.684583
vt 0.735514 0.841888
vt 0.759995 0.853765
vt 0.783469 0.885236
vt 0.75277 0.878955
vt 0.735514 0.841888
vt 0.783469 0.885236
vt 0.735514 0.841888
vt 0.75277 0.878955
vt 0.714448 0.870712
vt 0.713401 0.842463
vt 0.735514 0.841888
vt 0.714448 0.870712
vt 0.735514 0.841888
vt 0.734881 0.813041
vt 0.76567 0.817018
vt 0.759995 0.853765
vt 0.735514 0.841888
vt 0.76567 0.817018
vt 0.704359 0.822767
vt 0.735514 0.841888
vt 0.713401 0.842463
vt 0.734881 0.813041
vt 0.735514 0.841888
vt 0.704359 0.822767
vt 0.866202 0.973004
vt 0.859395 0.923975
vt 0.885406 0.97417
vt 0.885406 0.97417
vt 0.859395 0.923975
vt 0.892293 0.927333
vt 0.859395 0.923975
vt 0.902448 0.912102
vt 0.892293 0.927333
vt 0.902448 0.912102
vt 0.859395 0.923975
vt 0.861139 0.903873
vt 0.859395 0.923975
vt 0.830303 0.894242
vt 0.861139 0.903873
vt 0.859395 0.923975
vt 0.845038 0.927265
vt 0.830303 0.894242
vt 0.859395 0.923975
vt 0.852134 0.970028
vt 0.845038 0.927265
vt 0.852134 0.970028
vt 0.859395 0.923975
vt 0.866202 0.973004
vt 0.852134 0.970028
vt 0.836108 0.987246
vt 0.842849 0.964507
vt 0.852134 0.970028
vt 0.837052 0.984437
vt 0.836108 0.987246
vt 0.837052 0.984437
vt 0.852134 0.970028
vt 0.856113 0.990865
vt 0.852134 0.970028
vt 0.866202 0.973004
vt 0.856113 0.990865
vt 0.834663 0.933
vt 0.852134 0.970028
vt 0.842849 0.964507
vt 0.845038 0.927265
vt 0.852134 0.970028
vt 0.834663 0.933
vt 0.539929 0.261641
vt 0.573207 0.287498
vt 0.537002 0.296951
vt 0.573207 0.287498
vt 0.539929 0.261641
vt 0.576351 0.251049
vt 0.607264 0.248971
vt 0.573207 0.287498
vt 0.576351 0.251049
vt 0.604377 0.283769
vt 0.573207 0.287498
vt 0.607264 0.248971
vt 0.897583 0.459535
vt 0.882398 0.42735
vt 0.900244 0.425512
vt 0.882412 0.46174
vt 0.882398 0.42735
vt 0.897583 0.459535
vt 0.882398 0.42735
vt 0.886589 0.398106
vt 0.900244 0.425512
vt 0.882398 0.42735
vt 0.871481 0.394731
vt 0.886589 0.398106
vt 0.783758 0.522639
vt 0.818484 0.485817
vt 0.816085 0.521194
vt 0.818484 0.485817
vt 0.783758 0.522639
vt 0.778266 0.492835
vt 0.818484 0.485817
vt 0.824763 0.451421
vt 0.854954 0.453531
vt 0.855279 0.48654
vt 0.818484 0.485817
vt 0.854954 0.453531
vt 0.818484 0.485817
vt 0.844601 0.518999
vt 0.816085 0.521194
vt 0.818484 0.485817
vt 0.855279 0.48654
vt 0.844601 0.518999
vt 0.712177 0.65445
vt 0.687792 0.620152
vt 0.720458 0.618159
vt 0.687792 0.620152
vt 0.712177 0.65445
vt 0.681677 0.657924
vt 0.682114 0.549273
vt 0.642774 0.513079
vt 0.680956 0.512295
vt 0.642774 0.513079
vt 0.682114 0.549273
vt 0.640829 0.547558
vt 0.567031 0.450193
vt 0.599636 0.479495
vt 0.562812 0.478263
vt 0.60386 0.448569
vt 0.599636 0.479495
vt 0.567031 0.450193
vt 0.572804 0.359528
vt 0.603489 0.384787
vt 0.568865 0.388314
vt 0.604557 0.354352
vt 0.603489 0.384787
vt 0.572804 0.359528
vt 0.818484 0.485817
vt 0.779255 0.454304
vt 0.824763 0.451421
vt 0.779255 0.454304
vt 0.818484 0.485817
vt 0.778266 0.492835
vt 0.742097 0.414792
vt 0.779255 0.454304
vt 0.739491 0.452953
vt 0.779255 0.454304
vt 0.742097 0.414792
vt 0.781134 0.416599
vt 0.717348 0.5147
vt 0.682114 0.549273
vt 0.680956 0.512295
vt 0.682114 0.549273
vt 0.717348 0.5147
vt 0.723852 0.554577
vt 0.751951 0.556399
vt 0.717348 0.5147
vt 0.748521 0.516074
vt 0.717348 0.5147
vt 0.751951 0.556399
vt 0.723852 0.554577
vt 0.779255 0.454304
vt 0.740875 0.485547
vt 0.739491 0.452953
vt 0.740875 0.485547
vt 0.779255 0.454304
vt 0.778266 0.492835
vt 0.717348 0.5147
vt 0.740875 0.485547
vt 0.748521 0.516074
vt 0.740875 0.485547
vt 0.717348 0.5147
vt 0.71294 0.483336
vt 0.748521 0.516074
vt 0.740875 0.485547
vt 0.783758 0.522639
vt 0.783758 0.522639
vt 0.740875 0.485547
vt 0.778266 0.492835
vt 0.739491 0.452953
vt 0.740875 0.485547
vt 0.709146 0.453587
vt 0.740875 0.485547
vt 0.71294 0.483336
vt 0.709146 0.453587
vt 0.804747 0.65833
vt 0.774936 0.692925
vt 0.770014 0.669512
vt 0.774936 0.692925
vt 0.804747 0.65833
vt 0.803653 0.689391
vt 0.780116 0.633686
vt 0.804747 0.65833
vt 0.770014 0.669512
vt 0.804747 0.65833
vt 0.780116 0.633686
vt 0.816602 0.627619
vt 0.862934 0.885983
vt 0.817269 0.848416
vt 0.864976 0.856903
vt 0.817269 0.848416
vt 0.862934 0.885983
vt 0.824571 0.863507
vt 0.817269 0.848416
vt 0.824571 0.863507
vt 0.786158 0.857693
vt 0.785028 0.831846
vt 0.817269 0.848416
vt 0.786158 0.857693
vt 0.676068 0.693443
vt 0.644206 0.692533
vt 0.642873 0.658738
vt 0.681677 0.657924
vt 0.676068 0.693443
vt 0.642873 0.658738
vt 0.645619 0.725495
vt 0.676068 0.693443
vt 0.676601 0.721156
vt 0.676068 0.693443
vt 0.645619 0.725495
vt 0.644206 0.692533
vt 0.712177 0.65445
vt 0.676068 0.693443
vt 0.681677 0.657924
vt 0.704453 0.685066
vt 0.676068 0.693443
vt 0.712177 0.65445
vt 0.676068 0.693443
vt 0.701552 0.721503
vt 0.676601 0.721156
vt 0.676068 0.693443
vt 0.704453 0.685066
vt 0.701552 0.721503
vt 0.516533 0.603075
vt 0.568186 0.649437
vt 0.517915 0.645567
vt 0.568186 0.649437
vt 0.516533 0.603075
vt 0.55944 0.609905
vt 0.516533 0.603075
vt 0.517915 0.645567
vt 0.486554 0.64039
vt 0.479246 0.611826
vt 0.516533 0.603075
vt 0.486554 0.64039
vt 0.487434 0.579473
vt 0.516533 0.603075
vt 0.479246 0.611826
vt 0.522185 0.569581
vt 0.516533 0.603075
vt 0.487434 0.579473
vt 0.55944 0.609905
vt 0.516533 0.603075
vt 0.555272 0.58082
vt 0.516533 0.603075
vt 0.522185 0.569581
vt 0.555272 0.58082
vt 0.010178 0.922616
vt 0.0656681 0.966629
vt 0.0178561 0.954863
vt 0.0656681 0.966629
vt 0.0624708 0.967944
vt 0.0178561 0.954863
vt 0.0656681 0.966629
vt 0.010178 0.922616
vt 0.0424565 0.872786
vt 0.0665414 0.905364
vt 0.0656681 0.966629
vt 0.0424565 0.872786
vt 0.0624708 0.967944
vt 0.0656681 0.966629
vt 0.0958003 0.960175
vt 0.0656681 0.966629
vt 0.110914 0.929696
vt 0.0958003 0.960175
vt 0.0656681 0.966629
vt 0.0665414 0.905364
vt 0.102305 0.920809
vt 0.110914 0.929696
vt 0.0656681 0.966629
vt 0.102305 0.920809
vt 0.158277 0.920603
vt 0.177914 0.975804
vt 0.151041 0.965215
vt 0.158277 0.920603
vt 0.18348 0.929998
vt 0.177914 0.975804
vt 0.305698 0.748675
vt 0.316605 0.757497
vt 0.295562 0.753526
vt 0.305698 0.748675
vt 0.295562 0.753526
vt 0.288488 0.743156
vt 0.280684 0.728949
vt 0.305698 0.748675
vt 0.288488 0.743156
vt 0.305698 0.748675
vt 0.280684 0.728949
vt 0.295738 0.73421
vt 0.316605 0.757497
vt 0.305698 0.748675
vt 0.350328 0.768771
vt 0.305698 0.748675
vt 0.331633 0.759226
vt 0.350328 0.768771
vt 0.305698 0.748675
vt 0.320219 0.727318
vt 0.331633 0.759226
vt 0.320219 0.727318
vt 0.305698 0.748675
vt 0.295738 0.73421
vt 0.320219 0.727318
vt 0.31034 0.700633
vt 0.354074 0.672969
vt 0.31034 0.700633
vt 0.320219 0.727318
vt 0.295738 0.73421
vt 0.362286 0.769303
vt 0.320219 0.727318
vt 0.370664 0.712413
vt 0.331633 0.759226
vt 0.320219 0.727318
vt 0.362286 0.769303
vt 0.291582 0.847828
vt 0.257348 0.851813
vt 0.259287 0.823076
vt 0.293879 0.806292
vt 0.291582 0.847828
vt 0.259287 0.823076
vt 0.291582 0.847828
vt 0.297745 0.900121
vt 0.265133 0.897094
vt 0.257348 0.851813
vt 0.291582 0.847828
vt 0.265133 0.897094
vt 0.297745 0.900121
vt 0.291582 0.847828
vt 0.33075 0.891037
vt 0.291582 0.847828
vt 0.331227 0.84458
vt 0.33075 0.891037
vt 0.291582 0.847828
vt 0.327549 0.807149
vt 0.331227 0.84458
vt 0.327549 0.807149
vt 0.291582 0.847828
vt 0.293879 0.806292
vt 0.35953 0.798971
vt 0.327549 0.807149
vt 0.353066 0.783457
vt 0.353066 0.783457
vt 0.327549 0.807149
vt 0.328241 0.777941
vt 0.327549 0.807149
vt 0.295944 0.78208
vt 0.328241 0.777941
vt 0.327549 0.807149
vt 0.293879 0.806292
vt 0.295944 0.78208
vt 0.327549 0.807149
vt 0.35953 0.798971
vt 0.361384 0.84038
vt 0.331227 0.84458
vt 0.327549 0.807149
vt 0.361384 0.84038
vt 0.0374846 0.704061
vt 0.00931244 0.669872
vt 0.0270223 0.67253
vt 0.0374846 0.704061
vt 0.0134708 0.697707
vt 0.00931244 0.669872
vt 0.197762 0.706189
vt 0.151391 0.730106
vt 0.163496 0.708858
vt 0.151391 0.730106
vt 0.197762 0.706189
vt 0.197597 0.73407
vt 0.123736 0.848306
vt 0.157651 0.869508
vt 0.130982 0.871
vt 0.130982 0.871
vt 0.157651 0.869508
vt 0.162367 0.876068
vt 0.157651 0.869508
vt 0.205408 0.871672
vt 0.194797 0.875743
vt 0.162367 0.876068
vt 0.157651 0.869508
vt 0.194797 0.875743
vt 0.403877 0.655792
vt 0.320219 0.727318
vt 0.354074 0.672969
vt 0.320219 0.727318
vt 0.403877 0.655792
vt 0.370664 0.712413
vt 0.370664 0.712413
vt 0.403877 0.655792
vt 0.437761 0.696798
vt 0.403877 0.655792
vt 0.445055 0.65421
vt 0.437761 0.696798
vt 0.250042 0.675905
vt 0.279805 0.71479
vt 0.256037 0.71426
vt 0.279805 0.71479
vt 0.250042 0.675905
vt 0.281791 0.664312
vt 0.279805 0.71479
vt 0.31034 0.700633
vt 0.295738 0.73421
vt 0.280684 0.728949
vt 0.279805 0.71479
vt 0.295738 0.73421
vt 0.31034 0.700633
vt 0.279805 0.71479
vt 0.325427 0.63696
vt 0.325427 0.63696
vt 0.279805 0.71479
vt 0.281791 0.664312
vt 0.498669 0.540866
vt 0.491649 0.527572
vt 0.512045 0.511984
vt 0.477255 0.552592
vt 0.491649 0.527572
vt 0.498669 0.540866
vt 0.491649 0.527572
vt 0.512161 0.486671
vt 0.512045 0.511984
vt 0.491649 0.527572
vt 0.497879 0.494885
vt 0.512161 0.486671
vt 0.491649 0.527572
vt 0.477255 0.552592
vt 0.446899 0.553235
vt 0.45766 0.533193
vt 0.491649 0.527572
vt 0.446899 0.553235
vt 0.497879 0.494885
vt 0.491649 0.527572
vt 0.451619 0.505156
vt 0.491649 0.527572
vt 0.45766 0.533193
vt 0.451619 0.505156
vt 0.184793 0.669539
vt 0.157387 0.602628
vt 0.171867 0.60235
vt 0.157387 0.602628
vt 0.184793 0.669539
vt 0.152977 0.658443
vt 0.133355 0.599032
vt 0.157387 0.602628
vt 0.122334 0.654356
vt 0.122334 0.654356
vt 0.157387 0.602628
vt 0.152977 0.658443
vt 0.318797 0.432111
vt 0.350086 0.393894
vt 0.34131 0.428722
vt 0.350086 0.393894
vt 0.318797 0.432111
vt 0.316106 0.39452
vt 0.318797 0.432111
vt 0.34131 0.428722
vt 0.346023 0.466263
vt 0.31636 0.473588
vt 0.318797 0.432111
vt 0.346023 0.466263
vt 0.318797 0.432111
vt 0.31636 0.473588
vt 0.276322 0.475844
vt 0.264562 0.427673
vt 0.318797 0.432111
vt 0.276322 0.475844
vt 0.318797 0.432111
vt 0.258378 0.385715
vt 0.316106 0.39452
vt 0.318797 0.432111
vt 0.264562 0.427673
vt 0.258378 0.385715
vt 0.066496 0.233966
vt 0.0217424 0.234811
vt 0.027219 0.204276
vt 0.0588626 0.194065
vt 0.066496 0.233966
vt 0.027219 0.204276
vt 0.066496 0.233966
vt 0.0588626 0.194065
vt 0.104406 0.200839
vt 0.105641 0.232109
vt 0.066496 0.233966
vt 0.104406 0.200839
vt 0.112126 0.329126
vt 0.137276 0.359715
vt 0.109581 0.365666
vt 0.137276 0.359715
vt 0.112126 0.329126
vt 0.128408 0.316035
vt 0.446842 0.321865
vt 0.472695 0.36468
vt 0.450216 0.358486
vt 0.472695 0.36468
vt 0.446842 0.321865
vt 0.469282 0.328873
vt 0.452399 0.398848
vt 0.472695 0.36468
vt 0.472927 0.401732
vt 0.472695 0.36468
vt 0.452399 0.398848
vt 0.450216 0.358486
vt 0.472927 0.401732
vt 0.472695 0.36468
vt 0.507307 0.392389
vt 0.472695 0.36468
vt 0.500657 0.364204
vt 0.507307 0.392389
vt 0.472695 0.36468
vt 0.498061 0.333502
vt 0.500657 0.364204
vt 0.498061 0.333502
vt 0.472695 0.36468
vt 0.469282 0.328873
vt 0.500657 0.364204
vt 0.498061 0.333502
vt 0.53346 0.360869
vt 0.498061 0.333502
vt 0.532829 0.330535
vt 0.53346 0.360869
vt 0.498061 0.333502
vt 0.502291 0.297899
vt 0.537002 0.296951
vt 0.532829 0.330535
vt 0.498061 0.333502
vt 0.537002 0.296951
vt 0.446842 0.321865
vt 0.466873 0.296321
vt 0.469282 0.328873
vt 0.466873 0.296321
vt 0.446842 0.321865
vt 0.438445 0.293089
vt 0.466873 0.296321
vt 0.43028 0.263228
vt 0.462217 0.264907
vt 0.43028 0.263228
vt 0.466873 0.296321
vt 0.438445 0.293089
vt 0.498061 0.333502
vt 0.466873 0.296321
vt 0.502291 0.297899
vt 0.466873 0.296321
vt 0.498061 0.333502
vt 0.469282 0.328873
vt 0.502291 0.297899
vt 0.466873 0.296321
vt 0.50317 0.261028
vt 0.466873 0.296321
vt 0.462217 0.264907
vt 0.50317 0.261028
vt 0.862682 0.0607626
vt 0.897587 0.0225296
vt 0.894789 0.0506795
vt 0.897587 0.0225296
vt 0.862682 0.0607626
vt 0.877467 0.0366105
vt 0.874456 0.133887
vt 0.898423 0.156626
vt 0.867319 0.159656
vt 0.898423 0.156626
vt 0.874456 0.133887
vt 0.917027 0.1306
vt 0.963605 0.106403
vt 0.898423 0.156626
vt 0.917027 0.1306
vt 0.945328 0.141995
vt 0.898423 0.156626
vt 0.963605 0.106403
vt 0.741116 0.0472172
vt 0.737162 0.0147023
vt 0.775664 0.0157575
vt 0.780758 0.0492837
vt 0.741116 0.0472172
vt 0.775664 0.0157575
vt 0.741116 0.0472172
vt 0.785673 0.0915505
vt 0.746337 0.0902505
vt 0.785673 0.0915505
vt 0.741116 0.0472172
vt 0.780758 0.0492837
vt 0.737162 0.0147023
vt 0.741116 0.0472172
vt 0.704743 0.0154845
vt 0.741116 0.0472172
vt 0.702703 0.0455408
vt 0.704743 0.0154845
vt 0.711345 0.0886871
vt 0.741116 0.0472172
vt 0.746337 0.0902505
vt 0.702703 0.0455408
vt 0.741116 0.0472172
vt 0.711345 0.0886871
vt 0.864492 0.562674
vt 0.824884 0.570721
vt 0.862099 0.546588
vt 0.824884 0.570721
vt 0.832646 0.54225
vt 0.862099 0.546588
vt 0.832646 0.54225
vt 0.824884 0.570721
vt 0.807934 0.557183
vt 0.807934 0.557183
vt 0.824884 0.570721
vt 0.802144 0.58019
vt 0.824884 0.570721
vt 0.794444 0.606647
vt 0.802144 0.58019
vt 0.824884 0.570721
vt 0.818226 0.60428
vt 0.794444 0.606647
vt 0.824884 0.570721
vt 0.855336 0.589262
vt 0.818226 0.60428
vt 0.855336 0.589262
vt 0.824884 0.570721
vt 0.864492 0.562674
vt 0.818226 0.60428
vt 0.855336 0.589262
vt 0.816602 0.627619
vt 0.855336 0.589262
vt 0.846343 0.615647
vt 0.816602 0.627619
vt 0.855336 0.589262
vt 0.913263 0.579381
vt 0.903837 0.615853
vt 0.846343 0.615647
vt 0.855336 0.589262
vt 0.903837 0.615853
vt 0.900241 0.562239
vt 0.855336 0.589262
vt 0.864492 0.562674
vt 0.913263 0.579381
vt 0.855336 0.589262
vt 0.900241 0.562239
vt 0.940897 0.365443
vt 0.90693 0.372669
vt 0.914497 0.32519
vt 0.940897 0.365443
vt 0.914497 0.32519
vt 0.950316 0.322991
vt 0.997443 0.316425
vt 0.940897 0.365443
vt 0.950316 0.322991
vt 0.993637 0.364408
vt 0.940897 0.365443
vt 0.997443 0.316425
vt 0.90693 0.372669
vt 0.940897 0.365443
vt 0.906515 0.407734
vt 0.940897 0.365443
vt 0.938996 0.41926
vt 0.906515 0.407734
vt 0.940897 0.365443
vt 0.993637 0.364408
vt 0.982784 0.422029
vt 0.938996 0.41926
vt 0.940897 0.365443
vt 0.982784 0.422029
vt 0.938996 0.41926
vt 0.983405 0.453872
vt 0.946966 0.44979
vt 0.983405 0.453872
vt 0.938996 0.41926
vt 0.982784 0.422029
vt 0.946966 0.44979
vt 0.983405 0.453872
vt 0.966741 0.475168
vt 0.983405 0.453872
vt 0.988338 0.483167
vt 0.966741 0.475168
vt 0.816607 0.291449
vt 0.818909 0.323548
vt 0.783691 0.326147
vt 0.816607 0.291449
vt 0.783691 0.326147
vt 0.78487 0.289806
vt 0.811872 0.256392
vt 0.816607 0.291449
vt 0.785685 0.256028
vt 0.785685 0.256028
vt 0.816607 0.291449
vt 0.78487 0.289806
vt 0.816607 0.291449
vt 0.811872 0.256392
vt 0.828938 0.258108
vt 0.837328 0.288797
vt 0.816607 0.291449
vt 0.828938 0.258108
vt 0.843894 0.317852
vt 0.816607 0.291449
vt 0.837328 0.288797
vt 0.816607 0.291449
vt 0.843894 0.317852
vt 0.818909 0.323548
vt 0.863768 0.354606
vt 0.843894 0.317852
vt 0.866913 0.319299
vt 0.843894 0.317852
vt 0.863768 0.354606
vt 0.851548 0.354628
vt 0.820503 0.357124
vt 0.843894 0.317852
vt 0.851548 0.354628
vt 0.818909 0.323548
vt 0.843894 0.317852
vt 0.820503 0.357124
vt 0.843894 0.317852
vt 0.864003 0.290737
vt 0.866913 0.319299
vt 0.843894 0.317852
vt 0.837328 0.288797
vt 0.864003 0.290737
vt 0.315469 0.325977
vt 0.346475 0.2998
vt 0.343175 0.331637
vt 0.303402 0.296656
vt 0.346475 0.2998
vt 0.315469 0.325977
vt 0.347453 0.274301
vt 0.346475 0.2998
vt 0.311357 0.267208
vt 0.346475 0.2998
vt 0.303402 0.296656
vt 0.311357 0.267208
vt 0.346475 0.2998
vt 0.359361 0.322229
vt 0.343175 0.331637
vt 0.346475 0.2998
vt 0.364918 0.289071
vt 0.359361 0.322229
vt 0.346475 0.2998
vt 0.347453 0.274301
vt 0.371761 0.271434
vt 0.364918 0.289071
vt 0.346475 0.2998
vt 0.371761 0.271434
vt 0.751951 0.556399
vt 0.755116 0.587488
vt 0.723852 0.554577
vt 0.755116 0.587488
vt 0.724507 0.585497
vt 0.723852 0.554577
vt 0.755116 0.587488
vt 0.745903 0.614262
vt 0.720458 0.618159
vt 0.724507 0.585497
vt 0.755116 0.587488
vt 0.720458 0.618159
vt 0.755116 0.587488
vt 0.751951 0.556399
vt 0.782845 0.556802
vt 0.782102 0.587348
vt 0.755116 0.587488
vt 0.782845 0.556802
vt 0.745903 0.614262
vt 0.755116 0.587488
vt 0.76968 0.609446
vt 0.755116 0.587488
vt 0.782102 0.587348
vt 0.76968 0.609446
vt 0.899173 0.786374
vt 0.935127 0.729299
vt 0.943571 0.789569
vt 0.899173 0.786374
vt 0.892101 0.727814
vt 0.935127 0.729299
vt 0.569647 0.329397
vt 0.572804 0.359528
vt 0.53346 0.360869
vt 0.532829 0.330535
vt 0.569647 0.329397
vt 0.53346 0.360869
vt 0.573207 0.287498
vt 0.569647 0.329397
vt 0.537002 0.296951
vt 0.569647 0.329397
vt 0.532829 0.330535
vt 0.537002 0.296951
vt 0.871481 0.394731
vt 0.852887 0.386204
vt 0.863768 0.354606
vt 0.863768 0.354606
vt 0.852887 0.386204
vt 0.851548 0.354628
vt 0.68357 0.584332
vt 0.640732 0.583047
vt 0.640829 0.547558
vt 0.682114 0.549273
vt 0.68357 0.584332
vt 0.640829 0.547558
vt 0.724507 0.585497
vt 0.68357 0.584332
vt 0.723852 0.554577
vt 0.68357 0.584332
vt 0.682114 0.549273
vt 0.723852 0.554577
vt 0.687792 0.620152
vt 0.68357 0.584332
vt 0.720458 0.618159
vt 0.68357 0.584332
vt 0.724507 0.585497
vt 0.720458 0.618159
vt 0.642403 0.620617
vt 0.68357 0.584332
vt 0.687792 0.620152
vt 0.68357 0.584332
vt 0.642403 0.620617
vt 0.640732 0.583047
vt 0.605547 0.651211
vt 0.642403 0.620617
vt 0.642873 0.658738
vt 0.642403 0.620617
vt 0.605547 0.651211
vt 0.598253 0.618677
vt 0.5971 0.584096
vt 0.642403 0.620617
vt 0.598253 0.618677
vt 0.640732 0.583047
vt 0.642403 0.620617
vt 0.5971 0.584096
vt 0.642403 0.620617
vt 0.687792 0.620152
vt 0.681677 0.657924
vt 0.642403 0.620617
vt 0.681677 0.657924
vt 0.642873 0.658738
vt 0.594674 0.547339
vt 0.597738 0.510277
vt 0.640829 0.547558
vt 0.597738 0.510277
vt 0.642774 0.513079
vt 0.640829 0.547558
vt 0.553136 0.544358
vt 0.597738 0.510277
vt 0.594674 0.547339
vt 0.553456 0.50948
vt 0.597738 0.510277
vt 0.553136 0.544358
vt 0.642774 0.513079
vt 0.597738 0.510277
vt 0.641996 0.484774
vt 0.597738 0.510277
vt 0.599636 0.479495
vt 0.641996 0.484774
vt 0.597738 0.510277
vt 0.553456 0.50948
vt 0.562812 0.478263
vt 0.599636 0.479495
vt 0.597738 0.510277
vt 0.562812 0.478263
vt 0.639951 0.382428
vt 0.603489 0.384787
vt 0.604557 0.354352
vt 0.639951 0.382428
vt 0.604557 0.354352
vt 0.640967 0.353071
vt 0.604282 0.418088
vt 0.567031 0.450193
vt 0.568564 0.420101
vt 0.604282 0.418088
vt 0.60386 0.448569
vt 0.567031 0.450193
vt 0.604282 0.418088
vt 0.639951 0.382428
vt 0.639519 0.418184
vt 0.639951 0.382428
vt 0.604282 0.418088
vt 0.603489 0.384787
vt 0.604282 0.418088
vt 0.568564 0.420101
vt 0.568865 0.388314
vt 0.603489 0.384787
vt 0.604282 0.418088
vt 0.568865 0.388314
vt 0.639953 0.454271
vt 0.604282 0.418088
vt 0.639519 0.418184
vt 0.604282 0.418088
vt 0.639953 0.454271
vt 0.60386 0.448569
vt 0.639953 0.454271
vt 0.599636 0.479495
vt 0.60386 0.448569
vt 0.599636 0.479495
vt 0.639953 0.454271
vt 0.641996 0.484774
vt 0.717348 0.5147
vt 0.678395 0.485961
vt 0.71294 0.483336
vt 0.678395 0.485961
vt 0.717348 0.5147
vt 0.680956 0.512295
vt 0.639953 0.454271
vt 0.678395 0.485961
vt 0.641996 0.484774
vt 0.678395 0.485961
vt 0.639953 0.454271
vt 0.674694 0.454347
vt 0.642774 0.513079
vt 0.678395 0.485961
vt 0.680956 0.512295
vt 0.678395 0.485961
vt 0.642774 0.513079
vt 0.641996 0.484774
vt 0.678395 0.485961
vt 0.674694 0.454347
vt 0.709146 0.453587
vt 0.71294 0.483336
vt 0.678395 0.485961
vt 0.709146 0.453587
vt 0.743853 0.380252
vt 0.742989 0.351427
vt 0.780894 0.354144
vt 0.779602 0.382161
vt 0.743853 0.380252
vt 0.780894 0.354144
vt 0.742097 0.414792
vt 0.743853 0.380252
vt 0.781134 0.416599
vt 0.743853 0.380252
vt 0.779602 0.382161
vt 0.781134 0.416599
vt 0.738958 0.766426
vt 0.75085 0.797873
vt 0.730309 0.790517
vt 0.720153 0.771723
vt 0.738958 0.766426
vt 0.730309 0.790517
vt 0.75085 0.797873
vt 0.763533 0.808464
vt 0.76567 0.817018
vt 0.763533 0.808464
vt 0.785028 0.831846
vt 0.76567 0.817018
vt 0.763533 0.808464
vt 0.738958 0.766426
vt 0.764387 0.769426
vt 0.738958 0.766426
vt 0.763533 0.808464
vt 0.75085 0.797873
vt 0.8429 0.655256
vt 0.906844 0.655268
vt 0.89966 0.68403
vt 0.840758 0.682821
vt 0.8429 0.655256
vt 0.89966 0.68403
vt 0.906844 0.655268
vt 0.8429 0.655256
vt 0.903837 0.615853
vt 0.8429 0.655256
vt 0.846343 0.615647
vt 0.903837 0.615853
vt 0.8429 0.655256
vt 0.840758 0.682821
vt 0.803653 0.689391
vt 0.804747 0.65833
vt 0.8429 0.655256
vt 0.803653 0.689391
vt 0.846343 0.615647
vt 0.8429 0.655256
vt 0.816602 0.627619
vt 0.8429 0.655256
vt 0.804747 0.65833
vt 0.816602 0.627619
vt 0.0867556 0.873713
vt 0.136072 0.910425
vt 0.102305 0.920809
vt 0.130982 0.871
vt 0.136072 0.910425
vt 0.0867556 0.873713
vt 0.279805 0.71479
vt 0.261141 0.727865
vt 0.256037 0.71426
vt 0.261141 0.727865
vt 0.279805 0.71479
vt 0.280684 0.728949
vt 0.157651 0.869508
vt 0.198325 0.835866
vt 0.205408 0.871672
vt 0.198325 0.835866
vt 0.157651 0.869508
vt 0.150255 0.839621
vt 0.0460384 0.694877
vt 0.0573571 0.72113
vt 0.0270223 0.67253
vt 0.0573571 0.72113
vt 0.0374846 0.704061
vt 0.0270223 0.67253
vt 0.0365011 0.739542
vt 0.010611 0.763467
vt 0.0125245 0.731743
vt 0.0365011 0.739542
vt 0.0303147 0.773891
vt 0.010611 0.763467
vt 0.0134708 0.697707
vt 0.0365011 0.739542
vt 0.0125245 0.731743
vt 0.0374846 0.704061
vt 0.0365011 0.739542
vt 0.0134708 0.697707
vt 0.184793 0.669539
vt 0.189197 0.700222
vt 0.152977 0.658443
vt 0.189197 0.700222
vt 0.169605 0.695421
vt 0.152977 0.658443
vt 0.218267 0.697628
vt 0.189197 0.700222
vt 0.217573 0.675512
vt 0.189197 0.700222
vt 0.184793 0.669539
vt 0.217573 0.675512
vt 0.169605 0.695421
vt 0.189197 0.700222
vt 0.163496 0.708858
vt 0.189197 0.700222
vt 0.197762 0.706189
vt 0.163496 0.708858
vt 0.0567997 0.84596
vt 0.093704 0.807077
vt 0.104707 0.839206
vt 0.0521629 0.807706
vt 0.093704 0.807077
vt 0.0567997 0.84596
vt 0.093704 0.807077
vt 0.0521629 0.807706
vt 0.0602685 0.766894
vt 0.0995141 0.768157
vt 0.093704 0.807077
vt 0.0602685 0.766894
vt 0.407312 0.625363
vt 0.376019 0.59288
vt 0.404253 0.596075
vt 0.376019 0.59288
vt 0.407312 0.625363
vt 0.36638 0.617479
vt 0.407312 0.625363
vt 0.404253 0.596075
vt 0.423285 0.615493
vt 0.4346 0.634793
vt 0.407312 0.625363
vt 0.423285 0.615493
vt 0.445055 0.65421
vt 0.407312 0.625363
vt 0.4346 0.634793
vt 0.403877 0.655792
vt 0.407312 0.625363
vt 0.445055 0.65421
vt 0.407312 0.625363
vt 0.354074 0.672969
vt 0.36638 0.617479
vt 0.407312 0.625363
vt 0.403877 0.655792
vt 0.354074 0.672969
vt 0.38134 0.560467
vt 0.38061 0.541276
vt 0.390123 0.546575
vt 0.38134 0.560467
vt 0.390123 0.546575
vt 0.394829 0.567158
vt 0.404253 0.596075
vt 0.38134 0.560467
vt 0.394829 0.567158
vt 0.376019 0.59288
vt 0.38134 0.560467
vt 0.404253 0.596075
vt 0.220371 0.608908
vt 0.250042 0.675905
vt 0.217573 0.675512
vt 0.250042 0.675905
vt 0.220371 0.608908
vt 0.265105 0.606114
vt 0.184793 0.669539
vt 0.220371 0.608908
vt 0.217573 0.675512
vt 0.220371 0.608908
vt 0.184793 0.669539
vt 0.171867 0.60235
vt 0.220371 0.608908
vt 0.265163 0.553104
vt 0.265105 0.606114
vt 0.220371 0.608908
vt 0.223439 0.54509
vt 0.265163 0.553104
vt 0.220371 0.608908
vt 0.171867 0.60235
vt 0.178722 0.552029
vt 0.223439 0.54509
vt 0.220371 0.608908
vt 0.178722 0.552029
vt 0.157387 0.602628
vt 0.157873 0.551146
vt 0.171867 0.60235
vt 0.171867 0.60235
vt 0.157873 0.551146
vt 0.178722 0.552029
vt 0.18813 0.523318
vt 0.157006 0.527567
vt 0.118138 0.509031
vt 0.163517 0.504901
vt 0.18813 0.523318
vt 0.118138 0.509031
vt 0.216862 0.503132
vt 0.15188 0.462867
vt 0.215047 0.470493
vt 0.216862 0.503132
vt 0.163517 0.504901
vt 0.15188 0.462867
vt 0.216862 0.503132
vt 0.276322 0.475844
vt 0.277021 0.501677
vt 0.276322 0.475844
vt 0.216862 0.503132
vt 0.215047 0.470493
vt 0.216862 0.503132
vt 0.18813 0.523318
vt 0.163517 0.504901
vt 0.18813 0.523318
vt 0.216862 0.503132
vt 0.22146 0.524028
vt 0.270684 0.518293
vt 0.216862 0.503132
vt 0.277021 0.501677
vt 0.22146 0.524028
vt 0.216862 0.503132
vt 0.270684 0.518293
vt 0.0635277 0.266593
vt 0.0257913 0.291082
vt 0.0207524 0.262059
vt 0.0635277 0.266593
vt 0.0652853 0.299702
vt 0.0257913 0.291082
vt 0.0217424 0.234811
vt 0.0635277 0.266593
vt 0.0207524 0.262059
vt 0.066496 0.233966
vt 0.0635277 0.266593
vt 0.0217424 0.234811
vt 0.102415 0.342928
vt 0.0973318 0.351179
vt 0.0998127 0.329807
vt 0.0982442 0.317215
vt 0.102415 0.342928
vt 0.0998127 0.329807
vt 0.0941652 0.387836
vt 0.102415 0.342928
vt 0.102049 0.377517
vt 0.0973318 0.351179
vt 0.102415 0.342928
vt 0.0941652 0.387836
vt 0.102415 0.342928
vt 0.109581 0.365666
vt 0.102049 0.377517
vt 0.102415 0.342928
vt 0.112126 0.329126
vt 0.109581 0.365666
vt 0.102415 0.342928
vt 0.100019 0.30611
vt 0.112126 0.329126
vt 0.100019 0.30611
vt 0.102415 0.342928
vt 0.0982442 0.317215
vt 0.121108 0.275192
vt 0.100019 0.30611
vt 0.115231 0.272702
vt 0.100019 0.30611
vt 0.121108 0.275192
vt 0.129608 0.30009
vt 0.100019 0.30611
vt 0.107026 0.274359
vt 0.115231 0.272702
vt 0.100019 0.30611
vt 0.0982442 0.317215
vt 0.107026 0.274359
vt 0.128408 0.316035
vt 0.100019 0.30611
vt 0.129608 0.30009
vt 0.112126 0.329126
vt 0.100019 0.30611
vt 0.128408 0.316035
vt 0.81659 0.133294
vt 0.824055 0.0976908
vt 0.828861 0.131272
vt 0.824055 0.0976908
vt 0.81659 0.133294
vt 0.815473 0.0984719
vt 0.903602 0.193645
vt 0.875655 0.232085
vt 0.868936 0.182682
vt 0.903602 0.193645
vt 0.922181 0.232092
vt 0.875655 0.232085
vt 0.867319 0.159656
vt 0.903602 0.193645
vt 0.868936 0.182682
vt 0.898423 0.156626
vt 0.903602 0.193645
vt 0.867319 0.159656
vt 0.84128 0.776255
vt 0.797433 0.727236
vt 0.838375 0.724809
vt 0.797433 0.727236
vt 0.84128 0.776255
vt 0.788237 0.774437
vt 0.892101 0.727814
vt 0.84128 0.776255
vt 0.838375 0.724809
vt 0.899173 0.786374
vt 0.84128 0.776255
vt 0.892101 0.727814
vt 0.921402 0.830864
vt 0.951833 0.838784
vt 0.943598 0.872646
vt 0.912329 0.872696
vt 0.921402 0.830864
vt 0.943598 0.872646
vt 0.951833 0.838784
vt 0.921402 0.830864
vt 0.943571 0.789569
vt 0.921402 0.830864
vt 0.899173 0.786374
vt 0.943571 0.789569
vt 0.641593 0.321232
vt 0.605434 0.321801
vt 0.640078 0.28287
vt 0.605434 0.321801
vt 0.604377 0.283769
vt 0.640078 0.28287
vt 0.605434 0.321801
vt 0.641593 0.321232
vt 0.640967 0.353071
vt 0.604557 0.354352
vt 0.605434 0.321801
vt 0.640967 0.353071
vt 0.605434 0.321801
vt 0.573207 0.287498
vt 0.604377 0.283769
vt 0.605434 0.321801
vt 0.569647 0.329397
vt 0.573207 0.287498
vt 0.605434 0.321801
vt 0.604557 0.354352
vt 0.572804 0.359528
vt 0.569647 0.329397
vt 0.605434 0.321801
vt 0.572804 0.359528
vt 0.823114 0.417921
vt 0.779255 0.454304
vt 0.781134 0.416599
vt 0.779255 0.454304
vt 0.823114 0.417921
vt 0.824763 0.451421
vt 0.707055 0.378938
vt 0.709636 0.353652
vt 0.742989 0.351427
vt 0.743853 0.380252
vt 0.707055 0.378938
vt 0.742989 0.351427
vt 0.743643 0.734805
vt 0.726909 0.715532
vt 0.745044 0.706019
vt 0.726909 0.715532
vt 0.743643 0.734805
vt 0.718263 0.74292
vt 0.743643 0.734805
vt 0.720153 0.771723
vt 0.718263 0.74292
vt 0.743643 0.734805
vt 0.738958 0.766426
vt 0.720153 0.771723
vt 0.797984 0.828737
vt 0.763533 0.808464
vt 0.764387 0.769426
vt 0.797984 0.828737
vt 0.764387 0.769426
vt 0.788237 0.774437
vt 0.797984 0.828737
vt 0.817269 0.848416
vt 0.785028 0.831846
vt 0.763533 0.808464
vt 0.797984 0.828737
vt 0.785028 0.831846
vt 0.117775 0.958296
vt 0.126929 0.928585
vt 0.151041 0.965215
vt 0.126929 0.928585
vt 0.158277 0.920603
vt 0.151041 0.965215
vt 0.0958003 0.960175
vt 0.126929 0.928585
vt 0.117775 0.958296
vt 0.110914 0.929696
vt 0.126929 0.928585
vt 0.0958003 0.960175
vt 0.126929 0.928585
vt 0.110914 0.929696
vt 0.102305 0.920809
vt 0.136072 0.910425
vt 0.126929 0.928585
vt 0.102305 0.920809
vt 0.162154 0.893883
vt 0.126929 0.928585
vt 0.136072 0.910425
vt 0.126929 0.928585
vt 0.162154 0.893883
vt 0.158277 0.920603
vt 0.190986 0.890765
vt 0.162154 0.893883
vt 0.194797 0.875743
vt 0.162154 0.893883
vt 0.162367 0.876068
vt 0.194797 0.875743
vt 0.162154 0.893883
vt 0.190986 0.890765
vt 0.18348 0.929998
vt 0.158277 0.920603
vt 0.162154 0.893883
vt 0.18348 0.929998
vt 0.162154 0.893883
vt 0.130982 0.871
vt 0.162367 0.876068
vt 0.162154 0.893883
vt 0.136072 0.910425
vt 0.130982 0.871
vt 0.295562 0.753526
vt 0.272981 0.749505
vt 0.288488 0.743156
vt 0.277659 0.778942
vt 0.272981 0.749505
vt 0.295562 0.753526
vt 0.272981 0.749505
vt 0.280684 0.728949
vt 0.288488 0.743156
vt 0.272981 0.749505
vt 0.261141 0.727865
vt 0.280684 0.728949
vt 0.189197 0.700222
vt 0.235282 0.722455
vt 0.197762 0.706189
vt 0.235282 0.722455
vt 0.189197 0.700222
vt 0.218267 0.697628
vt 0.272981 0.749505
vt 0.235282 0.722455
vt 0.261141 0.727865
vt 0.235282 0.722455
vt 0.272981 0.749505
vt 0.248558 0.744172
vt 0.197762 0.706189
vt 0.235282 0.722455
vt 0.197597 0.73407
vt 0.235282 0.722455
vt 0.248558 0.744172
vt 0.197597 0.73407
vt 0.235282 0.722455
vt 0.218267 0.697628
vt 0.256037 0.71426
vt 0.261141 0.727865
vt 0.235282 0.722455
vt 0.256037 0.71426
vt 0.238602 0.846219
vt 0.245468 0.818828
vt 0.259287 0.823076
vt 0.245468 0.818828
vt 0.270447 0.796421
vt 0.259287 0.823076
vt 0.205408 0.871672
vt 0.245468 0.818828
vt 0.238602 0.846219
vt 0.198325 0.835866
vt 0.245468 0.818828
vt 0.205408 0.871672
vt 0.0623132 0.743632
vt 0.0995141 0.768157
vt 0.0602685 0.766894
vt 0.0995141 0.768157
vt 0.0623132 0.743632
vt 0.101857 0.747526
vt 0.0573571 0.72113
vt 0.0623132 0.743632
vt 0.0374846 0.704061
vt 0.0623132 0.743632
vt 0.0365011 0.739542
vt 0.0374846 0.704061
vt 0.0303147 0.773891
vt 0.0623132 0.743632
vt 0.0602685 0.766894
vt 0.0365011 0.739542
vt 0.0623132 0.743632
vt 0.0303147 0.773891
vt 0.169605 0.695421
vt 0.130317 0.707807
vt 0.152977 0.658443
vt 0.130317 0.707807
vt 0.122334 0.654356
vt 0.152977 0.658443
vt 0.116712 0.810808
vt 0.157651 0.869508
vt 0.123736 0.848306
vt 0.157651 0.869508
vt 0.116712 0.810808
vt 0.150255 0.839621
vt 0.116712 0.810808
vt 0.123736 0.848306
vt 0.104707 0.839206
vt 0.093704 0.807077
vt 0.116712 0.810808
vt 0.104707 0.839206
vt 0.289989 0.595339
vt 0.333604 0.592486
vt 0.281791 0.664312
vt 0.333604 0.592486
vt 0.325427 0.63696
vt 0.281791 0.664312
vt 0.325427 0.63696
vt 0.333604 0.592486
vt 0.36638 0.617479
vt 0.333604 0.592486
vt 0.376019 0.59288
vt 0.36638 0.617479
vt 0.108035 0.558957
vt 0.140699 0.559735
vt 0.0921524 0.610243
vt 0.140699 0.559735
vt 0.133355 0.599032
vt 0.0921524 0.610243
vt 0.140699 0.559735
vt 0.100644 0.522713
vt 0.138565 0.536444
vt 0.100644 0.522713
vt 0.140699 0.559735
vt 0.108035 0.558957
vt 0.140699 0.559735
vt 0.157387 0.602628
vt 0.133355 0.599032
vt 0.140699 0.559735
vt 0.157873 0.551146
vt 0.157387 0.602628
vt 0.155997 0.538703
vt 0.140699 0.559735
vt 0.138565 0.536444
vt 0.157873 0.551146
vt 0.140699 0.559735
vt 0.155997 0.538703
vt 0.157873 0.551146
vt 0.182484 0.528153
vt 0.178722 0.552029
vt 0.182484 0.528153
vt 0.157873 0.551146
vt 0.155997 0.538703
vt 0.182484 0.528153
vt 0.155997 0.538703
vt 0.157006 0.527567
vt 0.18813 0.523318
vt 0.182484 0.528153
vt 0.157006 0.527567
vt 0.102981 0.259584
vt 0.109714 0.224515
vt 0.108377 0.257052
vt 0.102981 0.259584
vt 0.105641 0.232109
vt 0.109714 0.224515
vt 0.107026 0.274359
vt 0.102981 0.259584
vt 0.108377 0.257052
vt 0.102981 0.259584
vt 0.107026 0.274359
vt 0.101189 0.29462
vt 0.102981 0.259584
vt 0.066496 0.233966
vt 0.105641 0.232109
vt 0.102981 0.259584
vt 0.0635277 0.266593
vt 0.066496 0.233966
vt 0.0652853 0.299702
vt 0.102981 0.259584
vt 0.101189 0.29462
vt 0.0635277 0.266593
vt 0.102981 0.259584
vt 0.0652853 0.299702
vt 0.844979 0.0783008
vt 0.894789 0.0506795
vt 0.887992 0.0820847
vt 0.844979 0.0783008
vt 0.862682 0.0607626
vt 0.894789 0.0506795
vt 0.874456 0.133887
vt 0.844979 0.0783008
vt 0.887992 0.0820847
vt 0.843094 0.136883
vt 0.844979 0.0783008
vt 0.874456 0.133887
vt 0.844979 0.0783008
vt 0.843094 0.136883
vt 0.828861 0.131272
vt 0.824055 0.0976908
vt 0.844979 0.0783008
vt 0.828861 0.131272
vt 0.838438 0.0677932
vt 0.844979 0.0783008
vt 0.824055 0.0976908
vt 0.844979 0.0783008
vt 0.838438 0.0677932
vt 0.862682 0.0607626
vt 0.838438 0.0677932
vt 0.825037 0.0159153
vt 0.862779 0.0250398
vt 0.838438 0.0677932
vt 0.816456 0.0546766
vt 0.825037 0.0159153
vt 0.838438 0.0677932
vt 0.862779 0.0250398
vt 0.877467 0.0366105
vt 0.862682 0.0607626
vt 0.838438 0.0677932
vt 0.877467 0.0366105
vt 0.816456 0.0546766
vt 0.838438 0.0677932
vt 0.815473 0.0984719
vt 0.838438 0.0677932
vt 0.824055 0.0976908
vt 0.815473 0.0984719
vt 0.98665 0.205409
vt 0.947999 0.200851
vt 0.987942 0.13873
vt 0.947999 0.200851
vt 0.945328 0.141995
vt 0.987942 0.13873
vt 0.947999 0.200851
vt 0.985519 0.2402
vt 0.951109 0.236819
vt 0.985519 0.2402
vt 0.947999 0.200851
vt 0.98665 0.205409
vt 0.947999 0.200851
vt 0.898423 0.156626
vt 0.945328 0.141995
vt 0.947999 0.200851
vt 0.903602 0.193645
vt 0.898423 0.156626
vt 0.922181 0.232092
vt 0.947999 0.200851
vt 0.951109 0.236819
vt 0.903602 0.193645
vt 0.947999 0.200851
vt 0.922181 0.232092
vt 0.818892 0.386095
vt 0.820503 0.357124
vt 0.851548 0.354628
vt 0.852887 0.386204
vt 0.818892 0.386095
vt 0.851548 0.354628
vt 0.820503 0.357124
vt 0.818892 0.386095
vt 0.780894 0.354144
vt 0.818892 0.386095
vt 0.779602 0.382161
vt 0.780894 0.354144
vt 0.779602 0.382161
vt 0.818892 0.386095
vt 0.781134 0.416599
vt 0.818892 0.386095
vt 0.823114 0.417921
vt 0.781134 0.416599
vt 0.818892 0.386095
vt 0.857201 0.419227
vt 0.823114 0.417921
vt 0.857201 0.419227
vt 0.818892 0.386095
vt 0.852887 0.386204
vt 0.854954 0.453531
vt 0.857201 0.419227
vt 0.882412 0.46174
vt 0.857201 0.419227
vt 0.882398 0.42735
vt 0.882412 0.46174
vt 0.882398 0.42735
vt 0.857201 0.419227
vt 0.871481 0.394731
vt 0.857201 0.419227
vt 0.852887 0.386204
vt 0.871481 0.394731
vt 0.824763 0.451421
vt 0.857201 0.419227
vt 0.854954 0.453531
vt 0.823114 0.417921
vt 0.857201 0.419227
vt 0.824763 0.451421
vt 0.639953 0.454271
vt 0.669448 0.41334
vt 0.674694 0.454347
vt 0.669448 0.41334
vt 0.639953 0.454271
vt 0.639519 0.418184
vt 0.768353 0.726271
vt 0.797433 0.727236
vt 0.788237 0.774437
vt 0.764387 0.769426
vt 0.768353 0.726271
vt 0.788237 0.774437
vt 0.797433 0.727236
vt 0.768353 0.726271
vt 0.803653 0.689391
vt 0.768353 0.726271
vt 0.774936 0.692925
vt 0.803653 0.689391
vt 0.738958 0.766426
vt 0.768353 0.726271
vt 0.764387 0.769426
vt 0.743643 0.734805
vt 0.768353 0.726271
vt 0.738958 0.766426
vt 0.774936 0.692925
vt 0.768353 0.726271
vt 0.745044 0.706019
vt 0.768353 0.726271
vt 0.743643 0.734805
vt 0.745044 0.706019
vt 0.859026 0.82853
vt 0.84128 0.776255
vt 0.899173 0.786374
vt 0.921402 0.830864
vt 0.859026 0.82853
vt 0.899173 0.786374
vt 0.859026 0.82853
vt 0.912329 0.872696
vt 0.864976 0.856903
vt 0.859026 0.82853
vt 0.921402 0.830864
vt 0.912329 0.872696
vt 0.84128 0.776255
vt 0.859026 0.82853
vt 0.788237 0.774437
vt 0.859026 0.82853
vt 0.797984 0.828737
vt 0.788237 0.774437
vt 0.817269 0.848416
vt 0.859026 0.82853
vt 0.864976 0.856903
vt 0.797984 0.828737
vt 0.859026 0.82853
vt 0.817269 0.848416
vt 0.18535 0.782849
vt 0.151391 0.730106
vt 0.197597 0.73407
vt 0.18535 0.782849
vt 0.15131 0.775844
vt 0.151391 0.730106
vt 0.18535 0.782849
vt 0.198325 0.835866
vt 0.150255 0.839621
vt 0.15131 0.775844
vt 0.18535 0.782849
vt 0.150255 0.839621
vt 0.0694934 0.664939
vt 0.0699475 0.711835
vt 0.032439 0.658965
vt 0.0699475 0.711835
vt 0.0460384 0.694877
vt 0.032439 0.658965
vt 0.122334 0.654356
vt 0.0699475 0.711835
vt 0.0694934 0.664939
vt 0.130317 0.707807
vt 0.0699475 0.711835
vt 0.122334 0.654356
vt 0.15131 0.775844
vt 0.119865 0.76881
vt 0.151391 0.730106
vt 0.119865 0.76881
vt 0.125649 0.734264
vt 0.151391 0.730106
vt 0.119865 0.76881
vt 0.0995141 0.768157
vt 0.101857 0.747526
vt 0.125649 0.734264
vt 0.119865 0.76881
vt 0.101857 0.747526
vt 0.116712 0.810808
vt 0.119865 0.76881
vt 0.150255 0.839621
vt 0.119865 0.76881
vt 0.15131 0.775844
vt 0.150255 0.839621
vt 0.119865 0.76881
vt 0.093704 0.807077
vt 0.0995141 0.768157
vt 0.119865 0.76881
vt 0.116712 0.810808
vt 0.093704 0.807077
vt 0.38061 0.541276
vt 0.349396 0.561763
vt 0.354145 0.537733
vt 0.38134 0.560467
vt 0.349396 0.561763
vt 0.38061 0.541276
vt 0.314627 0.539525
vt 0.349396 0.561763
vt 0.297857 0.558491
vt 0.349396 0.561763
vt 0.314627 0.539525
vt 0.354145 0.537733
vt 0.349396 0.561763
vt 0.38134 0.560467
vt 0.376019 0.59288
vt 0.333604 0.592486
vt 0.349396 0.561763
vt 0.376019 0.59288
vt 0.349396 0.561763
vt 0.289989 0.595339
vt 0.297857 0.558491
vt 0.349396 0.561763
vt 0.333604 0.592486
vt 0.289989 0.595339
vt 0.21829 0.529283
vt 0.270684 0.518293
vt 0.267441 0.534187
vt 0.21829 0.529283
vt 0.22146 0.524028
vt 0.270684 0.518293
vt 0.265163 0.553104
vt 0.21829 0.529283
vt 0.267441 0.534187
vt 0.223439 0.54509
vt 0.21829 0.529283
vt 0.265163 0.553104
vt 0.21829 0.529283
vt 0.18813 0.523318
vt 0.22146 0.524028
vt 0.21829 0.529283
vt 0.182484 0.528153
vt 0.18813 0.523318
vt 0.21829 0.529283
vt 0.223439 0.54509
vt 0.178722 0.552029
vt 0.182484 0.528153
vt 0.21829 0.529283
vt 0.178722 0.552029
vt 0.707662 0.413628
vt 0.743853 0.380252
vt 0.742097 0.414792
vt 0.707662 0.413628
vt 0.707055 0.378938
vt 0.743853 0.380252
vt 0.707662 0.413628
vt 0.739491 0.452953
vt 0.709146 0.453587
vt 0.707662 0.413628
vt 0.742097 0.414792
vt 0.739491 0.452953
vt 0.674694 0.454347
vt 0.707662 0.413628
vt 0.709146 0.453587
vt 0.669448 0.41334
vt 0.707662 0.413628
vt 0.674694 0.454347
vt 0.674183 0.38151
vt 0.707662 0.413628
vt 0.669448 0.41334
vt 0.707662 0.413628
vt 0.674183 0.38151
vt 0.707055 0.378938
vt 0.675821 0.353009
vt 0.674183 0.38151
vt 0.640967 0.353071
vt 0.674183 0.38151
vt 0.639951 0.382428
vt 0.640967 0.353071
vt 0.674183 0.38151
vt 0.675821 0.353009
vt 0.709636 0.353652
vt 0.707055 0.378938
vt 0.674183 0.38151
vt 0.709636 0.353652
vt 0.639951 0.382428
vt 0.674183 0.38151
vt 0.639519 0.418184
vt 0.674183 0.38151
vt 0.669448 0.41334
vt 0.639519 0.418184
vt 0.245608 0.784488
vt 0.277659 0.778942
vt 0.270447 0.796421
vt 0.245468 0.818828
vt 0.245608 0.784488
vt 0.270447 0.796421
vt 0.245608 0.784488
vt 0.272981 0.749505
vt 0.277659 0.778942
vt 0.272981 0.749505
vt 0.245608 0.784488
vt 0.248558 0.744172
vt 0.245608 0.784488
vt 0.245468 0.818828
vt 0.198325 0.835866
vt 0.18535 0.782849
vt 0.245608 0.784488
vt 0.198325 0.835866
vt 0.248558 0.744172
vt 0.245608 0.784488
vt 0.197597 0.73407
vt 0.245608 0.784488
vt 0.18535 0.782849
vt 0.197597 0.73407
vt 0.0890044 0.729366
vt 0.0623132 0.743632
vt 0.0573571 0.72113
vt 0.0623132 0.743632
vt 0.0890044 0.729366
vt 0.101857 0.747526
vt 0.0890044 0.729366
vt 0.0573571 0.72113
vt 0.0460384 0.694877
vt 0.0699475 0.711835
vt 0.0890044 0.729366
vt 0.0460384 0.694877
vt 0.124611 0.725775
vt 0.169605 0.695421
vt 0.163496 0.708858
vt 0.124611 0.725775
vt 0.130317 0.707807
vt 0.169605 0.695421
vt 0.151391 0.730106
vt 0.124611 0.725775
vt 0.163496 0.708858
vt 0.125649 0.734264
vt 0.124611 0.725775
vt 0.151391 0.730106
vt 0.124611 0.725775
vt 0.0699475 0.711835
vt 0.130317 0.707807
vt 0.124611 0.725775
vt 0.0890044 0.729366
vt 0.0699475 0.711835
vt 0.124611 0.725775
vt 0.125649 0.734264
vt 0.101857 0.747526
vt 0.0890044 0.729366
vt 0.124611 0.725775
vt 0.101857 0.747526
usemtl refine_rgb_0
f 8/1 9/2 41/3
f 40/4 8/5 41/6
f 16/7 17/8 49/9
f 48/10 16/11 49/12
f 15/13 16/14 47/15
f 16/16 48/17 47/18
f 80/19 48/20 49/21
f 81/22 80/23 49/24
f 73/25 42/26 74/27
f 42/28 73/29 41/30
f 73/31 40/32 41/33
f 73/34 72/35 40/36
f 9/37 10/38 41/39
f 10/40 42/41 41/42
f 269/43 302/44 301/45
f 302/46 269/47 270/48
f 961/49 962/50 993/51
f 962/52 994/53 993/54
f 422/55 455/56 454/57
f 455/58 422/59 423/60
f 513/61 481/62 514/63
f 481/64 482/65 514/66
f 481/67 449/68 450/69
f 482/70 481/71 450/72
f 193/73 161/74 194/75
f 161/76 162/77 194/78
f 97/79 65/80 66/81
f 98/82 97/83 66/84
f 161/85 130/86 162/87
f 130/88 161/89 129/90
f 130/91 97/92 98/93
f 97/94 130/95 129/96
f 63/97 31/98 32/99
f 64/100 63/101 32/102
f 800/103 767/104 768/105
f 767/106 800/107 799/108
f 362/109 393/110 361/111
f 393/112 362/113 394/114
f 234/115 203/116 235/117
f 203/118 234/119 202/120
f 73/121 105/122 72/123
f 72/124 105/125 104/126
f 266/127 233/128 234/129
f 233/130 266/131 265/132
f 234/133 233/134 202/135
f 233/136 201/137 202/138
f 981/139 1013/140 1012/141
f 981/142 1012/143 980/144
f 1011/145 979/146 1012/147
f 1012/148 979/149 980/150
f 689/151 658/152 690/153
f 658/154 689/155 657/156
f 722/157 689/158 690/159
f 689/160 722/161 721/162
f 451/163 482/164 450/165
f 482/166 451/167 483/168
f 390/169 421/170 389/171
f 421/172 390/173 422/174
f 388/175 421/176 420/177
f 421/178 388/179 389/180
f 831/181 800/182 832/183
f 800/184 831/185 799/186
f 864/187 831/188 832/189
f 831/190 864/191 863/192
f 895/193 864/194 896/195
f 864/196 895/197 863/198
f 328/199 297/200 329/201
f 297/202 328/203 296/204
f 99/205 130/206 98/207
f 130/208 99/209 131/210
f 99/211 98/212 66/213
f 67/214 99/215 66/216
f 99/217 68/218 100/219
f 68/220 99/221 67/222
f 132/223 99/224 100/225
f 99/226 132/227 131/228
f 132/229 101/230 133/231
f 101/232 132/233 100/234
f 130/235 163/236 162/237
f 163/238 130/239 131/240
f 132/241 163/242 131/243
f 163/244 132/245 164/246
f 165/247 132/248 133/249
f 132/250 165/251 164/252
f 226/253 225/254 193/255
f 226/256 193/257 194/258
f 225/259 226/260 257/261
f 226/262 258/263 257/264
f 79/265 112/266 111/267
f 112/268 79/269 80/270
f 48/271 79/272 47/273
f 80/274 79/275 48/276
f 46/277 14/278 15/279
f 46/280 15/281 47/282
f 79/283 46/284 47/285
f 46/286 79/287 78/288
f 71/289 72/290 104/291
f 103/292 71/293 104/294
f 134/295 165/296 133/297
f 165/298 134/299 166/300
f 62/301 30/302 31/303
f 63/304 62/305 31/306
f 126/307 95/308 127/309
f 95/310 126/311 94/312
f 95/313 62/314 63/315
f 62/316 95/317 94/318
f 95/319 64/320 96/321
f 95/322 63/323 64/324
f 432/325 399/326 400/327
f 399/328 432/329 431/330
f 250/331 217/332 218/333
f 217/334 250/335 249/336
f 217/337 248/338 216/339
f 248/340 217/341 249/342
f 167/343 199/344 198/345
f 166/346 167/347 198/348
f 167/349 168/350 200/351
f 199/352 167/353 200/354
f 424/355 455/356 423/357
f 455/358 424/359 456/360
f 105/361 137/362 104/363
f 137/364 136/365 104/366
f 139/367 106/368 107/369
f 106/370 139/371 138/372
f 106/373 137/374 105/375
f 137/376 106/377 138/378
f 106/379 73/380 74/381
f 106/382 105/383 73/384
f 264/385 297/386 296/387
f 297/388 264/389 265/390
f 302/391 333/392 301/393
f 334/394 333/395 302/396
f 917/397 918/398 949/399
f 949/400 918/401 950/402
f 920/403 951/404 919/405
f 951/406 920/407 952/408
f 951/409 918/410 919/411
f 918/412 951/413 950/414
f 951/415 982/416 950/417
f 982/418 951/419 983/420
f 982/421 1015/422 1014/423
f 1015/424 982/425 983/426
f 1013/427 982/428 1014/429
f 981/430 982/431 1013/432
f 982/433 949/434 950/435
f 982/436 981/437 949/438
f 561/439 530/440 562/441
f 530/442 561/443 529/444
f 689/445 656/446 657/447
f 656/448 689/449 688/450
f 656/451 655/452 623/453
f 624/454 656/455 623/456
f 656/457 687/458 655/459
f 687/460 656/461 688/462
f 624/463 591/464 592/465
f 591/466 624/467 623/468
f 622/469 591/470 623/471
f 590/472 591/473 622/474
f 281/475 248/476 249/477
f 248/478 281/479 280/480
f 976/481 1009/482 1008/483
f 977/484 1009/485 976/486
f 944/487 977/488 976/489
f 977/490 944/491 945/492
f 913/493 914/494 946/495
f 945/496 913/497 946/498
f 882/499 913/500 881/501
f 913/502 882/503 914/504
f 944/505 913/506 945/507
f 913/508 944/509 912/510
f 913/511 880/512 881/513
f 880/514 913/515 912/516
f 880/517 912/518 911/519
f 879/520 880/521 911/522
f 978/523 945/524 946/525
f 978/526 977/527 945/528
f 978/529 1009/530 977/531
f 1009/532 978/533 1010/534
f 978/535 1011/536 1010/537
f 978/538 979/539 1011/540
f 596/541 627/542 595/543
f 627/544 596/545 628/546
f 816/547 783/548 784/549
f 783/550 816/551 815/552
f 749/553 718/554 750/555
f 749/556 717/557 718/558
f 817/559 785/560 818/561
f 818/562 785/563 786/564
f 816/565 785/566 817/567
f 785/568 816/569 784/570
f 785/571 754/572 786/573
f 754/574 785/575 753/576
f 754/577 753/578 721/579
f 722/580 754/581 721/582
f 868/583 899/584 867/585
f 899/586 868/587 900/588
f 929/589 962/590 961/591
f 929/592 930/593 962/594
f 417/595 418/596 449/597
f 449/598 418/599 450/600
f 927/601 928/602 960/603
f 927/604 960/605 959/606
f 928/607 927/608 896/609
f 927/610 895/611 896/612
f 927/613 894/614 895/615
f 894/616 927/617 926/618
f 895/619 894/620 863/621
f 863/622 894/623 862/624
f 958/625 927/626 959/627
f 927/628 958/629 926/630
f 925/631 894/632 926/633
f 894/634 925/635 893/636
f 958/637 925/638 926/639
f 925/640 958/641 957/642
f 68/643 69/644 100/645
f 69/646 101/647 100/648
f 162/649 195/650 194/651
f 163/652 195/653 162/654
f 195/655 163/656 164/657
f 195/658 164/659 196/660
f 258/661 289/662 257/663
f 290/664 289/665 258/666
f 322/667 323/668 355/669
f 354/670 322/671 355/672
f 322/673 353/674 321/675
f 353/676 322/677 354/678
f 322/679 289/680 290/681
f 289/682 322/683 321/684
f 33/685 34/686 65/687
f 65/688 34/689 66/690
f 34/691 33/692 1/693
f 2/694 34/695 1/696
f 13/697 45/698 12/699
f 45/700 44/701 12/702
f 45/703 46/704 78/705
f 45/706 78/707 77/708
f 14/709 45/710 13/711
f 46/712 45/713 14/714
f 106/715 75/716 107/717
f 75/718 106/719 74/720
f 42/721 75/722 74/723
f 43/724 75/725 42/726
f 44/727 11/728 12/729
f 43/730 11/731 44/732
f 10/733 11/734 42/735
f 11/736 43/737 42/738
f 18/739 50/740 17/741
f 17/742 50/743 49/744
f 50/745 81/746 49/747
f 50/748 82/749 81/750
f 39/751 6/752 7/753
f 39/754 38/755 6/756
f 8/757 39/758 7/759
f 39/760 8/761 40/762
f 38/763 39/764 70/765
f 39/766 71/767 70/768
f 72/769 39/770 40/771
f 71/772 39/773 72/774
f 69/775 102/776 101/777
f 102/778 69/779 70/780
f 102/781 71/782 103/783
f 71/784 102/785 70/786
f 101/787 102/788 133/789
f 102/790 134/791 133/792
f 126/793 93/794 94/795
f 125/796 93/797 126/798
f 59/799 28/800 60/801
f 28/802 59/803 27/804
f 309/805 277/806 278/807
f 309/808 278/809 310/810
f 432/811 433/812 464/813
f 464/814 433/815 465/816
f 433/817 432/818 400/819
f 433/820 400/821 401/822
f 638/823 671/824 670/825
f 671/826 638/827 639/828
f 767/829 736/830 768/831
f 735/832 736/833 767/834
f 672/835 671/836 639/837
f 640/838 672/839 639/840
f 703/841 736/842 735/843
f 736/844 703/845 704/846
f 672/847 703/848 671/849
f 703/850 672/851 704/852
f 671/853 703/854 670/855
f 670/856 703/857 702/858
f 478/859 445/860 446/861
f 478/862 477/863 445/864
f 219/865 186/866 187/867
f 186/868 219/869 218/870
f 215/871 184/872 216/873
f 184/874 215/875 183/876
f 102/877 135/878 134/879
f 135/880 102/881 103/882
f 135/883 103/884 104/885
f 136/886 135/887 104/888
f 134/889 135/890 166/891
f 135/892 167/893 166/894
f 167/895 135/896 168/897
f 168/898 135/899 136/900
f 491/901 459/902 460/903
f 492/904 491/905 460/906
f 267/907 266/908 234/909
f 267/910 234/911 235/912
f 207/913 238/914 206/915
f 238/916 207/917 239/918
f 171/919 203/920 202/921
f 170/922 171/923 202/924
f 139/925 171/926 138/927
f 171/928 170/929 138/930
f 172/931 171/932 140/933
f 171/934 139/935 140/936
f 201/937 169/938 202/939
f 169/940 170/941 202/942
f 168/943 169/944 200/945
f 169/946 201/947 200/948
f 170/949 169/950 138/951
f 169/952 137/953 138/954
f 137/955 169/956 136/957
f 169/958 168/959 136/960
f 233/961 232/962 201/963
f 201/964 232/965 200/966
f 232/967 199/968 200/969
f 199/970 232/971 231/972
f 232/973 233/974 265/975
f 264/976 232/977 265/978
f 978/979 947/980 979/981
f 947/982 978/983 946/984
f 665/985 632/986 633/987
f 632/988 665/989 664/990
f 889/991 922/992 921/993
f 922/994 889/995 890/996
f 891/997 922/998 890/999
f 922/1000 891/1001 923/1002
f 1017/1003 985/1004 986/1005
f 1018/1006 1017/1007 986/1008
f 920/1009 953/1010 952/1011
f 953/1012 920/1013 921/1014
f 984/1015 951/1016 952/1017
f 951/1018 984/1019 983/1020
f 1015/1021 984/1022 1016/1023
f 984/1024 1015/1025 983/1026
f 953/1027 984/1028 952/1029
f 984/1030 953/1031 985/1032
f 1017/1033 984/1034 985/1035
f 984/1036 1017/1037 1016/1038
f 467/1039 498/1040 466/1041
f 498/1042 467/1043 499/1044
f 498/1045 497/1046 465/1047
f 466/1048 498/1049 465/1050
f 498/1051 530/1052 529/1053
f 497/1054 498/1055 529/1056
f 432/1057 463/1058 431/1059
f 463/1060 432/1061 464/1062
f 496/1063 464/1064 465/1065
f 497/1066 496/1067 465/1068
f 496/1069 463/1070 464/1071
f 463/1072 496/1073 495/1074
f 250/1075 282/1076 249/1077
f 282/1078 281/1079 249/1080
f 278/1081 311/1082 310/1083
f 279/1084 311/1085 278/1086
f 311/1087 342/1088 310/1089
f 342/1090 311/1091 343/1092
f 975/1093 976/1094 1008/1095
f 1007/1096 975/1097 1008/1098
f 910/1099 941/1100 909/1101
f 941/1102 910/1103 942/1104
f 910/1105 879/1106 911/1107
f 910/1108 878/1109 879/1110
f 849/1111 882/1112 881/1113
f 849/1114 850/1115 882/1116
f 850/1117 849/1118 818/1119
f 849/1120 817/1121 818/1122
f 884/1123 852/1124 885/1125
f 885/1126 852/1127 853/1128
f 755/1129 754/1130 722/1131
f 755/1132 722/1133 723/1134
f 754/1135 755/1136 786/1137
f 755/1138 787/1139 786/1140
f 728/1141 759/1142 727/1143
f 759/1144 728/1145 760/1146
f 625/1147 656/1148 624/1149
f 656/1150 625/1151 657/1152
f 782/1153 749/1154 750/1155
f 749/1156 782/1157 781/1158
f 751/1159 782/1160 750/1161
f 782/1162 751/1163 783/1164
f 780/1165 813/1166 812/1167
f 813/1168 780/1169 781/1170
f 997/1171 965/1172 998/1173
f 998/1174 965/1175 966/1176
f 967/1177 999/1178 998/1179
f 967/1180 998/1181 966/1182
f 967/1183 1000/1184 999/1185
f 1000/1186 967/1187 968/1188
f 969/1189 968/1190 936/1191
f 937/1192 969/1193 936/1194
f 969/1195 1000/1196 968/1197
f 1000/1198 969/1199 1001/1200
f 969/1201 1002/1202 1001/1203
f 1002/1204 969/1205 970/1206
f 904/1207 937/1208 936/1209
f 937/1210 904/1211 905/1212
f 904/1213 873/1214 905/1215
f 873/1216 904/1217 872/1218
f 873/1219 840/1220 841/1221
f 840/1222 873/1223 872/1224
f 969/1225 938/1226 970/1227
f 938/1228 969/1229 937/1230
f 938/1231 937/1232 905/1233
f 906/1234 938/1235 905/1236
f 938/1237 906/1238 907/1239
f 938/1240 907/1241 939/1242
f 813/1243 844/1244 812/1245
f 844/1246 813/1247 845/1248
f 910/1249 877/1250 878/1251
f 877/1252 910/1253 909/1254
f 846/1255 877/1256 845/1257
f 877/1258 846/1259 878/1260
f 844/1261 877/1262 876/1263
f 877/1264 844/1265 845/1266
f 908/1267 877/1268 909/1269
f 877/1270 908/1271 876/1272
f 929/1273 897/1274 930/1275
f 930/1276 897/1277 898/1278
f 621/1279 590/1280 622/1281
f 621/1282 589/1283 590/1284
f 589/1285 558/1286 590/1287
f 557/1288 558/1289 589/1290
f 482/1291 515/1292 514/1293
f 515/1294 482/1295 483/1296
f 484/1297 515/1298 483/1299
f 515/1300 484/1301 516/1302
f 451/1303 484/1304 483/1305
f 452/1306 484/1307 451/1308
f 453/1309 484/1310 452/1311
f 484/1312 453/1313 485/1314
f 486/1315 453/1316 454/1317
f 453/1318 486/1319 485/1320
f 453/1321 422/1322 454/1323
f 453/1324 421/1325 422/1326
f 421/1327 453/1328 420/1329
f 453/1330 452/1331 420/1332
f 992/1333 991/1334 960/1335
f 960/1336 991/1337 959/1338
f 991/1339 992/1340 1024/1341
f 1023/1342 991/1343 1024/1344
f 387/1345 356/1346 388/1347
f 356/1348 387/1349 355/1350
f 324/1351 356/1352 323/1353
f 323/1354 356/1355 355/1356
f 232/1357 263/1358 231/1359
f 263/1360 232/1361 264/1362
f 199/1363 230/1364 198/1365
f 230/1366 199/1367 231/1368
f 197/1369 165/1370 166/1371
f 197/1372 166/1373 198/1374
f 165/1375 197/1376 164/1377
f 164/1378 197/1379 196/1380
f 230/1381 197/1382 198/1383
f 197/1384 230/1385 229/1386
f 37/1387 5/1388 6/1389
f 38/1390 37/1391 6/1392
f 5/1393 37/1394 4/1395
f 4/1396 37/1397 36/1398
f 69/1399 37/1400 70/1401
f 37/1402 38/1403 70/1404
f 37/1405 69/1406 68/1407
f 37/1408 68/1409 36/1410
f 35/1411 68/1412 67/1413
f 68/1414 35/1415 36/1416
f 35/1417 3/1418 4/1419
f 35/1420 4/1421 36/1422
f 35/1423 67/1424 66/1425
f 34/1426 35/1427 66/1428
f 35/1429 2/1430 3/1431
f 35/1432 34/1433 2/1434
f 45/1435 76/1436 44/1437
f 76/1438 45/1439 77/1440
f 76/1441 75/1442 43/1443
f 76/1444 43/1445 44/1446
f 50/1447 51/1448 82/1449
f 82/1450 51/1451 83/1452
f 157/1453 125/1454 126/1455
f 157/1456 126/1457 158/1458
f 95/1459 128/1460 127/1461
f 128/1462 95/1463 96/1464
f 159/1465 126/1466 127/1467
f 126/1468 159/1469 158/1470
f 62/1471 61/1472 30/1473
f 61/1474 29/1475 30/1476
f 28/1477 61/1478 60/1479
f 61/1480 28/1481 29/1482
f 61/1483 62/1484 94/1485
f 93/1486 61/1487 94/1488
f 185/1489 217/1490 216/1491
f 184/1492 185/1493 216/1494
f 217/1495 185/1496 218/1497
f 185/1498 186/1499 218/1500
f 58/1501 25/1502 26/1503
f 25/1504 58/1505 57/1506
f 58/1507 26/1508 27/1509
f 59/1510 58/1511 27/1512
f 182/1513 215/1514 214/1515
f 215/1516 182/1517 183/1518
f 182/1519 151/1520 183/1521
f 182/1522 150/1523 151/1524
f 25/1525 56/1526 24/1527
f 56/1528 25/1529 57/1530
f 56/1531 23/1532 24/1533
f 23/1534 56/1535 55/1536
f 54/1537 86/1538 85/1539
f 54/1540 85/1541 53/1542
f 22/1543 54/1544 21/1545
f 21/1546 54/1547 53/1548
f 54/1549 23/1550 55/1551
f 23/1552 54/1553 22/1554
f 434/1555 467/1556 466/1557
f 467/1558 434/1559 435/1560
f 433/1561 434/1562 465/1563
f 434/1564 466/1565 465/1566
f 575/1567 542/1568 543/1569
f 542/1570 575/1571 574/1572
f 575/1573 544/1574 576/1575
f 544/1576 575/1577 543/1578
f 541/1579 510/1580 542/1581
f 510/1582 541/1583 509/1584
f 478/1585 510/1586 477/1587
f 477/1588 510/1589 509/1590
f 247/1591 248/1592 280/1593
f 279/1594 247/1595 280/1596
f 248/1597 247/1598 216/1599
f 247/1600 215/1601 216/1602
f 558/1603 525/1604 526/1605
f 525/1606 558/1607 557/1608
f 525/1609 556/1610 524/1611
f 556/1612 525/1613 557/1614
f 492/1615 525/1616 524/1617
f 493/1618 525/1619 492/1620
f 554/1621 523/1622 555/1623
f 523/1624 554/1625 522/1626
f 556/1627 523/1628 524/1629
f 523/1630 556/1631 555/1632
f 523/1633 522/1634 490/1635
f 491/1636 523/1637 490/1638
f 523/1639 491/1640 492/1641
f 523/1642 492/1643 524/1644
f 459/1645 428/1646 460/1647
f 427/1648 428/1649 459/1650
f 205/1651 173/1652 174/1653
f 206/1654 205/1655 174/1656
f 79/1657 110/1658 78/1659
f 110/1660 79/1661 111/1662
f 78/1663 110/1664 77/1665
f 110/1666 109/1667 77/1668
f 112/1669 144/1670 111/1671
f 144/1672 143/1673 111/1674
f 113/1675 144/1676 112/1677
f 144/1678 113/1679 145/1680
f 113/1681 80/1682 81/1683
f 113/1684 112/1685 80/1686
f 82/1687 113/1688 81/1689
f 114/1690 113/1691 82/1692
f 145/1693 113/1694 146/1695
f 113/1696 114/1697 146/1698
f 144/1699 175/1700 143/1701
f 175/1702 144/1703 176/1704
f 175/1705 176/1706 208/1707
f 207/1708 175/1709 208/1710
f 175/1711 206/1712 174/1713
f 175/1714 207/1715 206/1716
f 366/1717 399/1718 398/1719
f 399/1720 366/1721 367/1722
f 366/1723 333/1724 334/1725
f 366/1726 365/1727 333/1728
f 397/1729 366/1730 398/1731
f 365/1732 366/1733 397/1734
f 981/1735 948/1736 949/1737
f 948/1738 981/1739 980/1740
f 979/1741 948/1742 980/1743
f 947/1744 948/1745 979/1746
f 701/1747 670/1748 702/1749
f 670/1750 701/1751 669/1752
f 703/1753 734/1754 702/1755
f 734/1756 703/1757 735/1758
f 734/1759 701/1760 702/1761
f 701/1762 734/1763 733/1764
f 697/1765 728/1766 696/1767
f 728/1768 697/1769 729/1770
f 665/1771 697/1772 664/1773
f 664/1774 697/1775 696/1776
f 822/1777 854/1778 821/1779
f 821/1780 854/1781 853/1782
f 855/1783 854/1784 822/1785
f 855/1786 822/1787 823/1788
f 988/1789 1021/1790 1020/1791
f 1021/1792 988/1793 989/1794
f 985/1795 954/1796 986/1797
f 953/1798 954/1799 985/1800
f 922/1801 954/1802 921/1803
f 954/1804 953/1805 921/1806
f 570/1807 569/1808 537/1809
f 570/1810 537/1811 538/1812
f 341/1813 309/1814 310/1815
f 342/1816 341/1817 310/1818
f 281/1819 312/1820 280/1821
f 312/1822 281/1823 313/1824
f 312/1825 311/1826 279/1827
f 312/1828 279/1829 280/1830
f 541/1831 508/1832 509/1833
f 508/1834 541/1835 540/1836
f 508/1837 477/1838 509/1839
f 508/1840 476/1841 477/1842
f 943/1843 910/1844 911/1845
f 910/1846 943/1847 942/1848
f 944/1849 943/1850 912/1851
f 912/1852 943/1853 911/1854
f 943/1855 944/1856 976/1857
f 975/1858 943/1859 976/1860
f 943/1861 974/1862 942/1863
f 974/1864 943/1865 975/1866
f 878/1867 847/1868 879/1869
f 846/1870 847/1871 878/1872
f 971/1873 938/1874 939/1875
f 938/1876 971/1877 970/1878
f 971/1879 1002/1880 970/1881
f 1002/1882 971/1883 1003/1884
f 971/1885 1004/1886 1003/1887
f 1004/1888 971/1889 972/1890
f 971/1891 940/1892 972/1893
f 940/1894 971/1895 939/1896
f 941/1897 940/1898 909/1899
f 940/1900 908/1901 909/1902
f 907/1903 940/1904 939/1905
f 908/1906 940/1907 907/1908
f 850/1909 851/1910 882/1911
f 882/1912 851/1913 883/1914
f 851/1915 852/1916 884/1917
f 851/1918 884/1919 883/1920
f 789/1921 820/1922 788/1923
f 820/1924 789/1925 821/1926
f 852/1927 820/1928 853/1929
f 820/1930 821/1931 853/1932
f 756/1933 789/1934 788/1935
f 789/1936 756/1937 757/1938
f 725/1939 756/1940 724/1941
f 756/1942 725/1943 757/1944
f 755/1945 756/1946 787/1947
f 756/1948 788/1949 787/1950
f 756/1951 755/1952 723/1953
f 756/1954 723/1955 724/1956
f 697/1957 730/1958 729/1959
f 730/1960 697/1961 698/1962
f 830/1963 831/1964 863/1965
f 830/1966 863/1967 862/1968
f 831/1969 830/1970 799/1971
f 830/1972 798/1973 799/1974
f 663/1975 632/1976 664/1977
f 632/1978 663/1979 631/1980
f 791/1981 792/1982 824/1983
f 823/1984 791/1985 824/1986
f 792/1987 791/1988 760/1989
f 791/1990 759/1991 760/1992
f 725/1993 758/1994 757/1995
f 758/1996 725/1997 726/1998
f 759/1999 758/2000 727/2001
f 727/2002 758/2003 726/2004
f 563/2005 596/2006 595/2007
f 563/2008 564/2009 596/2010
f 593/2011 624/2012 592/2013
f 593/2014 625/2015 624/2016
f 722/2017 691/2018 723/2019
f 691/2020 722/2021 690/2022
f 718/2023 719/2024 750/2025
f 719/2026 751/2027 750/2028
f 785/2029 752/2030 753/2031
f 752/2032 785/2033 784/2034
f 783/2035 752/2036 784/2037
f 751/2038 752/2039 783/2040
f 814/2041 783/2042 815/2043
f 814/2044 782/2045 783/2046
f 814/2047 847/2048 846/2049
f 847/2050 814/2051 815/2052
f 782/2053 814/2054 781/2055
f 814/2056 813/2057 781/2058
f 814/2059 846/2060 845/2061
f 813/2062 814/2063 845/2064
f 964/2065 997/2066 996/2067
f 964/2068 965/2069 997/2070
f 968/2071 935/2072 936/2073
f 967/2074 935/2075 968/2076
f 779/2077 780/2078 812/2079
f 779/2080 812/2081 811/2082
f 810/2083 779/2084 811/2085
f 778/2086 779/2087 810/2088
f 842/2089 809/2090 810/2091
f 809/2092 842/2093 841/2094
f 835/2095 868/2096 867/2097
f 868/2098 835/2099 836/2100
f 833/2101 801/2102 802/2103
f 834/2104 833/2105 802/2106
f 897/2107 866/2108 898/2109
f 866/2110 897/2111 865/2112
f 899/2113 866/2114 867/2115
f 866/2116 899/2117 898/2118
f 866/2119 833/2120 834/2121
f 833/2122 866/2123 865/2124
f 866/2125 835/2126 867/2127
f 835/2128 866/2129 834/2130
f 515/2131 546/2132 514/2133
f 546/2134 515/2135 547/2136
f 546/2137 545/2138 513/2139
f 546/2140 513/2141 514/2142
f 546/2143 577/2144 545/2145
f 577/2146 546/2147 578/2148
f 579/2149 546/2150 547/2151
f 546/2152 579/2153 578/2154
f 515/2155 548/2156 547/2157
f 548/2158 515/2159 516/2160
f 548/2161 579/2162 547/2163
f 579/2164 548/2165 580/2166
f 654/2167 622/2168 623/2169
f 655/2170 654/2171 623/2172
f 559/2173 591/2174 590/2175
f 558/2176 559/2177 590/2178
f 517/2179 484/2180 485/2181
f 484/2182 517/2183 516/2184
f 517/2185 548/2186 516/2187
f 548/2188 517/2189 549/2190
f 486/2191 517/2192 485/2193
f 518/2194 517/2195 486/2196
f 550/2197 517/2198 518/2199
f 517/2200 550/2201 549/2202
f 554/2203 521/2204 522/2205
f 521/2206 554/2207 553/2208
f 521/2209 489/2210 490/2211
f 522/2212 521/2213 490/2214
f 386/2215 417/2216 385/2217
f 386/2218 418/2219 417/2220
f 353/2221 386/2222 385/2223
f 386/2224 353/2225 354/2226
f 386/2227 354/2228 355/2229
f 387/2230 386/2231 355/2232
f 419/2233 386/2234 387/2235
f 386/2236 419/2237 418/2238
f 419/2239 452/2240 451/2241
f 452/2242 419/2243 420/2244
f 419/2245 451/2246 450/2247
f 418/2248 419/2249 450/2250
f 419/2251 388/2252 420/2253
f 419/2254 387/2255 388/2256
f 958/2257 990/2258 957/2259
f 990/2260 989/2261 957/2262
f 1021/2263 990/2264 1022/2265
f 990/2266 1021/2267 989/2268
f 990/2269 958/2270 959/2271
f 991/2272 990/2273 959/2274
f 990/2275 1023/2276 1022/2277
f 990/2278 991/2279 1023/2280
f 291/2281 322/2282 290/2283
f 322/2284 291/2285 323/2286
f 291/2287 324/2288 323/2289
f 291/2290 292/2291 324/2292
f 328/2293 295/2294 296/2295
f 327/2296 295/2297 328/2298
f 295/2299 264/2300 296/2301
f 295/2302 263/2303 264/2304
f 295/2305 262/2306 263/2307
f 262/2308 295/2309 294/2310
f 293/2311 262/2312 294/2313
f 262/2314 293/2315 261/2316
f 263/2317 262/2318 231/2319
f 262/2320 230/2321 231/2322
f 229/2323 262/2324 261/2325
f 230/2326 262/2327 229/2328
f 108/2329 139/2330 107/2331
f 139/2332 108/2333 140/2334
f 108/2335 76/2336 77/2337
f 109/2338 108/2339 77/2340
f 75/2341 108/2342 107/2343
f 76/2344 108/2345 75/2346
f 19/2347 50/2348 18/2349
f 19/2350 51/2351 50/2352
f 85/2353 52/2354 53/2355
f 84/2356 52/2357 85/2358
f 52/2359 20/2360 21/2361
f 52/2362 21/2363 53/2364
f 51/2365 52/2366 83/2367
f 52/2368 84/2369 83/2370
f 19/2371 52/2372 51/2373
f 52/2374 19/2375 20/2376
f 115/2377 82/2378 83/2379
f 115/2380 114/2381 82/2382
f 84/2383 115/2384 83/2385
f 116/2386 115/2387 84/2388
f 148/2389 149/2390 180/2391
f 149/2392 181/2393 180/2394
f 182/2395 149/2396 150/2397
f 149/2398 182/2399 181/2400
f 187/2401 156/2402 188/2403
f 155/2404 156/2405 187/2406
f 156/2407 189/2408 188/2409
f 156/2410 157/2411 189/2412
f 352/2413 319/2414 320/2415
f 319/2416 352/2417 351/2418
f 413/2419 414/2420 445/2421
f 445/2422 414/2423 446/2424
f 128/2425 160/2426 127/2427
f 160/2428 159/2429 127/2430
f 254/2431 285/2432 253/2433
f 285/2434 254/2435 286/2436
f 252/2437 285/2438 284/2439
f 285/2440 252/2441 253/2442
f 285/2443 316/2444 284/2445
f 285/2446 317/2447 316/2448
f 150/2449 119/2450 151/2451
f 119/2452 150/2453 118/2454
f 152/2455 184/2456 183/2457
f 151/2458 152/2459 183/2460
f 152/2461 185/2462 184/2463
f 185/2464 152/2465 153/2466
f 152/2467 119/2468 120/2469
f 119/2470 152/2471 151/2472
f 276/2473 244/2474 277/2475
f 244/2476 245/2477 277/2478
f 244/2479 276/2480 275/2481
f 243/2482 244/2483 275/2484
f 211/2485 244/2486 243/2487
f 244/2488 211/2489 212/2490
f 211/2491 179/2492 180/2493
f 212/2494 211/2495 180/2496
f 213/2497 244/2498 212/2499
f 244/2500 213/2501 245/2502
f 213/2503 182/2504 214/2505
f 182/2506 213/2507 181/2508
f 213/2509 212/2510 180/2511
f 181/2512 213/2513 180/2514
f 371/2515 402/2516 370/2517
f 402/2518 371/2519 403/2520
f 402/2521 433/2522 401/2523
f 402/2524 434/2525 433/2526
f 435/2527 402/2528 403/2529
f 434/2530 402/2531 435/2532
f 607/2533 608/2534 640/2535
f 607/2536 640/2537 639/2538
f 638/2539 607/2540 639/2541
f 607/2542 638/2543 606/2544
f 608/2545 607/2546 576/2547
f 607/2548 575/2549 576/2550
f 575/2551 607/2552 574/2553
f 607/2554 606/2555 574/2556
f 541/2557 573/2558 540/2559
f 540/2560 573/2561 572/2562
f 573/2563 542/2564 574/2565
f 573/2566 541/2567 542/2568
f 573/2569 605/2570 604/2571
f 573/2572 604/2573 572/2574
f 606/2575 573/2576 574/2577
f 605/2578 573/2579 606/2580
f 447/2581 478/2582 446/2583
f 447/2584 479/2585 478/2586
f 542/2587 511/2588 543/2589
f 510/2590 511/2591 542/2592
f 544/2593 511/2594 512/2595
f 511/2596 544/2597 543/2598
f 511/2599 510/2600 478/2601
f 479/2602 511/2603 478/2604
f 346/2605 378/2606 377/2607
f 345/2608 346/2609 377/2610
f 246/2611 213/2612 214/2613
f 213/2614 246/2615 245/2616
f 277/2617 246/2618 278/2619
f 245/2620 246/2621 277/2622
f 215/2623 246/2624 214/2625
f 247/2626 246/2627 215/2628
f 246/2629 279/2630 278/2631
f 246/2632 247/2633 279/2634
f 330/2635 362/2636 361/2637
f 329/2638 330/2639 361/2640
f 330/2641 363/2642 362/2643
f 330/2644 331/2645 363/2646
f 365/2647 332/2648 333/2649
f 332/2650 365/2651 364/2652
f 363/2653 332/2654 364/2655
f 331/2656 332/2657 363/2658
f 396/2659 365/2660 397/2661
f 365/2662 396/2663 364/2664
f 396/2665 397/2666 429/2667
f 428/2668 396/2669 429/2670
f 177/2671 144/2672 145/2673
f 144/2674 177/2675 176/2676
f 176/2677 177/2678 208/2679
f 177/2680 209/2681 208/2682
f 204/2683 171/2684 172/2685
f 171/2686 204/2687 203/2688
f 205/2689 204/2690 173/2691
f 173/2692 204/2693 172/2694
f 269/2695 237/2696 270/2697
f 237/2698 238/2699 270/2700
f 238/2701 237/2702 206/2703
f 237/2704 205/2705 206/2706
f 175/2707 142/2708 143/2709
f 142/2710 175/2711 174/2712
f 142/2713 110/2714 111/2715
f 143/2716 142/2717 111/2718
f 916/2719 884/2720 885/2721
f 917/2722 916/2723 885/2724
f 916/2725 917/2726 949/2727
f 948/2728 916/2729 949/2730
f 569/2731 568/2732 537/2733
f 568/2734 536/2735 537/2736
f 766/2737 767/2738 799/2739
f 798/2740 766/2741 799/2742
f 766/2743 735/2744 767/2745
f 766/2746 734/2747 735/2748
f 918/2749 886/2750 919/2751
f 886/2752 887/2753 919/2754
f 886/2755 918/2756 917/2757
f 886/2758 917/2759 885/2760
f 855/2761 886/2762 854/2763
f 886/2764 855/2765 887/2766
f 886/2767 885/2768 853/2769
f 854/2770 886/2771 853/2772
f 856/2773 825/2774 857/2775
f 825/2776 856/2777 824/2778
f 856/2779 855/2780 823/2781
f 856/2782 823/2783 824/2784
f 955/2785 922/2786 923/2787
f 955/2788 954/2789 922/2790
f 461/2791 492/2792 460/2793
f 461/2794 493/2795 492/2796
f 428/2797 461/2798 460/2799
f 461/2800 428/2801 429/2802
f 430/2803 461/2804 429/2805
f 461/2806 430/2807 462/2808
f 430/2809 399/2810 431/2811
f 399/2812 430/2813 398/2814
f 430/2815 397/2816 398/2817
f 397/2818 430/2819 429/2820
f 463/2821 430/2822 431/2823
f 462/2824 430/2825 463/2826
f 494/2827 461/2828 462/2829
f 461/2830 494/2831 493/2832
f 525/2833 494/2834 526/2835
f 494/2836 525/2837 493/2838
f 494/2839 463/2840 495/2841
f 494/2842 462/2843 463/2844
f 571/2845 540/2846 572/2847
f 571/2848 539/2849 540/2850
f 571/2851 570/2852 538/2853
f 539/2854 571/2855 538/2856
f 309/2857 308/2858 277/2859
f 308/2860 276/2861 277/2862
f 375/2863 344/2864 376/2865
f 344/2866 375/2867 343/2868
f 344/2869 345/2870 377/2871
f 376/2872 344/2873 377/2874
f 344/2875 312/2876 313/2877
f 345/2878 344/2879 313/2880
f 311/2881 344/2882 343/2883
f 312/2884 344/2885 311/2886
f 374/2887 341/2888 342/2889
f 341/2890 374/2891 373/2892
f 374/2893 342/2894 343/2895
f 375/2896 374/2897 343/2898
f 412/2899 380/2900 381/2901
f 413/2902 412/2903 381/2904
f 507/2905 508/2906 540/2907
f 539/2908 507/2909 540/2910
f 508/2911 507/2912 476/2913
f 507/2914 475/2915 476/2916
f 564/2917 597/2918 596/2919
f 597/2920 564/2921 565/2922
f 1006/2923 975/2924 1007/2925
f 1006/2926 974/2927 975/2928
f 973/2929 940/2930 941/2931
f 940/2932 973/2933 972/2934
f 973/2935 1004/2936 972/2937
f 1004/2938 973/2939 1005/2940
f 973/2941 941/2942 942/2943
f 974/2944 973/2945 942/2946
f 1006/2947 973/2948 974/2949
f 973/2950 1006/2951 1005/2952
f 848/2953 816/2954 817/2955
f 849/2956 848/2957 817/2958
f 880/2959 848/2960 881/2961
f 848/2962 849/2963 881/2964
f 816/2965 848/2966 815/2967
f 848/2968 847/2969 815/2970
f 848/2971 880/2972 879/2973
f 847/2974 848/2975 879/2976
f 819/2977 850/2978 818/2979
f 819/2980 851/2981 850/2982
f 819/2983 818/2984 786/2985
f 787/2986 819/2987 786/2988
f 851/2989 819/2990 852/2991
f 819/2992 820/2993 852/2994
f 820/2995 819/2996 788/2997
f 788/2998 819/2999 787/3000
f 763/3001 732/3002 764/3003
f 732/3004 763/3005 731/3006
f 894/3007 861/3008 862/3009
f 861/3010 894/3011 893/3012
f 925/3013 892/3014 893/3015
f 892/3016 925/3017 924/3018
f 891/3019 892/3020 923/3021
f 923/3022 892/3023 924/3024
f 892/3025 861/3026 893/3027
f 861/3028 892/3029 860/3030
f 889/3031 858/3032 890/3033
f 858/3034 889/3035 857/3036
f 695/3037 728/3038 727/3039
f 728/3040 695/3041 696/3042
f 695/3043 664/3044 696/3045
f 695/3046 663/3047 664/3048
f 822/3049 790/3050 823/3051
f 790/3052 791/3053 823/3054
f 790/3055 822/3056 821/3057
f 789/3058 790/3059 821/3060
f 791/3061 790/3062 759/3063
f 790/3064 758/3065 759/3066
f 790/3067 789/3068 757/3069
f 758/3070 790/3071 757/3072
f 498/3073 531/3074 530/3075
f 531/3076 498/3077 499/3078
f 530/3079 531/3080 562/3081
f 531/3082 563/3083 562/3084
f 594/3085 563/3086 595/3087
f 563/3088 594/3089 562/3090
f 594/3091 561/3092 562/3093
f 594/3094 593/3095 561/3096
f 692/3097 660/3098 661/3099
f 693/3100 692/3101 661/3102
f 692/3103 725/3104 724/3105
f 725/3106 692/3107 693/3108
f 723/3109 692/3110 724/3111
f 691/3112 692/3113 723/3114
f 659/3115 692/3116 691/3117
f 692/3118 659/3119 660/3120
f 659/3121 627/3122 628/3123
f 660/3124 659/3125 628/3126
f 658/3127 659/3128 690/3129
f 659/3130 691/3131 690/3132
f 720/3133 687/3134 688/3135
f 720/3136 719/3137 687/3138
f 689/3139 720/3140 688/3141
f 720/3142 689/3143 721/3144
f 719/3145 720/3146 751/3147
f 720/3148 752/3149 751/3150
f 753/3151 720/3152 721/3153
f 752/3154 720/3155 753/3156
f 994/3157 963/3158 995/3159
f 962/3160 963/3161 994/3162
f 963/3163 996/3164 995/3165
f 963/3166 964/3167 996/3168
f 904/3169 903/3170 872/3171
f 872/3172 903/3173 871/3174
f 903/3175 904/3176 936/3177
f 935/3178 903/3179 936/3180
f 748/3181 749/3182 781/3183
f 780/3184 748/3185 781/3186
f 777/3187 778/3188 810/3189
f 809/3190 777/3191 810/3192
f 875/3193 908/3194 907/3195
f 908/3196 875/3197 876/3198
f 769/3199 770/3200 801/3201
f 801/3202 770/3203 802/3204
f 803/3205 770/3206 771/3207
f 770/3208 803/3209 802/3210
f 803/3211 834/3212 802/3213
f 803/3214 835/3215 834/3216
f 609/3217 577/3218 578/3219
f 610/3220 609/3221 578/3222
f 642/3223 675/3224 674/3225
f 675/3226 642/3227 643/3228
f 642/3229 673/3230 641/3231
f 673/3232 642/3233 674/3234
f 642/3235 609/3236 610/3237
f 609/3238 642/3239 641/3240
f 611/3241 642/3242 610/3243
f 642/3244 611/3245 643/3246
f 611/3247 644/3248 643/3249
f 644/3250 611/3251 612/3252
f 579/3253 611/3254 578/3255
f 611/3256 610/3257 578/3258
f 611/3259 580/3260 612/3261
f 611/3262 579/3263 580/3264
f 837/3265 868/3266 836/3267
f 837/3268 869/3269 868/3270
f 839/3271 840/3272 872/3273
f 839/3274 872/3275 871/3276
f 686/3277 719/3278 718/3279
f 719/3280 686/3281 687/3282
f 687/3283 686/3284 655/3285
f 686/3286 654/3287 655/3288
f 554/3289 585/3290 553/3291
f 585/3292 554/3293 586/3294
f 618/3295 585/3296 586/3297
f 585/3298 618/3299 617/3300
f 680/3301 649/3302 681/3303
f 649/3304 680/3305 648/3306
f 618/3307 649/3308 617/3309
f 649/3310 618/3311 650/3312
f 683/3313 651/3314 652/3315
f 684/3316 683/3317 652/3318
f 560/3319 593/3320 592/3321
f 593/3322 560/3323 561/3324
f 591/3325 560/3326 592/3327
f 559/3328 560/3329 591/3330
f 494/3331 527/3332 526/3333
f 527/3334 494/3335 495/3336
f 527/3337 558/3338 526/3339
f 527/3340 559/3341 558/3342
f 613/3343 644/3344 612/3345
f 613/3346 645/3347 644/3348
f 455/3349 487/3350 454/3351
f 487/3352 486/3353 454/3354
f 458/3355 491/3356 490/3357
f 491/3358 458/3359 459/3360
f 489/3361 458/3362 490/3363
f 457/3364 458/3365 489/3366
f 392/3367 425/3368 424/3369
f 425/3370 392/3371 393/3372
f 424/3373 425/3374 456/3375
f 425/3376 457/3377 456/3378
f 228/3379 197/3380 229/3381
f 197/3382 228/3383 196/3384
f 292/3385 325/3386 324/3387
f 293/3388 325/3389 292/3390
f 422/3391 391/3392 423/3393
f 390/3394 391/3395 422/3396
f 391/3397 424/3398 423/3399
f 391/3400 392/3401 424/3402
f 391/3403 360/3404 392/3405
f 360/3406 391/3407 359/3408
f 360/3409 328/3410 329/3411
f 360/3412 329/3413 361/3414
f 393/3415 360/3416 361/3417
f 392/3418 360/3419 393/3420
f 360/3421 327/3422 328/3423
f 360/3424 359/3425 327/3426
f 179/3427 147/3428 180/3429
f 147/3430 148/3431 180/3432
f 147/3433 115/3434 116/3435
f 147/3436 116/3437 148/3438
f 114/3439 147/3440 146/3441
f 115/3442 147/3443 114/3444
f 117/3445 84/3446 85/3447
f 117/3448 116/3449 84/3450
f 86/3451 117/3452 85/3453
f 117/3454 86/3455 118/3456
f 116/3457 117/3458 148/3459
f 117/3460 149/3461 148/3462
f 150/3463 117/3464 118/3465
f 149/3466 117/3467 150/3468
f 402/3469 369/3470 370/3471
f 369/3472 402/3473 401/3474
f 274/3475 305/3476 273/3477
f 305/3478 274/3479 306/3480
f 335/3481 334/3482 302/3483
f 303/3484 335/3485 302/3486
f 366/3487 335/3488 367/3489
f 335/3490 366/3491 334/3492
f 58/3493 90/3494 57/3495
f 90/3496 89/3497 57/3498
f 121/3499 152/3500 120/3501
f 152/3502 121/3503 153/3504
f 121/3505 90/3506 122/3507
f 90/3508 121/3509 89/3510
f 154/3511 121/3512 122/3513
f 121/3514 154/3515 153/3516
f 185/3517 154/3518 186/3519
f 154/3520 185/3521 153/3522
f 186/3523 154/3524 187/3525
f 154/3526 155/3527 187/3528
f 254/3529 287/3530 286/3531
f 287/3532 254/3533 255/3534
f 287/3535 288/3536 320/3537
f 319/3538 287/3539 320/3540
f 251/3541 250/3542 218/3543
f 219/3544 251/3545 218/3546
f 251/3547 282/3548 250/3549
f 282/3550 251/3551 283/3552
f 251/3553 252/3554 284/3555
f 251/3556 284/3557 283/3558
f 251/3559 220/3560 252/3561
f 220/3562 251/3563 219/3564
f 220/3565 189/3566 221/3567
f 189/3568 220/3569 188/3570
f 220/3571 219/3572 187/3573
f 220/3574 187/3575 188/3576
f 252/3577 220/3578 253/3579
f 253/3580 220/3581 221/3582
f 256/3583 287/3584 255/3585
f 287/3586 256/3587 288/3588
f 160/3589 191/3590 159/3591
f 191/3592 160/3593 192/3594
f 382/3595 414/3596 413/3597
f 382/3598 413/3599 381/3600
f 317/3601 349/3602 316/3603
f 316/3604 349/3605 348/3606
f 380/3607 349/3608 381/3609
f 349/3610 380/3611 348/3612
f 349/3613 382/3614 381/3615
f 382/3616 349/3617 350/3618
f 285/3619 318/3620 317/3621
f 318/3622 285/3623 286/3624
f 318/3625 287/3626 319/3627
f 287/3628 318/3629 286/3630
f 349/3631 318/3632 350/3633
f 318/3634 349/3635 317/3636
f 318/3637 319/3638 351/3639
f 350/3640 318/3641 351/3642
f 54/3643 87/3644 86/3645
f 87/3646 54/3647 55/3648
f 87/3649 119/3650 118/3651
f 86/3652 87/3653 118/3654
f 637/3655 638/3656 670/3657
f 637/3658 670/3659 669/3660
f 638/3661 637/3662 606/3663
f 637/3664 605/3665 606/3666
f 666/3667 697/3668 665/3669
f 697/3670 666/3671 698/3672
f 635/3673 666/3674 634/3675
f 666/3676 635/3677 667/3678
f 666/3679 665/3680 633/3681
f 634/3682 666/3683 633/3684
f 414/3685 415/3686 446/3687
f 415/3688 447/3689 446/3690
f 480/3691 511/3692 479/3693
f 511/3694 480/3695 512/3696
f 316/3697 315/3698 284/3699
f 284/3700 315/3701 283/3702
f 298/3703 297/3704 265/3705
f 266/3706 298/3707 265/3708
f 297/3709 298/3710 329/3711
f 298/3712 330/3713 329/3714
f 300/3715 269/3716 301/3717
f 300/3718 268/3719 269/3720
f 333/3721 300/3722 301/3723
f 332/3724 300/3725 333/3726
f 362/3727 395/3728 394/3729
f 363/3730 395/3731 362/3732
f 395/3733 428/3734 427/3735
f 395/3736 396/3737 428/3738
f 395/3739 363/3740 364/3741
f 396/3742 395/3743 364/3744
f 147/3745 178/3746 146/3747
f 178/3748 147/3749 179/3750
f 211/3751 178/3752 179/3753
f 178/3754 211/3755 210/3756
f 177/3757 178/3758 209/3759
f 209/3760 178/3761 210/3762
f 178/3763 145/3764 146/3765
f 178/3766 177/3767 145/3768
f 242/3769 209/3770 210/3771
f 209/3772 242/3773 241/3774
f 242/3775 211/3776 243/3777
f 211/3778 242/3779 210/3780
f 242/3781 274/3782 273/3783
f 242/3784 273/3785 241/3786
f 242/3787 243/3788 275/3789
f 274/3790 242/3791 275/3792
f 271/3793 302/3794 270/3795
f 271/3796 303/3797 302/3798
f 271/3799 238/3800 239/3801
f 238/3802 271/3803 270/3804
f 240/3805 271/3806 239/3807
f 271/3808 240/3809 272/3810
f 207/3811 240/3812 239/3813
f 240/3814 207/3815 208/3816
f 209/3817 240/3818 208/3819
f 240/3820 209/3821 241/3822
f 273/3823 240/3824 241/3825
f 272/3826 240/3827 273/3828
f 203/3829 236/3830 235/3831
f 204/3832 236/3833 203/3834
f 236/3835 267/3836 235/3837
f 267/3838 236/3839 268/3840
f 236/3841 204/3842 205/3843
f 237/3844 236/3845 205/3846
f 236/3847 237/3848 269/3849
f 268/3850 236/3851 269/3852
f 141/3853 172/3854 140/3855
f 141/3856 173/3857 172/3858
f 108/3859 141/3860 140/3861
f 141/3862 108/3863 109/3864
f 173/3865 141/3866 174/3867
f 141/3868 142/3869 174/3870
f 110/3871 141/3872 109/3873
f 142/3874 141/3875 110/3876
f 914/3877 915/3878 946/3879
f 915/3880 947/3881 946/3882
f 882/3883 915/3884 914/3885
f 915/3886 882/3887 883/3888
f 915/3889 948/3890 947/3891
f 915/3892 916/3893 948/3894
f 884/3895 915/3896 883/3897
f 916/3898 915/3899 884/3900
f 601/3901 634/3902 633/3903
f 634/3904 601/3905 602/3906
f 570/3907 601/3908 569/3909
f 601/3910 570/3911 602/3912
f 732/3913 765/3914 764/3915
f 765/3916 732/3917 733/3918
f 734/3919 765/3920 733/3921
f 766/3922 765/3923 734/3924
f 888/3925 889/3926 921/3927
f 920/3928 888/3929 921/3930
f 888/3931 920/3932 919/3933
f 887/3934 888/3935 919/3936
f 888/3937 856/3938 857/3939
f 889/3940 888/3941 857/3942
f 855/3943 888/3944 887/3945
f 856/3946 888/3947 855/3948
f 988/3949 956/3950 989/3951
f 989/3952 956/3953 957/3954
f 956/3955 925/3956 957/3957
f 925/3958 956/3959 924/3960
f 956/3961 923/3962 924/3963
f 956/3964 955/3965 923/3966
f 956/3967 987/3968 955/3969
f 987/3970 956/3971 988/3972
f 987/3973 1018/3974 986/3975
f 987/3976 1019/3977 1018/3978
f 1019/3979 987/3980 1020/3981
f 987/3982 988/3983 1020/3984
f 954/3985 987/3986 986/3987
f 955/3988 987/3989 954/3990
f 274/3991 307/3992 306/3993
f 307/3994 274/3995 275/3996
f 276/3997 307/3998 275/3999
f 308/4000 307/4001 276/4002
f 477/4003 444/4004 445/4005
f 476/4006 444/4007 477/4008
f 444/4009 413/4010 445/4011
f 444/4012 412/4013 413/4014
f 537/4015 506/4016 538/4017
f 506/4018 537/4019 505/4020
f 506/4021 474/4022 475/4023
f 507/4024 506/4025 475/4026
f 506/4027 539/4028 538/4029
f 506/4030 507/4031 539/4032
f 663/4033 630/4034 631/4035
f 630/4036 663/4037 662/4038
f 566/4039 533/4040 534/4041
f 533/4042 566/4043 565/4044
f 467/4045 500/4046 499/4047
f 468/4048 500/4049 467/4050
f 371/4051 404/4052 403/4053
f 372/4054 404/4055 371/4056
f 506/4057 473/4058 474/4059
f 473/4060 506/4061 505/4062
f 440/4063 473/4064 472/4065
f 473/4066 440/4067 441/4068
f 535/4069 566/4070 534/4071
f 566/4072 535/4073 567/4074
f 568/4075 535/4076 536/4077
f 535/4078 568/4079 567/4080
f 473/4081 504/4082 472/4083
f 504/4084 473/4085 505/4086
f 535/4087 504/4088 536/4089
f 504/4090 535/4091 503/4092
f 536/4093 504/4094 537/4095
f 537/4096 504/4097 505/4098
f 472/4099 504/4100 471/4101
f 504/4102 503/4103 471/4104
f 699/4105 730/4106 698/4107
f 730/4108 699/4109 731/4110
f 666/4111 699/4112 698/4113
f 699/4114 666/4115 667/4116
f 892/4117 859/4118 860/4119
f 859/4120 892/4121 891/4122
f 859/4123 891/4124 890/4125
f 858/4126 859/4127 890/4128
f 694/4129 693/4130 661/4131
f 662/4132 694/4133 661/4134
f 725/4135 694/4136 726/4137
f 694/4138 725/4139 693/4140
f 663/4141 694/4142 662/4143
f 695/4144 694/4145 663/4146
f 694/4147 727/4148 726/4149
f 694/4150 695/4151 727/4152
f 626/4153 659/4154 658/4155
f 659/4156 626/4157 627/4158
f 626/4159 658/4160 657/4161
f 625/4162 626/4163 657/4164
f 593/4165 626/4166 625/4167
f 594/4168 626/4169 593/4170
f 627/4171 626/4172 595/4173
f 626/4174 594/4175 595/4176
f 930/4177 931/4178 962/4179
f 931/4180 963/4181 962/4182
f 931/4183 930/4184 898/4185
f 899/4186 931/4187 898/4188
f 963/4189 931/4190 964/4191
f 931/4192 932/4193 964/4194
f 931/4195 899/4196 900/4197
f 932/4198 931/4199 900/4200
f 934/4201 967/4202 966/4203
f 934/4204 935/4205 967/4206
f 747/4207 779/4208 778/4209
f 747/4210 778/4211 746/4212
f 714/4213 747/4214 746/4215
f 747/4216 714/4217 715/4218
f 779/4219 747/4220 780/4221
f 747/4222 748/4223 780/4224
f 747/4225 716/4226 748/4227
f 716/4228 747/4229 715/4230
f 716/4231 683/4232 684/4233
f 683/4234 716/4235 715/4236
f 749/4237 716/4238 717/4239
f 748/4240 716/4241 749/4242
f 874/4243 873/4244 841/4245
f 842/4246 874/4247 841/4248
f 874/4249 906/4250 905/4251
f 873/4252 874/4253 905/4254
f 906/4255 874/4256 907/4257
f 874/4258 875/4259 907/4260
f 874/4261 843/4262 875/4263
f 843/4264 874/4265 842/4266
f 844/4267 843/4268 812/4269
f 812/4270 843/4271 811/4272
f 843/4273 810/4274 811/4275
f 843/4276 842/4277 810/4278
f 843/4279 844/4280 876/4281
f 875/4282 843/4283 876/4284
f 706/4285 673/4286 674/4287
f 706/4288 705/4289 673/4290
f 711/4291 742/4292 710/4293
f 742/4294 711/4295 743/4296
f 837/4297 838/4298 869/4299
f 869/4300 838/4301 870/4302
f 838/4303 839/4304 871/4305
f 870/4306 838/4307 871/4308
f 685/4309 716/4310 684/4311
f 716/4312 685/4313 717/4314
f 717/4315 685/4316 718/4317
f 685/4318 686/4319 718/4320
f 649/4321 682/4322 681/4323
f 682/4324 649/4325 650/4326
f 682/4327 683/4328 715/4329
f 714/4330 682/4331 715/4332
f 683/4333 682/4334 651/4335
f 651/4336 682/4337 650/4338
f 561/4339 528/4340 529/4341
f 560/4342 528/4343 561/4344
f 528/4345 497/4346 529/4347
f 528/4348 496/4349 497/4350
f 528/4351 560/4352 559/4353
f 527/4354 528/4355 559/4356
f 496/4357 528/4358 495/4359
f 528/4360 527/4361 495/4362
f 647/4363 614/4364 615/4365
f 614/4366 647/4367 646/4368
f 613/4369 614/4370 645/4371
f 645/4372 614/4373 646/4374
f 426/4375 395/4376 427/4377
f 395/4378 426/4379 394/4380
f 426/4381 427/4382 459/4383
f 458/4384 426/4385 459/4386
f 426/4387 458/4388 457/4389
f 425/4390 426/4391 457/4392
f 426/4393 393/4394 394/4395
f 426/4396 425/4397 393/4398
f 227/4399 226/4400 194/4401
f 195/4402 227/4403 194/4404
f 227/4405 195/4406 196/4407
f 228/4408 227/4409 196/4410
f 358/4411 391/4412 390/4413
f 391/4414 358/4415 359/4416
f 335/4417 368/4418 367/4419
f 368/4420 335/4421 336/4422
f 399/4423 368/4424 400/4425
f 368/4426 399/4427 367/4428
f 400/4429 368/4430 401/4431
f 368/4432 369/4433 401/4434
f 368/4435 337/4436 369/4437
f 337/4438 368/4439 336/4440
f 369/4441 337/4442 370/4443
f 337/4444 338/4445 370/4446
f 337/4447 305/4448 306/4449
f 338/4450 337/4451 306/4452
f 335/4453 304/4454 336/4455
f 304/4456 335/4457 303/4458
f 304/4459 271/4460 272/4461
f 271/4462 304/4463 303/4464
f 337/4465 304/4466 305/4467
f 304/4468 337/4469 336/4470
f 305/4471 304/4472 273/4473
f 304/4474 272/4475 273/4476
f 92/4477 61/4478 93/4479
f 61/4480 92/4481 60/4482
f 157/4483 190/4484 189/4485
f 190/4486 157/4487 158/4488
f 159/4489 190/4490 158/4491
f 191/4492 190/4493 159/4494
f 88/4495 56/4496 57/4497
f 89/4498 88/4499 57/4500
f 88/4501 121/4502 120/4503
f 121/4504 88/4505 89/4506
f 56/4507 88/4508 55/4509
f 88/4510 87/4511 55/4512
f 119/4513 88/4514 120/4515
f 87/4516 88/4517 119/4518
f 604/4519 603/4520 572/4521
f 603/4522 571/4523 572/4524
f 571/4525 603/4526 570/4527
f 570/4528 603/4529 602/4530
f 603/4531 634/4532 602/4533
f 603/4534 635/4535 634/4536
f 603/4537 636/4538 635/4539
f 636/4540 603/4541 604/4542
f 635/4543 636/4544 667/4545
f 636/4546 668/4547 667/4548
f 636/4549 637/4550 669/4551
f 668/4552 636/4553 669/4554
f 605/4555 636/4556 604/4557
f 637/4558 636/4559 605/4560
f 383/4561 382/4562 350/4563
f 383/4564 350/4565 351/4566
f 352/4567 383/4568 351/4569
f 384/4570 383/4571 352/4572
f 382/4573 383/4574 414/4575
f 383/4576 415/4577 414/4578
f 383/4579 384/4580 416/4581
f 415/4582 383/4583 416/4584
f 415/4585 448/4586 447/4587
f 448/4588 415/4589 416/4590
f 447/4591 448/4592 479/4593
f 448/4594 480/4595 479/4596
f 314/4597 346/4598 345/4599
f 314/4600 345/4601 313/4602
f 282/4603 314/4604 281/4605
f 281/4606 314/4607 313/4608
f 314/4609 282/4610 283/4611
f 315/4612 314/4613 283/4614
f 347/4615 314/4616 315/4617
f 314/4618 347/4619 346/4620
f 380/4621 347/4622 348/4623
f 347/4624 380/4625 379/4626
f 378/4627 347/4628 379/4629
f 346/4630 347/4631 378/4632
f 347/4633 316/4634 348/4635
f 347/4636 315/4637 316/4638
f 330/4639 299/4640 331/4641
f 298/4642 299/4643 330/4644
f 267/4645 299/4646 266/4647
f 299/4648 298/4649 266/4650
f 299/4651 332/4652 331/4653
f 299/4654 300/4655 332/4656
f 299/4657 267/4658 268/4659
f 300/4660 299/4661 268/4662
f 568/4663 600/4664 567/4665
f 600/4666 599/4667 567/4668
f 600/4669 632/4670 631/4671
f 599/4672 600/4673 631/4674
f 600/4675 568/4676 569/4677
f 601/4678 600/4679 569/4680
f 632/4681 600/4682 633/4683
f 600/4684 601/4685 633/4686
f 797/4687 766/4688 798/4689
f 797/4690 765/4691 766/4692
f 339/4693 371/4694 370/4695
f 338/4696 339/4697 370/4698
f 307/4699 339/4700 306/4701
f 339/4702 338/4703 306/4704
f 412/4705 411/4706 380/4707
f 380/4708 411/4709 379/4710
f 598/4711 597/4712 565/4713
f 566/4714 598/4715 565/4716
f 599/4717 598/4718 567/4719
f 598/4720 566/4721 567/4722
f 630/4723 598/4724 631/4725
f 598/4726 599/4727 631/4728
f 629/4729 598/4730 630/4731
f 598/4732 629/4733 597/4734
f 660/4735 629/4736 661/4737
f 629/4738 660/4739 628/4740
f 596/4741 629/4742 628/4743
f 597/4744 629/4745 596/4746
f 629/4747 630/4748 662/4749
f 629/4750 662/4751 661/4752
f 564/4753 532/4754 565/4755
f 532/4756 533/4757 565/4758
f 563/4759 532/4760 564/4761
f 531/4762 532/4763 563/4764
f 533/4765 532/4766 501/4767
f 532/4768 500/4769 501/4770
f 532/4771 531/4772 499/4773
f 500/4774 532/4775 499/4776
f 405/4777 404/4778 372/4779
f 405/4780 372/4781 373/4782
f 436/4783 467/4784 435/4785
f 436/4786 468/4787 467/4788
f 436/4789 405/4790 437/4791
f 405/4792 436/4793 404/4794
f 436/4795 435/4796 403/4797
f 404/4798 436/4799 403/4800
f 469/4801 436/4802 437/4803
f 436/4804 469/4805 468/4806
f 469/4807 500/4808 468/4809
f 500/4810 469/4811 501/4812
f 535/4813 502/4814 503/4815
f 502/4816 535/4817 534/4818
f 469/4819 502/4820 501/4821
f 502/4822 469/4823 470/4824
f 533/4825 502/4826 534/4827
f 502/4828 533/4829 501/4830
f 502/4831 470/4832 471/4833
f 503/4834 502/4835 471/4836
f 408/4837 376/4838 377/4839
f 409/4840 408/4841 377/4842
f 440/4843 408/4844 441/4845
f 408/4846 409/4847 441/4848
f 793/4849 825/4850 824/4851
f 792/4852 793/4853 824/4854
f 825/4855 826/4856 857/4857
f 826/4858 858/4859 857/4860
f 826/4861 793/4862 794/4863
f 793/4864 826/4865 825/4866
f 700/4867 701/4868 733/4869
f 732/4870 700/4871 733/4872
f 701/4873 700/4874 669/4875
f 700/4876 668/4877 669/4878
f 700/4879 732/4880 731/4881
f 699/4882 700/4883 731/4884
f 668/4885 700/4886 667/4887
f 700/4888 699/4889 667/4890
f 868/4891 901/4892 900/4893
f 869/4894 901/4895 868/4896
f 682/4897 713/4898 681/4899
f 713/4900 682/4901 714/4902
f 838/4903 807/4904 839/4905
f 807/4906 838/4907 806/4908
f 675/4909 707/4910 674/4911
f 707/4912 706/4913 674/4914
f 738/4915 769/4916 737/4917
f 738/4918 770/4919 769/4920
f 705/4921 738/4922 737/4923
f 706/4924 738/4925 705/4926
f 647/4927 679/4928 646/4929
f 679/4930 678/4931 646/4932
f 680/4933 679/4934 648/4935
f 679/4936 647/4937 648/4938
f 678/4939 679/4940 710/4941
f 679/4942 711/4943 710/4944
f 835/4945 804/4946 836/4947
f 803/4948 804/4949 835/4950
f 804/4951 803/4952 771/4953
f 772/4954 804/4955 771/4956
f 653/4957 620/4958 621/4959
f 620/4960 653/4961 652/4962
f 653/4963 621/4964 622/4965
f 654/4966 653/4967 622/4968
f 686/4969 653/4970 654/4971
f 685/4972 653/4973 686/4974
f 653/4975 684/4976 652/4977
f 653/4978 685/4979 684/4980
f 588/4981 556/4982 557/4983
f 588/4984 557/4985 589/4986
f 621/4987 588/4988 589/4989
f 620/4990 588/4991 621/4992
f 616/4993 649/4994 648/4995
f 649/4996 616/4997 617/4998
f 647/4999 616/5000 648/5001
f 616/5002 647/5003 615/5004
f 616/5005 585/5006 617/5007
f 616/5008 584/5009 585/5010
f 616/5011 615/5012 583/5013
f 584/5014 616/5015 583/5016
f 614/5017 582/5018 615/5019
f 615/5020 582/5021 583/5022
f 519/5023 518/5024 486/5025
f 487/5026 519/5027 486/5028
f 488/5029 455/5030 456/5031
f 488/5032 487/5033 455/5034
f 488/5035 457/5036 489/5037
f 457/5038 488/5039 456/5040
f 488/5041 519/5042 487/5043
f 519/5044 488/5045 520/5046
f 521/5047 488/5048 489/5049
f 520/5050 488/5051 521/5052
f 259/5053 290/5054 258/5055
f 259/5056 291/5057 290/5058
f 226/5059 259/5060 258/5061
f 227/5062 259/5063 226/5064
f 357/5065 356/5066 324/5067
f 325/5068 357/5069 324/5070
f 388/5071 357/5072 389/5073
f 356/5074 357/5075 388/5076
f 357/5077 390/5078 389/5079
f 357/5080 358/5081 390/5082
f 357/5083 326/5084 358/5085
f 326/5086 357/5087 325/5088
f 295/5089 326/5090 294/5091
f 326/5092 295/5093 327/5094
f 326/5095 293/5096 294/5097
f 326/5098 325/5099 293/5100
f 359/5101 326/5102 327/5103
f 358/5104 326/5105 359/5106
f 154/5107 123/5108 155/5109
f 123/5110 154/5111 122/5112
f 222/5113 253/5114 221/5115
f 222/5116 254/5117 253/5118
f 189/5119 222/5120 221/5121
f 190/5122 222/5123 189/5124
f 796/5125 763/5126 764/5127
f 763/5128 796/5129 795/5130
f 765/5131 796/5132 764/5133
f 797/5134 796/5135 765/5136
f 829/5137 830/5138 862/5139
f 861/5140 829/5141 862/5142
f 830/5143 829/5144 798/5145
f 829/5146 797/5147 798/5148
f 341/5149 340/5150 309/5151
f 340/5152 308/5153 309/5154
f 340/5155 341/5156 373/5157
f 372/5158 340/5159 373/5160
f 340/5161 307/5162 308/5163
f 340/5164 339/5165 307/5166
f 340/5167 372/5168 371/5169
f 339/5170 340/5171 371/5172
f 442/5173 473/5174 441/5175
f 473/5176 442/5177 474/5178
f 407/5179 375/5180 376/5181
f 408/5182 407/5183 376/5184
f 761/5185 728/5186 729/5187
f 728/5188 761/5189 760/5190
f 761/5191 792/5192 760/5193
f 761/5194 793/5195 792/5196
f 827/5197 826/5198 794/5199
f 827/5200 794/5201 795/5202
f 827/5203 859/5204 858/5205
f 826/5206 827/5207 858/5208
f 965/5209 933/5210 966/5211
f 933/5212 934/5213 966/5214
f 964/5215 933/5216 965/5217
f 932/5218 933/5219 964/5220
f 933/5221 932/5222 900/5223
f 901/5224 933/5225 900/5226
f 902/5227 933/5228 901/5229
f 933/5230 902/5231 934/5232
f 903/5233 902/5234 871/5235
f 902/5236 870/5237 871/5238
f 902/5239 903/5240 935/5241
f 934/5242 902/5243 935/5244
f 902/5245 869/5246 870/5247
f 902/5248 901/5249 869/5250
f 778/5251 745/5252 746/5253
f 777/5254 745/5255 778/5256
f 745/5257 714/5258 746/5259
f 745/5260 713/5261 714/5262
f 679/5263 712/5264 711/5265
f 712/5266 679/5267 680/5268
f 745/5269 712/5270 713/5271
f 712/5272 745/5273 744/5274
f 711/5275 712/5276 743/5277
f 712/5278 744/5279 743/5280
f 712/5281 680/5282 681/5283
f 713/5284 712/5285 681/5286
f 840/5287 808/5288 841/5289
f 808/5290 809/5291 841/5292
f 839/5293 808/5294 840/5295
f 807/5296 808/5297 839/5298
f 739/5299 772/5300 771/5301
f 772/5302 739/5303 740/5304
f 707/5305 739/5306 706/5307
f 739/5308 738/5309 706/5310
f 770/5311 739/5312 771/5313
f 738/5314 739/5315 770/5316
f 678/5317 677/5318 646/5319
f 677/5320 645/5321 646/5322
f 805/5323 838/5324 837/5325
f 838/5326 805/5327 806/5328
f 805/5329 837/5330 836/5331
f 804/5332 805/5333 836/5334
f 618/5335 619/5336 650/5337
f 619/5338 651/5339 650/5340
f 651/5341 619/5342 652/5343
f 619/5344 620/5345 652/5346
f 580/5347 581/5348 612/5349
f 581/5350 613/5351 612/5352
f 581/5353 548/5354 549/5355
f 548/5356 581/5357 580/5358
f 581/5359 614/5360 613/5361
f 581/5362 582/5363 614/5364
f 550/5365 581/5366 549/5367
f 582/5368 581/5369 550/5370
f 582/5371 551/5372 583/5373
f 551/5374 582/5375 550/5376
f 551/5377 550/5378 518/5379
f 519/5380 551/5381 518/5382
f 260/5383 229/5384 261/5385
f 260/5386 228/5387 229/5388
f 293/5389 260/5390 261/5391
f 260/5392 293/5393 292/5394
f 260/5395 227/5396 228/5397
f 260/5398 259/5399 227/5400
f 291/5401 260/5402 292/5403
f 259/5404 260/5405 291/5406
f 124/5407 93/5408 125/5409
f 124/5410 92/5411 93/5412
f 157/5413 124/5414 125/5415
f 156/5416 124/5417 157/5418
f 124/5419 156/5420 155/5421
f 123/5422 124/5423 155/5424
f 91/5425 124/5426 123/5427
f 124/5428 91/5429 92/5430
f 91/5431 58/5432 59/5433
f 91/5434 90/5435 58/5436
f 91/5437 59/5438 60/5439
f 92/5440 91/5441 60/5442
f 90/5443 91/5444 122/5445
f 91/5446 123/5447 122/5448
f 224/5449 223/5450 192/5451
f 223/5452 191/5453 192/5454
f 223/5455 256/5456 255/5457
f 256/5458 223/5459 224/5460
f 223/5461 190/5462 191/5463
f 223/5464 222/5465 190/5466
f 254/5467 223/5468 255/5469
f 222/5470 223/5471 254/5472
f 410/5473 378/5474 379/5475
f 411/5476 410/5477 379/5478
f 378/5479 410/5480 377/5481
f 410/5482 409/5483 377/5484
f 409/5485 410/5486 441/5487
f 410/5488 442/5489 441/5490
f 410/5491 443/5492 442/5493
f 443/5494 410/5495 411/5496
f 475/5497 443/5498 476/5499
f 443/5500 444/5501 476/5502
f 444/5503 443/5504 412/5505
f 443/5506 411/5507 412/5508
f 474/5509 443/5510 475/5511
f 442/5512 443/5513 474/5514
f 469/5515 438/5516 470/5517
f 438/5518 469/5519 437/5520
f 762/5521 763/5522 795/5523
f 794/5524 762/5525 795/5526
f 763/5527 762/5528 731/5529
f 762/5530 730/5531 731/5532
f 793/5533 762/5534 794/5535
f 761/5536 762/5537 793/5538
f 730/5539 762/5540 729/5541
f 762/5542 761/5543 729/5544
f 828/5545 796/5546 797/5547
f 829/5548 828/5549 797/5550
f 828/5551 861/5552 860/5553
f 828/5554 829/5555 861/5556
f 796/5557 828/5558 795/5559
f 828/5560 827/5561 795/5562
f 859/5563 828/5564 860/5565
f 827/5566 828/5567 859/5568
f 775/5569 742/5570 743/5571
f 775/5572 774/5573 742/5574
f 775/5575 807/5576 806/5577
f 774/5578 775/5579 806/5580
f 644/5581 676/5582 643/5583
f 676/5584 675/5585 643/5586
f 645/5587 676/5588 644/5589
f 677/5590 676/5591 645/5592
f 774/5593 773/5594 742/5595
f 773/5596 741/5597 742/5598
f 773/5599 772/5600 740/5601
f 741/5602 773/5603 740/5604
f 805/5605 773/5606 806/5607
f 773/5608 774/5609 806/5610
f 773/5611 804/5612 772/5613
f 773/5614 805/5615 804/5616
f 556/5617 587/5618 555/5619
f 588/5620 587/5621 556/5622
f 554/5623 587/5624 586/5625
f 587/5626 554/5627 555/5628
f 587/5629 588/5630 620/5631
f 619/5632 587/5633 620/5634
f 587/5635 618/5636 586/5637
f 587/5638 619/5639 618/5640
f 552/5641 521/5642 553/5643
f 552/5644 520/5645 521/5646
f 585/5647 552/5648 553/5649
f 584/5650 552/5651 585/5652
f 552/5653 519/5654 520/5655
f 552/5656 551/5657 519/5658
f 552/5659 584/5660 583/5661
f 551/5662 552/5663 583/5664
f 439/5665 408/5666 440/5667
f 439/5668 407/5669 408/5670
f 439/5671 472/5672 471/5673
f 439/5674 440/5675 472/5676
f 470/5677 439/5678 471/5679
f 438/5680 439/5681 470/5682
f 406/5683 439/5684 438/5685
f 439/5686 406/5687 407/5688
f 374/5689 406/5690 373/5691
f 406/5692 405/5693 373/5694
f 406/5695 374/5696 375/5697
f 407/5698 406/5699 375/5700
f 405/5701 406/5702 437/5703
f 406/5704 438/5705 437/5706
f 776/5707 777/5708 809/5709
f 808/5710 776/5711 809/5712
f 776/5713 745/5714 777/5715
f 745/5716 776/5717 744/5718
f 776/5719 808/5720 807/5721
f 775/5722 776/5723 807/5724
f 744/5725 776/5726 743/5727
f 776/5728 775/5729 743/5730
f 708/5731 739/5732 707/5733
f 739/5734 708/5735 740/5736
f 708/5737 707/5738 675/5739
f 676/5740 708/5741 675/5742
f 709/5743 678/5744 710/5745
f 709/5746 677/5747 678/5748
f 742/5749 709/5750 710/5751
f 741/5752 709/5753 742/5754
f 709/5755 676/5756 677/5757
f 709/5758 708/5759 676/5760
f 709/5761 741/5762 740/5763
f 708/5764 709/5765 740/5766
