# Created by Open3D 
# object name: refine_depth
# number of vertices: 1024
# number of triangles: 1922
mtllib refine_depth.mtl
v -36.819 -36.5491 74.8433
v -35.374 -37.0143 75.2363
v -32.7619 -37.2074 75.2754
v -29.9617 -36.7556 74.6958
v -26.0713 -34.6444 71.1712
v -23.7975 -32.6943 67.2673
v -22.4907 -31.7107 65.1518
v -19.8747 -31.2833 62.5505
v -16.8609 -31.1514 63.6893
v -14.6991 -30.7977 62.3518
v -11.2098 -30.6201 62.1941
v -7.96311 -30.1334 61.6225
v -5.4492 -31.2832 63.3077
v -3.06243 -31.2306 63.6753
v -2.41381 -32.9894 67.2515
v -1.43076 -35.4057 71.1079
v 1.21243 -36.4577 73.916
v 3.64332 -36.8394 74.849
v 5.76177 -36.883 75.0224
v 8.11776 -36.8741 75.065
v 10.5776 -37.2507 75.2636
v 12.8534 -36.8951 74.7585
v 15.3784 -36.9713 74.8534
v 18.0446 -37.2651 75.5122
v 20.7903 -37.1759 75.3256
v 23.9082 -37.0994 75.6905
v 26.7123 -36.8597 75.891
v 28.4445 -37.4195 76.6363
v 29.6714 -36.374 74.4784
v 31.0997 -36.1366 73.3223
v 32.3896 -34.8639 71.1145
v 34.4315 -34.6977 70.8119
v -37.6939 -36.1649 75.938
v -36.3871 -36.1066 75.192
v -32.4989 -35.6125 74.8153
v -29.5326 -36.0335 75.6549
v -27.6271 -35.0932 73.0951
v -25.3027 -33.4395 69.7919
v -22.9707 -31.6388 65.0376
v -20.2234 -31.1731 63.5714
v -17.0947 -30.1918 62.1782
v -14.9461 -29.6496 61.619
v -10.7278 -28.8733 61.3632
v -8.11235 -28.2362 61.7512
v -5.55639 -28.5935 61.0497
v -3.56287 -30.1337 62.9829
v -2.69227 -32.7044 68.1317
v -0.846506 -34.491 71.3675
v 1.29071 -35.0859 73.2606
v 3.38941 -35.5603 74.5217
v 5.69479 -35.7187 74.9371
v 7.98764 -36.4004 75.0105
v 10.5425 -36.4096 74.9356
v 12.9473 -36.358 74.9335
v 15.3531 -36.3213 74.9847
v 17.8395 -36.5032 75.2257
v 20.6615 -36.3242 75.0091
v 24.4476 -36.4277 75.2553
v 27.4194 -35.9016 75.5925
v 28.4467 -34.9327 75.3731
v 29.523 -35.4478 74.2438
v 32.2962 -35.6525 73.8466
v 33.5021 -34.1768 71.5747
v 34.3666 -32.8331 69.6159
v -37.7379 -34.5808 75.5469
v -36.5899 -33.9546 75.8318
v -33.0495 -33.5113 75.5362
v -29.4064 -33.5838 75.5122
v -27.515 -32.6509 73.2162
v -25.247 -31.027 68.4728
v -23.7702 -29.2107 63.8736
v -21.8432 -29.9685 61.9196
v -18.7615 -29.5277 62.2399
v -15.3959 -27.7972 61.1765
v -10.8631 -26.6166 62.022
v -8.72965 -26.3177 62.7523
v -6.99798 -26.2029 63.0376
v -4.11195 -27.551 63.5704
v -1.68521 -29.873 68.1301
v 0.291327 -31.4963 70.5561
v 2.10534 -32.3713 72.5098
v 3.16399 -33.3295 74.9373
v 4.91785 -33.9824 75.0038
v 7.70024 -34.2678 74.936
v 10.4231 -34.4581 75.1773
v 12.7999 -34.2438 74.9443
v 15.1999 -34.0519 74.9954
v 18.0738 -33.9484 75.0078
v 21.0635 -33.8473 75.0943
v 23.6868 -33.3617 74.9232
v 25.5137 -32.6007 75.4193
v 27.1258 -32.8546 74.7926
v 29.0078 -32.9967 73.4431
v 30.7195 -32.003 72.183
v 32.5307 -31.0926 70.6045
v 33.369 -30.3926 68.2955
v -37.1506 -30.8646 75.1063
v -36.1171 -30.6407 75.8106
v -33.0068 -30.7157 75.3332
v -28.9157 -30.5853 75.2733
v -27.8549 -30.4529 74.34
v -26.5501 -29.7626 69.5462
v -24.0311 -28.0547 64.3664
v -21.6505 -27.9113 62.1042
v -19.7006 -28.3828 60.6353
v -15.2749 -26.2203 60.3554
v -10.1414 -24.7928 61.9037
v -8.78715 -24.7283 64.0845
v -7.93946 -25.1128 66.7143
v -4.92784 -25.5066 67.446
v -2.1434 -26.2849 69.0361
v 0.47652 -27.467 69.4045
v 1.59737 -29.3467 73.4058
v 2.96265 -30.8212 75.2817
v 4.92351 -31.525 74.9089
v 7.61616 -31.4908 74.8223
v 10.3667 -31.7874 74.8037
v 12.841 -31.7223 74.6988
v 15.9415 -30.9741 75.3457
v 18.4361 -30.6903 74.8948
v 21.4648 -30.6911 75.1347
v 23.6051 -30.0564 74.8751
v 24.087 -29.9069 74.3454
v 24.5604 -30.0201 71.2038
v 27.1552 -29.2587 70.0382
v 29.8519 -29.1192 69.2651
v 31.6093 -28.4558 68.011
v 33.4169 -28.8133 67.9294
v -37.241 -27.1425 75.2688
v -36.0298 -27.0191 75.8884
v -33.0689 -27.3369 75.3355
v -29.3591 -27.6797 75.2112
v -27.8655 -27.543 73.2521
v -25.8145 -26.3345 68.2927
v -23.8935 -25.8491 65.3372
v -20.5493 -25.4704 63.0356
v -17.1461 -25.0572 61.6538
v -12.7418 -23.7528 62.1904
v -10.279 -22.8914 62.96
v -8.79308 -23.6063 66.1563
v -7.18583 -24.0127 68.8667
v -4.94261 -24.6919 71.5163
v -3.08984 -25.7426 73.6606
v -1.14365 -26.6457 74.3761
v 0.73178 -27.751 75.0077
v 2.41382 -28.2659 74.8391
v 5.23321 -28.6143 74.881
v 7.91094 -28.6523 74.8525
v 10.584 -28.711 74.8435
v 13.182 -28.8484 74.9976
v 15.8072 -28.2488 74.9439
v 18.8382 -28.095 75.0611
v 21.5112 -27.5186 75.0134
v 23.7299 -27.4873 74.9673
v 24.3084 -27.2591 73.9449
v 24.6213 -26.049 71.7559
v 26.0079 -25.4136 69.3798
v 28.2933 -24.9981 67.7702
v 30.2807 -25.6371 65.2593
v 31.5808 -25.7511 64.3054
v -37.7068 -24.9115 75.9324
v -35.6186 -24.5514 75.5705
v -33.0434 -24.937 75.672
v -29.8093 -25.3036 75.5343
v -28.312 -25.1203 73.5855
v -25.5165 -23.5967 67.5752
v -24.1031 -22.8381 64.5422
v -20.6208 -22.2837 63.1593
v -15.9838 -21.7261 61.8441
v -11.0518 -21.4695 62.4016
v -9.95634 -20.9383 63.6856
v -8.49962 -21.9543 68.0268
v -7.06235 -22.8067 70.9513
v -5.0532 -23.5458 73.4271
v -3.50833 -24.6503 74.9057
v -1.86312 -25.6078 75.1581
v 0.365256 -25.7964 75.166
v 2.8595 -25.9518 74.9047
v 5.13982 -26.0485 75.0344
v 7.96947 -25.9007 74.8747
v 10.5472 -25.9779 74.9324
v 13.1824 -26.0857 74.8452
v 16.0884 -25.649 74.7551
v 18.8769 -25.3461 74.8717
v 21.3616 -25.1436 74.9586
v 22.8774 -25.1089 74.5906
v 24.1556 -24.9497 73.9508
v 24.5072 -23.7087 71.8027
v 25.1241 -23.2636 68.3368
v 25.7723 -22.1717 64.6452
v 27.8905 -22.3986 62.5694
v 29.5748 -21.89 60.5735
v -37.3045 -22.62 75.5201
v -35.8094 -22.4041 75.7513
v -33.3499 -23.133 75.6043
v -29.8892 -22.6059 75.5544
v -28.1361 -23.1133 73.8565
v -25.988 -19.7512 65.9669
v -24.0196 -20.1826 64.573
v -20.649 -19.8338 62.9551
v -15.9995 -19.7673 61.7041
v -10.9019 -18.961 61.9925
v -9.88923 -18.7271 64.3309
v -8.61444 -20.1239 68.8212
v -7.12255 -21.3701 72.329
v -5.40351 -22.157 74.1602
v -4.03401 -23.1215 75.0259
v -1.95025 -23.5189 75.3386
v 0.677913 -23.3892 74.9891
v 3.12141 -23.3647 74.8395
v 5.53086 -23.4282 74.8922
v 8.01699 -23.6455 74.8993
v 10.4887 -23.4716 74.8346
v 13.1387 -23.4234 74.7063
v 16.1071 -23.2935 74.8605
v 18.8538 -22.9561 74.6912
v 21.204 -22.8694 74.7936
v 22.5938 -23.2419 75.2222
v 23.5184 -23.2628 74.4417
v 24.7458 -22.3209 71.7302
v 25.2076 -21.6699 68.2724
v 26.2919 -19.9545 65.1077
v 28.1695 -18.8257 62.8705
v 29.5872 -17.9157 60.8029
v -36.8109 -19.9681 74.8032
v -36.2252 -20.0918 75.755
v -32.8555 -20.1637 75.7962
v -30.2376 -20.5386 76.6701
v -28.4362 -20.072 72.8573
v -25.6206 -19.772 68.0768
v -23.2729 -18.5315 64.3196
v -20.8289 -17.5056 62.8579
v -15.702 -17.1377 61.3112
v -10.8869 -16.5514 62.1502
v -10.0839 -16.7272 64.8408
v -8.70202 -18.0438 69.7959
v -6.98746 -19.1173 71.1922
v -5.73592 -20.0069 73.9828
v -4.48523 -20.3173 74.4091
v -2.44445 -20.5247 74.6952
v 0.529145 -20.7321 74.7973
v 3.14014 -20.944 74.8762
v 5.68345 -21.0243 74.7151
v 7.94137 -21.1804 74.7105
v 10.4536 -21.2168 74.8212
v 12.9454 -21.1347 74.8694
v 15.9071 -20.8146 74.7575
v 18.8138 -20.8338 74.8579
v 21.4358 -20.7653 74.7674
v 22.3654 -20.9877 74.8066
v 23.3721 -20.6545 73.954
v 24.9293 -19.6237 72.0583
v 25.7871 -18.4028 68.6686
v 28.2143 -17.9119 66.8578
v 28.4212 -16.5934 63.021
v 29.8589 -15.9894 61.5
v -36.9847 -18.0104 74.9814
v -36.3955 -18.0725 75.9482
v -32.9714 -17.6321 75.5441
v -29.9065 -18.1083 75.3256
v -28.3462 -17.5829 72.3773
v -25.9277 -17.043 66.4434
v -23.5195 -16.6777 64.1418
v -20.96 -15.5436 62.1793
v -16.5107 -14.9378 61.0367
v -11.7628 -14.4695 62.2329
v -10.1645 -15.0348 66.6634
v -9.04914 -16.1715 70.8059
v -7.7894 -17.325 72.6401
v -6.7565 -17.439 73.976
v -5.20302 -17.7945 75.1059
v -2.81266 -17.6356 74.9964
v 0.242193 -17.9356 74.9928
v 2.98404 -17.8195 74.7054
v 5.71722 -18.6367 74.8541
v 8.02968 -18.7794 74.8179
v 10.4374 -18.7826 74.8239
v 12.8563 -18.712 74.8354
v 15.6669 -18.6345 74.7533
v 18.4879 -18.3698 74.7161
v 21.3633 -18.2453 74.7812
v 23.444 -18.3025 75.1685
v 24.7062 -18.1583 75.109
v 26.2081 -17.7611 73.7381
v 27.7722 -17.1888 70.8751
v 28.7016 -16.5096 68.2611
v 28.8356 -15.2221 63.2679
v 29.2144 -14.3781 61.1897
v -36.7487 -15.7377 74.8854
v -35.4298 -15.6103 74.7175
v -32.7884 -15.1055 75.4236
v -30.2421 -15.5693 75.8296
v -28.3278 -16.2658 72.0915
v -26.1937 -15.4693 68.0916
v -24.0289 -14.2535 63.4491
v -21.0854 -13.5224 61.9235
v -17.0193 -13.0618 61.1282
v -12.2675 -12.6563 62.3209
v -10.2434 -13.3456 66.7726
v -9.50751 -14.8467 70.4799
v -8.08949 -15.1822 71.8214
v -6.45129 -15.7691 75.2369
v -4.57926 -15.4406 74.637
v -2.45185 -15.2665 74.9296
v 0.176816 -15.1116 74.7427
v 2.76288 -15.1762 74.7019
v 5.47815 -15.9064 74.8446
v 7.79926 -16.1564 74.7338
v 10.4643 -16.2224 74.7059
v 13.0217 -16.1173 74.6707
v 15.7489 -16.0844 74.6398
v 18.4917 -15.8283 74.6394
v 21.2776 -15.6955 74.6814
v 23.7884 -15.6615 75.1342
v 25.1803 -15.7528 74.6362
v 26.5276 -15.2421 72.8645
v 27.5909 -15.0182 70.6669
v 28.4837 -14.4209 67.7862
v 27.9807 -13.2998 62.0137
v 29.1643 -12.8233 59.6325
v -36.4417 -13.619 74.8358
v -35.9104 -13.3901 74.9918
v -32.6597 -13.3811 75.4846
v -30.1102 -12.8004 75.2397
v -29.2218 -13.2877 72.7349
v -26.9425 -13.0534 67.3584
v -23.5984 -12.7239 63.7102
v -21.0815 -12.1352 62.0573
v -16.1219 -11.5182 61.7532
v -11.5759 -10.8759 62.645
v -10.5332 -11.2887 67.1754
v -10.0423 -12.6935 71.4527
v -8.10209 -13.4231 70.9295
v -5.12792 -13.5363 71.5144
v -3.94755 -13.212 74.2956
v -2.28059 -12.78 74.7283
v -0.136484 -12.4333 74.7313
v 2.45284 -12.6706 74.8012
v 5.19484 -12.75 74.7606
v 7.86978 -13.307 74.704
v 10.5669 -13.3423 74.631
v 13.0909 -13.425 74.6325
v 15.7594 -13.3191 74.6528
v 18.4594 -13.2267 74.551
v 21.2212 -13 74.7848
v 23.8074 -13.1691 74.6543
v 25.4774 -13.4913 74.0817
v 26.7941 -13.1904 73.0174
v 27.8533 -12.5366 71.0582
v 27.7072 -11.6832 66.843
v 27.8309 -10.9425 61.7975
v 28.8137 -10.64 57.9279
v -36.716 -11.0284 74.7416
v -35.8241 -11.1999 75.4624
v -32.2808 -11.1407 75.5132
v -30.3261 -11.2055 75.316
v -28.2931 -11.1697 71.1615
v -24.9726 -10.989 64.3813
v -23.2496 -11.4904 62.5528
v -20.5116 -10.6738 61.5684
v -15.2726 -9.68475 61.6648
v -11.4384 -8.72762 62.4529
v -10.0312 -9.44692 66.8927
v -9.60408 -10.5781 70.0843
v -7.26325 -11.2558 70.0553
v -5.08157 -10.6102 71.4082
v -3.71175 -10.5334 74.5178
v -2.03358 -10.0883 74.6751
v 0.0537639 -10.1289 74.6603
v 2.49072 -10.4063 74.7935
v 5.41548 -10.5105 74.8453
v 7.80782 -10.8902 74.7848
v 10.5417 -10.9824 74.7834
v 13.1354 -10.9732 74.6769
v 15.6673 -10.9269 74.6711
v 18.1608 -11.0998 74.6918
v 20.9881 -10.8935 74.6956
v 23.9151 -10.6614 74.6265
v 26.2171 -10.8416 74.5841
v 26.7761 -10.7047 73.6149
v 27.4127 -9.6056 70.734
v 27.794 -8.70031 68.3001
v 27.0978 -8.27482 61.457
v 28.1238 -7.72941 56.97
v -36.7938 -8.10073 75.0255
v -35.9134 -7.83116 75.4639
v -32.3414 -8.23709 75.4161
v -30.1127 -8.32087 74.2037
v -27.246 -8.38126 68.4686
v -24.9655 -8.5809 63.9417
v -22.2001 -8.57983 61.1818
v -19.4975 -7.94227 61.1833
v -14.8317 -6.99565 61.2172
v -11.4513 -6.56253 62.1972
v -9.85295 -6.98985 65.7906
v -9.18491 -8.03884 68.5144
v -5.96945 -7.88397 67.2581
v -4.33555 -7.42337 69.1666
v -3.50736 -7.43278 73.6324
v -2.02916 -7.37521 75.1073
v 0.558293 -8.03241 74.6478
v 2.65008 -8.16365 74.6497
v 5.11301 -8.36182 74.8299
v 7.71116 -8.61445 74.8122
v 10.447 -8.77088 74.678
v 13.0211 -8.84575 74.7055
v 15.4763 -9.03769 74.6954
v 18.2309 -8.94149 74.692
v 20.8684 -8.79222 74.6184
v 23.7685 -8.4893 74.5434
v 26.2754 -8.47367 74.4728
v 27.5171 -7.79824 74.0861
v 27.685 -7.29806 71.6158
v 27.9222 -6.34246 68.6825
v 26.8488 -4.94183 61.1517
v 27.8872 -4.50816 57.7599
v -37.0757 -5.2616 75.3467
v -35.6423 -5.29095 75.3813
v -32.633 -5.2549 76.2824
v -31.1396 -6.19498 75.5916
v -28.4299 -6.19903 69.7523
v -24.7539 -5.85036 63.3698
v -21.546 -5.49815 61.4231
v -18.8284 -4.84031 61.696
v -14.5703 -4.4714 61.7261
v -11.332 -4.25353 62.4156
v -10.3389 -4.69024 65.2237
v -9.2664 -4.78023 69.3669
v -7.16335 -5.03262 69.4014
v -5.25598 -5.25689 70.2156
v -3.68772 -5.25828 70.4114
v -1.59353 -5.60348 72.9052
v 1.52093 -5.94956 74.2227
v 3.05619 -6.27218 75.173
v 5.10554 -6.0174 75.0973
v 7.76497 -6.12165 74.6975
v 10.4348 -6.11529 74.7945
v 12.7137 -6.48491 74.9325
v 15.542 -6.45229 74.7729
v 18.0637 -6.35003 74.5393
v 20.9215 -6.20551 74.3949
v 24.082 -6.11781 74.5386
v 26.694 -6.03785 74.7444
v 28.5332 -5.42043 74.6328
v 29.3749 -5.4668 73.3966
v 28.9959 -4.90359 71.5107
v 29.0456 -3.26568 64.9742
v 29.8827 -2.85518 61.8094
v -36.4441 -2.82638 74.5494
v -34.7616 -2.31944 75.1416
v -33.1802 -3.12948 77.1738
v -30.8726 -3.4195 73.3793
v -28.4405 -3.05208 68.4188
v -25.0248 -2.80195 63.937
v -21.5666 -2.29959 61.9357
v -17.745 -1.8352 62.2172
v -13.9641 -1.50856 62.2935
v -11.4832 -1.66384 62.3924
v -9.95562 -2.18618 64.577
v -8.72276 -2.59662 69.4738
v -7.44538 -3.2073 71.1802
v -5.68713 -2.99971 67.4141
v -3.17201 -3.18953 65.8102
v 0.212231 -3.5476 70.3364
v 1.50654 -3.5068 73.2077
v 2.71948 -3.8119 74.3464
v 5.01082 -3.74587 74.9332
v 7.74596 -3.85124 74.7403
v 10.4697 -3.41682 74.822
v 13.0791 -3.40392 74.8018
v 15.6511 -3.46389 74.7644
v 17.9182 -3.51768 74.7511
v 20.8746 -3.41881 74.7194
v 24.2257 -3.62817 74.5892
v 26.4178 -3.46043 74.4262
v 28.4365 -2.8486 74.3721
v 29.14 -2.96577 73.2889
v 29.174 -3.25113 69.5061
v 30.7974 -1.63828 65.9701
v 31.7929 -1.09516 65.0923
v -35.0198 -1.56765 71.8931
v -33.7272 -1.31938 72.3227
v -31.9623 -1.20006 73.4834
v -28.9744 -1.01298 69.3781
v -27.0634 0.0494043 66.4217
v -25.0436 0.589307 65.5908
v -21.6411 0.318491 64.3141
v -17.8684 0.20332 63.0874
v -13.8694 0.109397 62.0817
v -10.7866 0.292223 62.2763
v -9.4496 0.310406 64.1662
v -8.26273 -0.310774 70.6287
v -6.88223 -1.35262 71.6779
v -6.291 -0.535413 69.0009
v -3.16443 0.320074 65.0725
v -0.144306 -0.310347 68.1314
v 0.911147 -0.964069 72.8616
v 2.39771 -1.42708 74.7316
v 4.68709 -1.62127 74.8495
v 7.44842 -1.53231 74.8944
v 10.6005 -1.13033 74.678
v 13.3217 -1.03721 74.6279
v 15.9329 -1.24572 74.7811
v 18.0007 -1.0873 74.6894
v 20.8111 -0.540202 74.7801
v 23.7844 -1.06058 74.6678
v 26.4252 -1.00254 74.3719
v 28.837 -0.676641 74.5573
v 30.4961 -1.05026 74.4226
v 31.7445 -1.78389 73.4918
v 33.4195 -1.1285 70.0253
v 33.5974 0.0841191 68.007
v -33.3763 -0.136179 68.0261
v -32.925 -0.213174 69.53
v -29.9348 -0.108592 68.1888
v -28.346 0.81373 68.5286
v -26.6872 1.46998 69.3947
v -23.9222 1.92316 69.7626
v -21.3345 1.5977 68.4259
v -18.2649 1.57489 65.5537
v -14.6143 1.1746 63.6468
v -11.3239 1.37535 64.0784
v -9.57633 1.60458 66.5999
v -8.38946 1.3451 70.9879
v -7.60196 1.0964 73.5245
v -6.0867 0.900965 70.8748
v -2.84183 2.23882 68.1802
v -0.575321 1.95777 70.4829
v 0.913529 0.867343 74.3834
v 1.92446 0.423593 74.5212
v 4.01797 0.709229 74.9407
v 7.28444 0.763273 74.6111
v 10.6626 0.975259 74.7109
v 13.514 0.921267 74.6775
v 16.222 1.0941 74.6124
v 18.5747 1.18884 74.7648
v 21.2188 1.67447 74.7875
v 23.678 1.57538 74.9054
v 25.6846 1.41402 74.5095
v 28.4683 2.0041 74.5219
v 30.7751 1.53263 74.9734
v 32.4002 0.878952 72.1788
v 34.0376 1.06966 71.0798
v 34.786 1.21101 70.6183
v -31.8428 2.23909 64.9198
v -31.0484 1.72271 64.5846
v -28.3073 1.00217 64.8743
v -26.5979 1.51505 66.6041
v -25.1526 2.53434 69.6012
v -24.0258 2.70221 69.8528
v -22.0196 1.95357 69.3637
v -18.7884 1.9558 66.6828
v -15.3073 2.26089 65.7466
v -12.4524 2.66847 67.1443
v -9.77756 2.5485 67.0892
v -8.53692 2.96453 71.5516
v -8.08619 3.44922 73.7046
v -6.43551 2.96218 72.6812
v -3.73204 3.8159 71.6057
v -1.61029 3.87025 73.3231
v -0.0975821 3.04192 74.3582
v 1.96461 2.76322 74.6935
v 3.97698 3.29414 74.6685
v 7.07092 3.52952 74.7896
v 10.5005 3.54085 74.5882
v 13.6054 3.68295 74.6983
v 16.7028 4.06152 74.5237
v 18.7615 4.18371 74.4391
v 21.1786 4.24163 74.8589
v 23.0194 4.26035 74.7395
v 24.675 3.12881 74.1713
v 27.0425 3.47339 74.6504
v 29.0245 3.27818 73.6879
v 31.0642 2.9983 72.2261
v 33.429 3.50842 71.0564
v 34.5088 4.03132 70.1248
v -31.3583 5.10862 63.3921
v -30.1803 4.90396 62.1791
v -27.5437 4.11441 62.5821
v -25.0941 3.77718 64.0235
v -23.8221 3.96138 66.3054
v -22.7051 3.39525 66.3742
v -20.4241 3.30904 63.5883
v -17.0529 2.78261 61.6636
v -14.5927 3.30291 62.1177
v -13.2288 3.83993 65.4399
v -10.0942 4.15997 67.2044
v -8.45228 4.32593 71.3267
v -7.69344 4.92599 73.3512
v -6.0015 6.11243 72.7963
v -3.17526 6.51801 72.7006
v -2.21532 6.18205 72.4399
v -0.930182 5.90767 74.0837
v 1.67281 5.23861 75.2349
v 4.13058 6.03477 74.7721
v 7.25663 6.28267 74.8071
v 10.5042 6.19953 74.6788
v 13.7143 6.30768 74.6629
v 16.8056 6.39349 74.6938
v 19.068 6.53749 74.7282
v 21.0908 6.56046 74.8389
v 22.6831 6.01864 75.081
v 23.8087 5.18544 73.3005
v 26.6307 4.57589 73.0449
v 28.7103 4.46518 71.7352
v 30.9912 4.60713 70.9431
v 32.3426 5.57797 70.2142
v 34.1756 5.82653 69.6627
v -32.2355 8.6392 64.834
v -31.4571 8.63916 64.6943
v -28.5956 8.21378 63.5833
v -26.0969 7.05418 63.9915
v -23.4007 6.32182 63.8199
v -21.19 6.34798 61.8542
v -19.4079 6.05496 59.1591
v -16.0047 6.23454 57.25
v -13.7916 6.2336 58.715
v -13.0764 5.94171 62.2615
v -10.3571 5.77576 62.3777
v -8.02482 6.0409 64.8522
v -6.6947 6.74716 70.0265
v -5.45235 8.26322 71.3594
v -4.19167 8.75925 71.4726
v -3.26597 8.55536 72.894
v -1.53146 8.33004 74.2614
v 1.23991 7.70056 74.569
v 4.4384 8.21069 74.6934
v 7.35296 8.88458 74.8835
v 10.6272 9.01731 74.6579
v 13.9906 8.97502 74.5551
v 16.4563 8.84245 74.6636
v 18.3192 8.52454 74.6883
v 20.2013 8.19804 74.8382
v 21.9328 7.97369 74.5243
v 22.8475 7.49109 71.8078
v 24.6454 6.18507 69.3397
v 28.3362 5.4471 68.5894
v 30.4281 5.26756 68.2572
v 31.7249 6.46544 67.8405
v 33.6913 7.71777 68.9154
v -35.0412 10.4577 70.8235
v -33.571 10.6752 69.6114
v -30.1059 10.2358 64.4018
v -26.7347 10.2442 62.1082
v -23.1215 9.4537 61.2216
v -21.3107 9.73057 61.4061
v -18.9939 10.2167 60.2653
v -16.7856 10.4327 59.4509
v -14.821 10.4316 59.3166
v -13.2801 9.98637 60.8257
v -10.792 8.4634 61.8221
v -8.30595 7.324 62.2669
v -5.924 8.03534 64.0202
v -4.43852 9.17671 67.9071
v -3.53117 10.2482 71.2637
v -2.76253 10.5076 73.8413
v -0.99215 10.4928 74.6348
v 1.35074 10.8677 74.6249
v 5.0819 11.1294 74.4319
v 7.89389 11.3105 74.7716
v 10.6704 11.8682 74.6767
v 13.568 11.8003 74.6812
v 15.8621 11.5334 74.7583
v 17.6926 10.8037 74.7303
v 18.9809 10.3696 74.2312
v 20.3876 9.73066 72.7092
v 22.1681 8.93264 69.9793
v 23.2011 7.74455 66.9785
v 26.8207 7.69739 66.433
v 29.9938 7.49166 66.6515
v 30.7708 8.15606 65.6195
v 32.5355 8.57343 66.6648
v -35.6113 12.3289 72.5741
v -34.0611 12.4266 72.0192
v -30.523 13.1046 67.2437
v -27.4386 13.5184 63.8059
v -23.4443 13.1804 63.4141
v -21.3452 12.6276 64.6071
v -19.8108 12.7626 63.7423
v -17.3652 12.1821 61.6478
v -15.0173 13.1897 61.5837
v -13.9723 13.6267 63.4503
v -11.876 12.5595 62.608
v -9.0702 10.7625 62.1963
v -6.08297 9.87848 63.3503
v -3.59727 10.1273 65.6227
v -2.4014 11.4723 69.1485
v -1.73122 12.2021 72.5644
v -0.166295 12.6819 74.0391
v 2.6311 13.2056 74.1021
v 4.53726 13.5713 74.388
v 7.92948 14.4089 74.3835
v 10.7808 14.3982 74.7163
v 13.1432 14.4524 74.6239
v 15.3242 13.8745 74.9309
v 17.0826 13.12 74.2827
v 17.8734 12.6341 72.7593
v 19.2143 12.0383 71.1469
v 20.9863 10.8891 68.8233
v 22.7136 10.2746 66.2119
v 26.782 10.2239 65.8405
v 28.6439 10.2121 65.2696
v 30.8058 9.98642 64.574
v 32.1261 10.5701 65.0519
v -36.1431 14.6894 74.2858
v -34.3412 15.1572 74.2557
v -31.7386 15.8558 71.6969
v -28.0205 15.6396 68.1764
v -25.119 15.1106 66.9171
v -22.2843 13.832 66.2313
v -19.8433 13.5389 65.6576
v -17.5008 14.708 66.1199
v -16.0758 15.3397 67.321
v -14.6883 15.3307 66.9779
v -12.9191 14.7992 63.2084
v -11.2514 14.2268 62.5993
v -7.98778 13.1323 61.8351
v -3.92585 12.4389 63.1933
v -2.22674 12.4376 64.1882
v -0.491402 12.7336 67.0822
v 1.21228 13.5438 70.1078
v 3.34943 14.0463 73.1689
v 5.5417 15.4484 74.4274
v 7.46014 16.673 74.8704
v 10.8502 16.8033 74.4937
v 13.2041 16.5326 74.7093
v 15.0575 16.5465 74.6835
v 16.5954 15.7604 73.135
v 17.7044 14.8918 72.2613
v 19.4954 13.6766 70.9118
v 20.4708 12.7586 67.4022
v 22.0542 11.825 64.7071
v 25.9135 11.9352 64.8488
v 28.0163 11.7776 63.7983
v 29.4716 11.8138 62.8333
v 31.1361 12.0393 63.2049
v -36.2132 17.2183 74.2873
v -34.5077 17.8392 74.4575
v -32.0254 17.8286 73.1612
v -28.7177 17.8525 72.1179
v -26.2864 16.4507 70.2163
v -23.1445 15.2774 66.3948
v -19.6351 15.1995 64.9318
v -16.5908 16.1148 65.9868
v -15.9983 17.5846 70.4752
v -14.7817 16.9855 69.8753
v -13.5884 17.3811 69.9229
v -10.9818 16.9058 65.2364
v -8.84622 17.3073 64.2678
v -5.69348 16.7428 62.5767
v -2.88173 15.4881 61.2392
v -0.107487 13.6062 62.7475
v 2.01378 14.1703 64.7401
v 3.93885 15.4343 68.6822
v 5.87228 16.9918 72.9504
v 7.92157 18.5042 74.4985
v 10.3942 18.7033 74.262
v 13.0229 18.4373 74.2613
v 14.6348 18.4375 73.9831
v 15.8424 17.6143 72.562
v 17.0802 16.4582 70.1251
v 18.5411 15.6327 69.1023
v 19.4043 14.8124 65.2249
v 21.6547 14.3749 63.9795
v 24.944 14.4847 63.6101
v 27.1772 14.3205 62.4603
v 29.0103 13.9511 61.6073
v 30.9732 14.7983 62.8005
v -35.8269 19.289 73.2024
v -33.8427 19.7407 72.0268
v -32.0281 19.4506 72.8033
v -28.7183 19.2337 71.6898
v -26.5375 18.7644 69.7984
v -22.7089 17.9609 65.1273
v -19.8568 17.849 63.109
v -16.9204 18.9212 66.5118
v -15.9849 20.0508 71.8869
v -15.3237 19.0023 74.9571
v -13.7167 19.2583 74.7982
v -11.0024 19.7636 73.5326
v -8.93279 19.9379 68.7211
v -6.4967 19.2899 64.7327
v -4.67065 18.7672 62.7038
v -1.87085 17.366 61.6481
v 2.34262 15.7906 63.3337
v 4.52922 16.2885 64.2708
v 6.72408 18.1339 68.792
v 8.54908 19.3489 72.4823
v 10.0068 20.5899 73.907
v 12.312 21.0197 74.2817
v 14.6318 20.4712 74.4467
v 16.2325 20.0234 73.7089
v 17.1082 19.0771 71.6081
v 17.9203 18.2661 67.7878
v 18.5671 17.6704 64.4009
v 21.6508 17.5122 63.4203
v 25.1016 18.0017 62.8881
v 27.4307 17.8994 61.8414
v 29.3249 17.3345 61.3866
v 31.6724 18.3583 63.6568
v -35.628 22.274 72.4995
v -34.7641 21.8687 72.1235
v -31.7927 21.8555 70.9322
v -29.1909 22.065 71.8073
v -26.8533 21.7754 70.032
v -22.4701 21.8187 64.2412
v -19.0617 21.2245 63.2022
v -17.3842 21.775 68.2977
v -16.8268 21.7301 73.2993
v -15.2841 21.1281 74.8959
v -12.8875 20.8581 75.0411
v -11.026 21.2789 75.0599
v -8.72098 22.1358 75.281
v -7.08664 22.4193 71.9028
v -4.70448 21.8222 66.4252
v -2.12874 20.4985 62.7009
v -0.248486 20.3514 61.6158
v 4.1956 18.713 62.2083
v 6.7086 18.7301 64.774
v 8.79414 19.3281 66.7242
v 10.2142 20.5351 71.0044
v 12.2328 21.839 73.3807
v 14.6735 21.9638 73.8843
v 17.13 21.6047 74.363
v 18.1508 21.5579 72.3625
v 18.3183 21.4379 69.5036
v 19.5343 21.5349 65.5666
v 23.3426 21.3292 65.0147
v 27.3371 21.4451 64.8852
v 29.3075 21.9627 64.8763
v 31.103 20.8943 64.5507
v 33.2293 22.6528 66.6677
v -34.9417 25.0922 71.1587
v -33.748 24.8313 70.4547
v -31.2657 24.4006 70.4981
v -28.1784 24.1665 71.2059
v -26.2553 24.3198 69.7572
v -22.9212 24.7554 66.9571
v -19.5828 24.7181 66.5013
v -18.7325 24.8197 71.6823
v -17.4767 23.4633 72.6227
v -15.445 22.9569 74.9484
v -12.8641 22.9169 74.5971
v -10.5852 22.5492 75.4056
v -8.57634 23.2558 74.8935
v -6.6252 24.0769 74.6359
v -4.43414 24.4435 73.2259
v -2.45516 23.455 67.1685
v 0.0143571 23.0197 63.4622
v 2.35914 22.2367 62.1045
v 5.45182 21.4472 62.062
v 8.58056 20.0729 63.7295
v 10.3589 20.9095 65.7125
v 12.2411 22.0352 69.235
v 14.3854 22.7236 70.394
v 17.1542 22.8735 73.0509
v 19.216 22.9644 72.4351
v 20.3626 23.7349 71.494
v 21.8111 23.9472 68.7593
v 24.3769 23.8012 66.7572
v 26.8462 24.2313 65.0611
v 28.8894 24.2743 65.1725
v 31.6759 24.0204 66.8515
v 34.0278 24.128 68.9516
v -32.4651 25.0656 67.6142
v -30.6179 24.5864 67.0925
v -29.1523 24.494 66.3578
v -28.0953 25.4077 67.9663
v -26.2567 26.4315 71.1923
v -24.0598 26.822 71.282
v -21.9104 26.9799 71.7942
v -19.7408 27.2129 73.2434
v -17.779 25.7878 73.2982
v -15.6203 26.0775 74.9661
v -12.5775 25.6855 74.5301
v -10.3388 25.4096 74.6347
v -7.97823 25.0807 74.8033
v -5.2129 25.8151 74.634
v -3.8678 26.7444 75.117
v -2.08385 27.5033 74.0252
v 0.0210937 25.9274 67.244
v 2.06587 25.7281 64.7188
v 3.83661 24.1073 62.205
v 7.2913 23.1538 61.9297
v 9.072 22.1962 61.5806
v 11.5427 21.9789 63.5489
v 14.0579 22.5531 65.8923
v 15.8618 23.0777 67.4629
v 18.3842 25.0636 70.8306
v 20.8325 26.0952 72.8678
v 23.3584 26.1892 71.9576
v 25.1465 26.7631 69.2901
v 28.4277 27.0597 69.7218
v 30.685 27.0587 70.4956
v 33.2455 26.2081 71.2691
v 34.7752 25.9827 70.3512
v -32.4815 25.4038 67.2233
v -29.1969 23.7527 63.9775
v -26.9836 25.2276 62.1694
v -24.9861 26.4585 62.8574
v -25.7384 29.0624 70.7357
v -24.8391 28.9642 73.5313
v -22.9869 29.0716 74.3966
v -20.3097 29.8839 74.4689
v -17.4963 29.5825 74.5074
v -15.06 29.8026 74.4842
v -12.6561 29.2632 74.8181
v -10.0538 28.6357 74.5401
v -7.60315 28.5552 74.5544
v -4.96596 28.1797 74.8672
v -2.80119 28.2174 75.1482
v -1.04889 28.8032 74.8431
v 0.974873 29.557 74.9595
v 2.98393 30.0361 72.8675
v 4.28515 27.5172 65.4804
v 5.88877 27.2794 63.9326
v 7.86743 25.8777 62.9287
v 9.666 24.4834 61.3758
v 13.5216 23.3749 63.0518
v 16.3303 24.488 64.6182
v 18.9629 25.8101 66.9521
v 21.3895 27.8705 69.8078
v 23.9613 28.6674 72.6596
v 26.1921 29.2677 72.6833
v 29.0403 29.7516 72.0571
v 32.2262 29.6337 74.0941
v 34.389 28.5057 73.5947
v 36.6427 29.1242 74.1456
v -35.2261 29.0289 71.1453
v -33.2296 28.4802 67.888
v -28.2484 30.3186 65.1288
v -27.1759 29.9356 69.6467
v -27.1668 31.1849 72.7818
v -25.4837 31.3489 74.579
v -23.8504 32.4023 75.3638
v -21.0605 33.0666 75.0263
v -17.7917 33.2922 74.4841
v -15.1597 33.4231 74.6733
v -12.8908 32.7406 74.7566
v -10.4196 32.573 74.9507
v -7.52581 32.202 74.7403
v -4.92937 31.9359 74.731
v -2.44815 31.9044 75.0427
v -0.372222 31.7357 74.9576
v 1.96032 31.4218 74.6613
v 3.99078 31.6666 75.1428
v 5.82066 32.3798 74.3826
v 7.73159 32.0167 69.9826
v 8.44975 29.3568 64.9149
v 9.63148 28.6904 63.4062
v 11.5784 26.9071 61.2263
v 16.4138 25.9154 62.8701
v 18.8144 26.5616 63.8674
v 21.7775 28.2291 65.1591
v 24.4518 30.1843 70.7844
v 26.8774 31.4591 74.5988
v 29.1247 31.7247 74.172
v 31.5607 31.7393 74.668
v 34.2307 31.4353 74.4717
v 36.6414 31.5995 74.7112
v -35.4967 31.5652 72.6056
v -35.5286 33.36 73.5508
v -32.3832 34.5812 73.9402
v -30.4858 34.6727 75.347
v -28.7426 34.4397 75.1701
v -26.1844 34.8926 75.0287
v -24.1224 35.6181 74.879
v -21.6572 35.475 75.1481
v -18.3805 35.4886 74.7875
v -15.6634 35.6543 74.8447
v -13.3771 35.8814 74.7741
v -11.04 35.9646 74.8798
v -7.86218 35.972 74.7917
v -5.03673 35.6082 74.5603
v -2.58067 35.4994 74.5651
v -0.215126 35.1549 74.6583
v 2.35261 34.9284 74.5629
v 5.67523 34.589 74.2083
v 7.73835 35.1315 74.883
v 9.15303 34.5014 73.9339
v 9.96861 33.3981 70.7429
v 10.5991 31.2688 64.4962
v 11.7916 29.5713 61.8984
v 14.889 28.2986 60.2549
v 19.3318 28.5375 62.7374
v 21.8727 29.6541 63.7515
v 23.9616 31.9829 68.0037
v 26.7005 34.4521 72.9471
v 28.5791 35.1604 74.213
v 31.2802 35.4064 74.3775
v 35.3815 35.5578 74.3691
v 36.3975 34.8231 74.6428
v -35.9949 34.558 73.8658
v -35.4568 35.4948 74.8455
v -33.3176 36.0198 74.8363
v -31.495 36.2914 74.9149
v -29.0973 37.0902 75.269
v -26.3285 36.6752 74.6138
v -23.8568 36.1735 74.5078
v -21.5878 36.0305 74.4613
v -18.7737 35.9291 74.0387
v -16.0357 36.5259 74.433
v -13.5288 36.7678 74.7648
v -11.0748 36.6831 74.7732
v -8.26289 36.4997 74.6666
v -5.44778 36.6715 74.757
v -2.84529 36.5022 74.5987
v -0.179814 36.3745 74.6944
v 2.71305 36.5771 74.8057
v 5.32441 36.6928 74.661
v 8.14837 36.6704 74.3251
v 10.2532 36.9904 75.0578
v 10.8597 36.183 73.678
v 10.8971 33.3318 67.3036
v 12.19 32.2051 65.2246
v 14.5834 30.6601 61.9306
v 18.4358 30.5635 62.12
v 21.489 31.1194 63.8682
v 22.106 31.7752 65.5728
v 25.4099 35.0017 71.2813
v 28.5458 36.1093 73.7131
v 31.6688 36.5619 74.5701
v 34.3171 36.4445 74.2803
v 36.2241 36.4206 74.6344
vt 0.182261 -0.000129565
vt 0.235263 0.0108853
vt 0.225069 0.0144314
vt 0.181879 0.00963659
vt 0.182261 -0.000129565
vt 0.225069 0.0144314
vt 0.479879 0.00208412
vt 0.516403 0.00676887
vt 0.517618 0.0210815
vt 0.488139 0.0167127
vt 0.479879 0.00208412
vt 0.517618 0.0210815
vt 0.464108 0.00946245
vt 0.479879 0.00208412
vt 0.460484 0.0199832
vt 0.479879 0.00208412
vt 0.488139 0.0167127
vt 0.460484 0.0199832
vt 0.504129 0.0535993
vt 0.488139 0.0167127
vt 0.517618 0.0210815
vt 0.529035 0.0535592
vt 0.504129 0.0535993
vt 0.517618 0.0210815
vt 0.198561 0.0255816
vt 0.257444 0.0188232
vt 0.248336 0.0456225
vt 0.257444 0.0188232
vt 0.198561 0.0255816
vt 0.225069 0.0144314
vt 0.198561 0.0255816
vt 0.181879 0.00963659
vt 0.225069 0.0144314
vt 0.198561 0.0255816
vt 0.147234 0.0160094
vt 0.181879 0.00963659
vt 0.235263 0.0108853
vt 0.264256 0.00606605
vt 0.225069 0.0144314
vt 0.264256 0.00606605
vt 0.257444 0.0188232
vt 0.225069 0.0144314
vt 0.392767 0.261495
vt 0.414254 0.290407
vt 0.387367 0.288611
vt 0.414254 0.290407
vt 0.392767 0.261495
vt 0.408666 0.264261
vt 0.0111019 0.934749
vt 0.016951 0.953564
vt 0.0126981 0.967849
vt 0.016951 0.953564
vt 0.0262674 0.974241
vt 0.0126981 0.967849
vt 0.109373 0.407679
vt 0.15179 0.462871
vt 0.108602 0.456176
vt 0.15179 0.462871
vt 0.109373 0.407679
vt 0.149219 0.410487
vt 0.00936043 0.497998
vt 0.0128908 0.478195
vt 0.0264642 0.496934
vt 0.0128908 0.478195
vt 0.0336572 0.481757
vt 0.0264642 0.496934
vt 0.0128908 0.478195
vt 0.0111418 0.462087
vt 0.037385 0.469132
vt 0.0336572 0.481757
vt 0.0128908 0.478195
vt 0.037385 0.469132
vt 0.00603213 0.200476
vt 0.00341609 0.171926
vt 0.0272768 0.204241
vt 0.00341609 0.171926
vt 0.0286701 0.175119
vt 0.0272768 0.204241
vt 0.00535923 0.0890549
vt 0.000470154 0.0422611
vt 0.0174859 0.0522381
vt 0.0235877 0.0958254
vt 0.00535923 0.0890549
vt 0.0174859 0.0522381
vt 0.00341609 0.171926
vt 0.0252256 0.143963
vt 0.0286701 0.175119
vt 0.0252256 0.143963
vt 0.00341609 0.171926
vt 0.00522658 0.139392
vt 0.0252256 0.143963
vt 0.00535923 0.0890549
vt 0.0235877 0.0958254
vt 0.00535923 0.0890549
vt 0.0252256 0.143963
vt 0.00522658 0.139392
vt 0.968071 0.0225019
vt 0.955457 0.00975017
vt 0.986239 0.0100017
vt 0.99366 0.0283679
vt 0.968071 0.0225019
vt 0.986239 0.0100017
vt 0.997549 0.788395
vt 0.970891 0.726451
vt 0.9932 0.73564
vt 0.970891 0.726451
vt 0.997549 0.788395
vt 0.977708 0.782383
vt 0.316848 0.360253
vt 0.257721 0.385724
vt 0.252329 0.342945
vt 0.257721 0.385724
vt 0.316848 0.360253
vt 0.315887 0.394488
vt 0.324829 0.233687
vt 0.346276 0.208894
vt 0.344482 0.242027
vt 0.346276 0.208894
vt 0.324829 0.233687
vt 0.324141 0.194141
vt 0.198561 0.0255816
vt 0.175097 0.03191
vt 0.147234 0.0160094
vt 0.147234 0.0160094
vt 0.175097 0.03191
vt 0.151385 0.0505725
vt 0.310987 0.267495
vt 0.243897 0.220479
vt 0.324829 0.233687
vt 0.243897 0.220479
vt 0.310987 0.267495
vt 0.229496 0.255266
vt 0.324829 0.233687
vt 0.243897 0.220479
vt 0.324141 0.194141
vt 0.243897 0.220479
vt 0.240706 0.179645
vt 0.324141 0.194141
vt 0.640913 0.972105
vt 0.647395 0.991097
vt 0.636604 0.992826
vt 0.640913 0.972105
vt 0.636604 0.992826
vt 0.6238 0.966652
vt 0.609631 0.993378
vt 0.603339 0.969151
vt 0.636604 0.992826
vt 0.636604 0.992826
vt 0.603339 0.969151
vt 0.6238 0.966652
vt 0.497754 0.671287
vt 0.5181 0.645632
vt 0.535506 0.678208
vt 0.5181 0.645632
vt 0.497754 0.671287
vt 0.486707 0.640588
vt 0.545777 0.691971
vt 0.497754 0.671287
vt 0.535506 0.678208
vt 0.497754 0.671287
vt 0.545777 0.691971
vt 0.517292 0.693185
vt 0.0700595 0.459449
vt 0.0336572 0.481757
vt 0.037385 0.469132
vt 0.0336572 0.481757
vt 0.0700595 0.459449
vt 0.0650407 0.483669
vt 0.109559 0.365801
vt 0.092416 0.411128
vt 0.102066 0.37759
vt 0.092416 0.411128
vt 0.109559 0.365801
vt 0.109373 0.407679
vt 0.0941891 0.387864
vt 0.092416 0.411128
vt 0.0880549 0.418047
vt 0.092416 0.411128
vt 0.0941891 0.387864
vt 0.102066 0.37759
vt 0.981838 0.823688
vt 0.997549 0.788395
vt 0.998432 0.839786
vt 0.997549 0.788395
vt 0.981838 0.823688
vt 0.977708 0.782383
vt 0.993503 0.849926
vt 0.981838 0.823688
vt 0.998432 0.839786
vt 0.981838 0.823688
vt 0.993503 0.849926
vt 0.973825 0.85931
vt 0.966478 0.867734
vt 0.993503 0.849926
vt 0.994308 0.869328
vt 0.993503 0.849926
vt 0.966478 0.867734
vt 0.973825 0.85931
vt 0.160291 0.304452
vt 0.221579 0.286321
vt 0.238929 0.31348
vt 0.221579 0.286321
vt 0.160291 0.304452
vt 0.159493 0.281628
vt 0.0618567 0.0922684
vt 0.0252256 0.143963
vt 0.0235877 0.0958254
vt 0.0252256 0.143963
vt 0.0618567 0.0922684
vt 0.0610448 0.137131
vt 0.0618567 0.0922684
vt 0.0235877 0.0958254
vt 0.0174859 0.0522381
vt 0.0624684 0.0563551
vt 0.0618567 0.0922684
vt 0.0174859 0.0522381
vt 0.0618567 0.0922684
vt 0.110574 0.0552527
vt 0.115857 0.0936765
vt 0.110574 0.0552527
vt 0.0618567 0.0922684
vt 0.0624684 0.0563551
vt 0.109645 0.131973
vt 0.0618567 0.0922684
vt 0.115857 0.0936765
vt 0.0618567 0.0922684
vt 0.109645 0.131973
vt 0.0610448 0.137131
vt 0.109645 0.131973
vt 0.125303 0.0903566
vt 0.119594 0.123997
vt 0.125303 0.0903566
vt 0.109645 0.131973
vt 0.115857 0.0936765
vt 0.0252256 0.143963
vt 0.0633334 0.170459
vt 0.0286701 0.175119
vt 0.0633334 0.170459
vt 0.0252256 0.143963
vt 0.0610448 0.137131
vt 0.109645 0.131973
vt 0.0633334 0.170459
vt 0.0610448 0.137131
vt 0.0633334 0.170459
vt 0.109645 0.131973
vt 0.105354 0.165005
vt 0.11525 0.158624
vt 0.109645 0.131973
vt 0.119594 0.123997
vt 0.109645 0.131973
vt 0.11525 0.158624
vt 0.105354 0.165005
vt 0.0218105 0.234779
vt 0.0078966 0.233059
vt 0.00603213 0.200476
vt 0.0218105 0.234779
vt 0.00603213 0.200476
vt 0.0272768 0.204241
vt 0.0078966 0.233059
vt 0.0218105 0.234779
vt 0.00674834 0.259802
vt 0.0218105 0.234779
vt 0.0207848 0.262041
vt 0.00674834 0.259802
vt 0.475265 0.0615301
vt 0.506866 0.104247
vt 0.468952 0.119259
vt 0.506866 0.104247
vt 0.475265 0.0615301
vt 0.504129 0.0535993
vt 0.488139 0.0167127
vt 0.475265 0.0615301
vt 0.460484 0.0199832
vt 0.504129 0.0535993
vt 0.475265 0.0615301
vt 0.488139 0.0167127
vt 0.443431 0.0215581
vt 0.451906 0.00953319
vt 0.464108 0.00946245
vt 0.443431 0.0215581
vt 0.464108 0.00946245
vt 0.460484 0.0199832
vt 0.475265 0.0615301
vt 0.443431 0.0215581
vt 0.460484 0.0199832
vt 0.443431 0.0215581
vt 0.475265 0.0615301
vt 0.435317 0.066606
vt 0.127855 0.0426796
vt 0.147234 0.0160094
vt 0.151385 0.0505725
vt 0.126651 0.0641412
vt 0.127855 0.0426796
vt 0.151385 0.0505725
vt 0.122002 0.114388
vt 0.11525 0.158624
vt 0.119594 0.123997
vt 0.11525 0.158624
vt 0.122002 0.114388
vt 0.122399 0.150809
vt 0.937342 0.0172092
vt 0.924151 0.00715436
vt 0.955457 0.00975017
vt 0.968071 0.0225019
vt 0.937342 0.0172092
vt 0.955457 0.00975017
vt 0.930981 0.0795975
vt 0.960745 0.0596236
vt 0.964766 0.0816002
vt 0.960745 0.0596236
vt 0.930981 0.0795975
vt 0.925578 0.0566416
vt 0.960745 0.0596236
vt 0.937342 0.0172092
vt 0.968071 0.0225019
vt 0.937342 0.0172092
vt 0.960745 0.0596236
vt 0.925578 0.0566416
vt 0.960745 0.0596236
vt 0.99366 0.0283679
vt 0.988597 0.0549838
vt 0.960745 0.0596236
vt 0.968071 0.0225019
vt 0.99366 0.0283679
vt 0.478142 0.42314
vt 0.452367 0.399056
vt 0.472983 0.401804
vt 0.452367 0.399056
vt 0.478142 0.42314
vt 0.447626 0.425321
vt 0.798976 0.219441
vt 0.7835 0.194234
vt 0.80036 0.191023
vt 0.7835 0.194234
vt 0.798976 0.219441
vt 0.7867 0.222268
vt 0.7835 0.194234
vt 0.751327 0.221689
vt 0.752423 0.192654
vt 0.751327 0.221689
vt 0.7835 0.194234
vt 0.7867 0.222268
vt 0.126554 0.146152
vt 0.128025 0.187445
vt 0.106045 0.20059
vt 0.122399 0.150809
vt 0.126554 0.146152
vt 0.106045 0.20059
vt 0.126554 0.146152
vt 0.173511 0.147182
vt 0.172005 0.184953
vt 0.128025 0.187445
vt 0.126554 0.146152
vt 0.172005 0.184953
vt 0.194819 0.421546
vt 0.15179 0.462871
vt 0.149219 0.410487
vt 0.15179 0.462871
vt 0.194819 0.421546
vt 0.214789 0.470503
vt 0.175097 0.03191
vt 0.221896 0.0935826
vt 0.151385 0.0505725
vt 0.221896 0.0935826
vt 0.174005 0.0959362
vt 0.151385 0.0505725
vt 0.336738 0.136414
vt 0.246918 0.0655688
vt 0.336174 0.0994931
vt 0.246918 0.0655688
vt 0.336738 0.136414
vt 0.295117 0.118063
vt 0.246918 0.0655688
vt 0.221896 0.0935826
vt 0.175097 0.03191
vt 0.221896 0.0935826
vt 0.246918 0.0655688
vt 0.295117 0.118063
vt 0.246918 0.0655688
vt 0.198561 0.0255816
vt 0.248336 0.0456225
vt 0.246918 0.0655688
vt 0.175097 0.03191
vt 0.198561 0.0255816
vt 0.16291 0.250019
vt 0.221579 0.286321
vt 0.159493 0.281628
vt 0.221579 0.286321
vt 0.16291 0.250019
vt 0.229496 0.255266
vt 0.414254 0.290407
vt 0.385773 0.310755
vt 0.387367 0.288611
vt 0.428295 0.310719
vt 0.385773 0.310755
vt 0.414254 0.290407
vt 0.625021 0.911223
vt 0.657489 0.89891
vt 0.630167 0.952235
vt 0.630167 0.952235
vt 0.657489 0.89891
vt 0.651901 0.952486
vt 0.752721 0.878965
vt 0.689108 0.939469
vt 0.714452 0.870725
vt 0.689108 0.939469
vt 0.752721 0.878965
vt 0.761075 0.912205
vt 0.689108 0.939469
vt 0.657489 0.89891
vt 0.714452 0.870725
vt 0.657489 0.89891
vt 0.689108 0.939469
vt 0.651901 0.952486
vt 0.689108 0.939469
vt 0.664336 0.984817
vt 0.651901 0.952486
vt 0.664336 0.984817
vt 0.689108 0.939469
vt 0.690499 0.977739
vt 0.664336 0.984817
vt 0.686892 0.993757
vt 0.661909 0.995245
vt 0.686892 0.993757
vt 0.664336 0.984817
vt 0.690499 0.977739
vt 0.647395 0.991097
vt 0.664336 0.984817
vt 0.661909 0.995245
vt 0.640913 0.972105
vt 0.664336 0.984817
vt 0.647395 0.991097
vt 0.664336 0.984817
vt 0.630167 0.952235
vt 0.651901 0.952486
vt 0.664336 0.984817
vt 0.640913 0.972105
vt 0.630167 0.952235
vt 0.498688 0.540909
vt 0.525824 0.505684
vt 0.526302 0.536994
vt 0.525824 0.505684
vt 0.498688 0.540909
vt 0.512281 0.51166
vt 0.497754 0.671287
vt 0.462588 0.6423
vt 0.486707 0.640588
vt 0.462588 0.6423
vt 0.497754 0.671287
vt 0.476142 0.668156
vt 0.462588 0.6423
vt 0.450449 0.643806
vt 0.441353 0.622554
vt 0.455196 0.617367
vt 0.462588 0.6423
vt 0.441353 0.622554
vt 0.462588 0.6423
vt 0.465272 0.665908
vt 0.450449 0.643806
vt 0.465272 0.665908
vt 0.462588 0.6423
vt 0.476142 0.668156
vt 0.455196 0.617367
vt 0.456324 0.589656
vt 0.469419 0.58534
vt 0.456324 0.589656
vt 0.455196 0.617367
vt 0.441353 0.622554
vt 0.423593 0.615797
vt 0.456324 0.589656
vt 0.441353 0.622554
vt 0.417558 0.583966
vt 0.456324 0.589656
vt 0.423593 0.615797
vt 0.785678 0.256018
vt 0.751327 0.221689
vt 0.7867 0.222268
vt 0.751327 0.221689
vt 0.785678 0.256018
vt 0.747443 0.254138
vt 0.497119 0.970878
vt 0.536268 0.988961
vt 0.497593 0.986977
vt 0.531552 0.968442
vt 0.536268 0.988961
vt 0.497119 0.970878
vt 0.495034 0.923382
vt 0.531552 0.968442
vt 0.497119 0.970878
vt 0.531552 0.968442
vt 0.495034 0.923382
vt 0.526256 0.920858
vt 0.513005 0.894307
vt 0.54095 0.912202
vt 0.553109 0.921419
vt 0.526256 0.920858
vt 0.513005 0.894307
vt 0.553109 0.921419
vt 0.531921 0.897536
vt 0.513005 0.894307
vt 0.500314 0.885572
vt 0.513005 0.894307
vt 0.531921 0.897536
vt 0.54095 0.912202
vt 0.495034 0.923382
vt 0.513005 0.894307
vt 0.526256 0.920858
vt 0.513005 0.894307
vt 0.495034 0.923382
vt 0.485986 0.884848
vt 0.513005 0.894307
vt 0.471849 0.87154
vt 0.500314 0.885572
vt 0.471849 0.87154
vt 0.513005 0.894307
vt 0.485986 0.884848
vt 0.471849 0.87154
vt 0.485986 0.884848
vt 0.462724 0.87549
vt 0.44851 0.856036
vt 0.471849 0.87154
vt 0.462724 0.87549
vt 0.576477 0.966108
vt 0.526256 0.920858
vt 0.553109 0.921419
vt 0.576477 0.966108
vt 0.531552 0.968442
vt 0.526256 0.920858
vt 0.576477 0.966108
vt 0.536268 0.988961
vt 0.531552 0.968442
vt 0.536268 0.988961
vt 0.576477 0.966108
vt 0.571315 0.991459
vt 0.576477 0.966108
vt 0.609631 0.993378
vt 0.571315 0.991459
vt 0.576477 0.966108
vt 0.603339 0.969151
vt 0.609631 0.993378
vt 0.597005 0.583985
vt 0.559421 0.609925
vt 0.555242 0.580709
vt 0.559421 0.609925
vt 0.597005 0.583985
vt 0.598192 0.618645
vt 0.466049 0.826926
vt 0.425513 0.799299
vt 0.469653 0.781695
vt 0.425513 0.799299
vt 0.466049 0.826926
vt 0.429176 0.828522
vt 0.362354 0.7693
vt 0.437875 0.696839
vt 0.409016 0.767556
vt 0.362354 0.7693
vt 0.370821 0.712376
vt 0.437875 0.696839
vt 0.495967 0.830295
vt 0.536988 0.749323
vt 0.567444 0.800813
vt 0.567444 0.800813
vt 0.536988 0.749323
vt 0.570471 0.753435
vt 0.466049 0.826926
vt 0.536988 0.749323
vt 0.495967 0.830295
vt 0.536988 0.749323
vt 0.466049 0.826926
vt 0.469653 0.781695
vt 0.536988 0.749323
vt 0.557349 0.72472
vt 0.570471 0.753435
vt 0.557349 0.72472
vt 0.536988 0.749323
vt 0.531106 0.718879
vt 0.557349 0.72472
vt 0.531106 0.718879
vt 0.517292 0.693185
vt 0.545777 0.691971
vt 0.557349 0.72472
vt 0.517292 0.693185
vt 0.0866286 0.873828
vt 0.065967 0.905788
vt 0.0606804 0.86912
vt 0.065967 0.905788
vt 0.0866286 0.873828
vt 0.102496 0.92093
vt 0.00487097 0.908022
vt 0.016951 0.953564
vt 0.0111019 0.934749
vt 0.00487097 0.908022
vt 0.0105239 0.919517
vt 0.016951 0.953564
vt 0.00793238 0.430168
vt 0.027173 0.429811
vt 0.0111418 0.462087
vt 0.0111418 0.462087
vt 0.027173 0.429811
vt 0.037385 0.469132
vt 0.967275 0.887334
vt 0.9942 0.892797
vt 0.99044 0.922955
vt 0.967275 0.887334
vt 0.99044 0.922955
vt 0.959648 0.922111
vt 0.9942 0.892797
vt 0.967275 0.887334
vt 0.994308 0.869328
vt 0.967275 0.887334
vt 0.966478 0.867734
vt 0.994308 0.869328
vt 0.967275 0.887334
vt 0.935276 0.883836
vt 0.966478 0.867734
vt 0.935276 0.883836
vt 0.967275 0.887334
vt 0.934936 0.899947
vt 0.966478 0.867734
vt 0.935276 0.883836
vt 0.973825 0.85931
vt 0.973825 0.85931
vt 0.935276 0.883836
vt 0.943276 0.872462
vt 0.922681 0.925072
vt 0.967275 0.887334
vt 0.959648 0.922111
vt 0.967275 0.887334
vt 0.922681 0.925072
vt 0.934936 0.899947
vt 0.903017 0.912889
vt 0.935276 0.883836
vt 0.934936 0.899947
vt 0.935276 0.883836
vt 0.903017 0.912889
vt 0.907731 0.88811
vt 0.922681 0.925072
vt 0.903017 0.912889
vt 0.934936 0.899947
vt 0.903017 0.912889
vt 0.922681 0.925072
vt 0.892665 0.927719
vt 0.110574 0.0552527
vt 0.124195 0.0540482
vt 0.115857 0.0936765
vt 0.124195 0.0540482
vt 0.125303 0.0903566
vt 0.115857 0.0936765
vt 0.0286701 0.175119
vt 0.0588886 0.194025
vt 0.0272768 0.204241
vt 0.0633334 0.170459
vt 0.0588886 0.194025
vt 0.0286701 0.175119
vt 0.0588886 0.194025
vt 0.0633334 0.170459
vt 0.105354 0.165005
vt 0.0588886 0.194025
vt 0.105354 0.165005
vt 0.104402 0.2008
vt 0.0207848 0.262041
vt 0.0092678 0.289842
vt 0.00674834 0.259802
vt 0.0258166 0.291076
vt 0.0092678 0.289842
vt 0.0207848 0.262041
vt 0.0211422 0.321446
vt 0.0673333 0.322731
vt 0.0725151 0.352467
vt 0.025272 0.351583
vt 0.0211422 0.321446
vt 0.0725151 0.352467
vt 0.0211422 0.321446
vt 0.00876116 0.352446
vt 0.0130445 0.318015
vt 0.00876116 0.352446
vt 0.0211422 0.321446
vt 0.025272 0.351583
vt 0.0211422 0.321446
vt 0.0092678 0.289842
vt 0.0258166 0.291076
vt 0.0092678 0.289842
vt 0.0211422 0.321446
vt 0.0130445 0.318015
vt 0.0036228 0.0237573
vt 0.0160773 0.0198079
vt 0.000470154 0.0422611
vt 0.000470154 0.0422611
vt 0.0160773 0.0198079
vt 0.0174859 0.0522381
vt 0.0160773 0.0198079
vt 0.0036228 0.0237573
vt 0.0080518 0.0116589
vt 0.029828 0.00802566
vt 0.0160773 0.0198079
vt 0.0080518 0.0116589
vt 0.413925 0.00585467
vt 0.408986 0.0316351
vt 0.370776 0.0109997
vt 0.408986 0.0316351
vt 0.368628 0.0427428
vt 0.370776 0.0109997
vt 0.408986 0.0316351
vt 0.443431 0.0215581
vt 0.435317 0.066606
vt 0.408986 0.0316351
vt 0.435317 0.066606
vt 0.388987 0.0843295
vt 0.451906 0.00953319
vt 0.408986 0.0316351
vt 0.413925 0.00585467
vt 0.443431 0.0215581
vt 0.408986 0.0316351
vt 0.451906 0.00953319
vt 0.246918 0.0655688
vt 0.324851 0.0708517
vt 0.336174 0.0994931
vt 0.324851 0.0708517
vt 0.246918 0.0655688
vt 0.248336 0.0456225
vt 0.257444 0.0188232
vt 0.324851 0.0708517
vt 0.248336 0.0456225
vt 0.325175 0.0294697
vt 0.324851 0.0708517
vt 0.257444 0.0188232
vt 0.368628 0.0427428
vt 0.319761 0.00766848
vt 0.370776 0.0109997
vt 0.325175 0.0294697
vt 0.319761 0.00766848
vt 0.368628 0.0427428
vt 0.264256 0.00606605
vt 0.319761 0.00766848
vt 0.257444 0.0188232
vt 0.319761 0.00766848
vt 0.325175 0.0294697
vt 0.257444 0.0188232
vt 0.548676 0.007817
vt 0.545482 0.02282
vt 0.516403 0.00676887
vt 0.516403 0.00676887
vt 0.545482 0.02282
vt 0.517618 0.0210815
vt 0.545482 0.02282
vt 0.529035 0.0535592
vt 0.517618 0.0210815
vt 0.545482 0.02282
vt 0.542222 0.0552354
vt 0.529035 0.0535592
vt 0.146808 0.0135304
vt 0.146225 0.0139646
vt 0.154795 0.0132802
vt 0.146808 0.0135304
vt 0.137455 0.020869
vt 0.146225 0.0139646
vt 0.182261 -0.000129565
vt 0.146808 0.0135304
vt 0.154795 0.0132802
vt 0.146808 0.0135304
vt 0.182261 -0.000129565
vt 0.181879 0.00963659
vt 0.137455 0.020869
vt 0.146808 0.0135304
vt 0.131284 0.0468711
vt 0.146808 0.0135304
vt 0.127855 0.0426796
vt 0.131284 0.0468711
vt 0.147234 0.0160094
vt 0.146808 0.0135304
vt 0.181879 0.00963659
vt 0.127855 0.0426796
vt 0.146808 0.0135304
vt 0.147234 0.0160094
vt 0.124195 0.0540482
vt 0.118238 0.0720464
vt 0.125303 0.0903566
vt 0.118238 0.0720464
vt 0.124195 0.0540482
vt 0.131284 0.0468711
vt 0.118238 0.0720464
vt 0.127855 0.0426796
vt 0.126651 0.0641412
vt 0.127855 0.0426796
vt 0.118238 0.0720464
vt 0.131284 0.0468711
vt 0.125303 0.0903566
vt 0.118238 0.0720464
vt 0.119594 0.123997
vt 0.118238 0.0720464
vt 0.122002 0.114388
vt 0.119594 0.123997
vt 0.930981 0.0795975
vt 0.89497 0.0507173
vt 0.925578 0.0566416
vt 0.887719 0.0822467
vt 0.89497 0.0507173
vt 0.930981 0.0795975
vt 0.862726 0.0250636
vt 0.871163 0.0117261
vt 0.877411 0.036537
vt 0.871163 0.0117261
vt 0.862726 0.0250636
vt 0.851983 0.0143075
vt 0.640073 0.28285
vt 0.639493 0.248976
vt 0.671795 0.249957
vt 0.640073 0.28285
vt 0.671795 0.249957
vt 0.674388 0.284155
vt 0.478142 0.42314
vt 0.520491 0.419842
vt 0.503017 0.449562
vt 0.503017 0.449562
vt 0.520491 0.419842
vt 0.520579 0.452098
vt 0.520491 0.419842
vt 0.478142 0.42314
vt 0.472983 0.401804
vt 0.520491 0.419842
vt 0.472983 0.401804
vt 0.507479 0.392396
vt 0.945787 0.577172
vt 0.968928 0.624293
vt 0.95001 0.6124
vt 0.968928 0.624293
vt 0.945787 0.577172
vt 0.96764 0.595304
vt 0.970891 0.726451
vt 0.992621 0.69048
vt 0.9932 0.73564
vt 0.969045 0.688018
vt 0.992621 0.69048
vt 0.970891 0.726451
vt 0.988046 0.628605
vt 0.968928 0.624293
vt 0.96764 0.595304
vt 0.988879 0.611989
vt 0.988046 0.628605
vt 0.96764 0.595304
vt 0.977063 0.654651
vt 0.992621 0.69048
vt 0.969045 0.688018
vt 0.992621 0.69048
vt 0.977063 0.654651
vt 0.993853 0.662487
vt 0.988046 0.628605
vt 0.977063 0.654651
vt 0.968928 0.624293
vt 0.977063 0.654651
vt 0.988046 0.628605
vt 0.993853 0.662487
vt 0.968928 0.624293
vt 0.977063 0.654651
vt 0.95001 0.6124
vt 0.95001 0.6124
vt 0.977063 0.654651
vt 0.938856 0.656461
vt 0.919732 0.453225
vt 0.900222 0.425517
vt 0.905476 0.431429
vt 0.919732 0.453225
vt 0.897604 0.459533
vt 0.900222 0.425517
vt 0.81593 0.187503
vt 0.806706 0.163378
vt 0.826644 0.162618
vt 0.806706 0.163378
vt 0.81593 0.187503
vt 0.80036 0.191023
vt 0.715161 0.188841
vt 0.752123 0.161474
vt 0.752423 0.192654
vt 0.752123 0.161474
vt 0.715161 0.188841
vt 0.715214 0.156892
vt 0.118238 0.0720464
vt 0.134305 0.104374
vt 0.122002 0.114388
vt 0.134305 0.104374
vt 0.118238 0.0720464
vt 0.126651 0.0641412
vt 0.134305 0.104374
vt 0.126651 0.0641412
vt 0.151385 0.0505725
vt 0.174005 0.0959362
vt 0.134305 0.104374
vt 0.151385 0.0505725
vt 0.122002 0.114388
vt 0.134305 0.104374
vt 0.122399 0.150809
vt 0.134305 0.104374
vt 0.126554 0.146152
vt 0.122399 0.150809
vt 0.126554 0.146152
vt 0.134305 0.104374
vt 0.173511 0.147182
vt 0.173511 0.147182
vt 0.134305 0.104374
vt 0.174005 0.0959362
vt 0.352732 0.504838
vt 0.345833 0.466146
vt 0.374445 0.462624
vt 0.383012 0.4956
vt 0.352732 0.504838
vt 0.374445 0.462624
vt 0.347525 0.274467
vt 0.310987 0.267495
vt 0.324829 0.233687
vt 0.347525 0.274467
vt 0.324829 0.233687
vt 0.344482 0.242027
vt 0.446232 0.19182
vt 0.42247 0.229574
vt 0.427137 0.201228
vt 0.42247 0.229574
vt 0.446232 0.19182
vt 0.439722 0.226951
vt 0.343664 0.171223
vt 0.346276 0.208894
vt 0.324141 0.194141
vt 0.322893 0.155947
vt 0.343664 0.171223
vt 0.324141 0.194141
vt 0.336738 0.136414
vt 0.343664 0.171223
vt 0.295117 0.118063
vt 0.343664 0.171223
vt 0.322893 0.155947
vt 0.295117 0.118063
vt 0.375055 0.17727
vt 0.343664 0.171223
vt 0.367086 0.143174
vt 0.343664 0.171223
vt 0.336738 0.136414
vt 0.367086 0.143174
vt 0.240706 0.179645
vt 0.241548 0.148696
vt 0.324141 0.194141
vt 0.241548 0.148696
vt 0.322893 0.155947
vt 0.324141 0.194141
vt 0.173511 0.147182
vt 0.241548 0.148696
vt 0.172005 0.184953
vt 0.241548 0.148696
vt 0.240706 0.179645
vt 0.172005 0.184953
vt 0.322893 0.155947
vt 0.241548 0.148696
vt 0.295117 0.118063
vt 0.241548 0.148696
vt 0.221896 0.0935826
vt 0.295117 0.118063
vt 0.221896 0.0935826
vt 0.241548 0.148696
vt 0.174005 0.0959362
vt 0.241548 0.148696
vt 0.173511 0.147182
vt 0.174005 0.0959362
vt 0.243897 0.220479
vt 0.168635 0.221505
vt 0.240706 0.179645
vt 0.240706 0.179645
vt 0.168635 0.221505
vt 0.172005 0.184953
vt 0.168635 0.221505
vt 0.128025 0.187445
vt 0.172005 0.184953
vt 0.128025 0.187445
vt 0.168635 0.221505
vt 0.138168 0.211884
vt 0.168635 0.221505
vt 0.243897 0.220479
vt 0.229496 0.255266
vt 0.16291 0.250019
vt 0.168635 0.221505
vt 0.229496 0.255266
vt 0.576477 0.966108
vt 0.578253 0.935315
vt 0.603339 0.969151
vt 0.578253 0.935315
vt 0.576477 0.966108
vt 0.553109 0.921419
vt 0.755699 0.639693
vt 0.745275 0.614135
vt 0.769933 0.609543
vt 0.745275 0.614135
vt 0.755699 0.639693
vt 0.736753 0.644569
vt 0.759552 0.853853
vt 0.806406 0.899246
vt 0.78323 0.8855
vt 0.806406 0.899246
vt 0.759552 0.853853
vt 0.785894 0.858117
vt 0.824613 0.863953
vt 0.806406 0.899246
vt 0.785894 0.858117
vt 0.806406 0.899246
vt 0.824613 0.863953
vt 0.829774 0.894543
vt 0.796777 0.992008
vt 0.808138 0.954872
vt 0.843094 0.965152
vt 0.836459 0.987244
vt 0.796777 0.992008
vt 0.843094 0.965152
vt 0.752721 0.878965
vt 0.794586 0.915887
vt 0.761075 0.912205
vt 0.794586 0.915887
vt 0.752721 0.878965
vt 0.78323 0.8855
vt 0.747101 0.969649
vt 0.689108 0.939469
vt 0.761075 0.912205
vt 0.689108 0.939469
vt 0.747101 0.969649
vt 0.690499 0.977739
vt 0.686892 0.993757
vt 0.747101 0.969649
vt 0.735479 0.995072
vt 0.747101 0.969649
vt 0.686892 0.993757
vt 0.690499 0.977739
vt 0.794586 0.915887
vt 0.747101 0.969649
vt 0.761075 0.912205
vt 0.747101 0.969649
vt 0.794586 0.915887
vt 0.808138 0.954872
vt 0.796777 0.992008
vt 0.747101 0.969649
vt 0.808138 0.954872
vt 0.747101 0.969649
vt 0.796777 0.992008
vt 0.735479 0.995072
vt 0.566871 0.450011
vt 0.532084 0.480904
vt 0.536578 0.448728
vt 0.532084 0.480904
vt 0.566871 0.450011
vt 0.56262 0.47834
vt 0.532084 0.480904
vt 0.512505 0.486768
vt 0.520579 0.452098
vt 0.536578 0.448728
vt 0.532084 0.480904
vt 0.520579 0.452098
vt 0.532084 0.480904
vt 0.525824 0.505684
vt 0.512281 0.51166
vt 0.512505 0.486768
vt 0.532084 0.480904
vt 0.512281 0.51166
vt 0.478142 0.42314
vt 0.451801 0.451534
vt 0.447626 0.425321
vt 0.451801 0.451534
vt 0.478142 0.42314
vt 0.503017 0.449562
vt 0.497882 0.495445
vt 0.503017 0.449562
vt 0.520579 0.452098
vt 0.512505 0.486768
vt 0.497882 0.495445
vt 0.520579 0.452098
vt 0.497882 0.495445
vt 0.451801 0.451534
vt 0.503017 0.449562
vt 0.451801 0.451534
vt 0.497882 0.495445
vt 0.451371 0.504919
vt 0.798976 0.219441
vt 0.811886 0.256513
vt 0.7867 0.222268
vt 0.811886 0.256513
vt 0.785678 0.256018
vt 0.7867 0.222268
vt 0.671795 0.249957
vt 0.710999 0.284507
vt 0.674388 0.284155
vt 0.709581 0.25072
vt 0.710999 0.284507
vt 0.671795 0.249957
vt 0.710999 0.284507
vt 0.675406 0.320118
vt 0.674388 0.284155
vt 0.675406 0.320118
vt 0.710999 0.284507
vt 0.711102 0.321586
vt 0.46539 0.976086
vt 0.497119 0.970878
vt 0.497593 0.986977
vt 0.461859 0.989315
vt 0.46539 0.976086
vt 0.497593 0.986977
vt 0.43367 0.876396
vt 0.399307 0.930852
vt 0.398019 0.883012
vt 0.399307 0.930852
vt 0.43367 0.876396
vt 0.434039 0.927345
vt 0.43367 0.876396
vt 0.44851 0.856036
vt 0.462724 0.87549
vt 0.43367 0.876396
vt 0.430154 0.845889
vt 0.44851 0.856036
vt 0.500226 0.86273
vt 0.531921 0.897536
vt 0.500314 0.885572
vt 0.500226 0.86273
vt 0.537987 0.858052
vt 0.531921 0.897536
vt 0.537987 0.858052
vt 0.500226 0.86273
vt 0.567444 0.800813
vt 0.500226 0.86273
vt 0.495967 0.830295
vt 0.567444 0.800813
vt 0.617735 0.873872
vt 0.63464 0.814969
vt 0.647319 0.860441
vt 0.647319 0.860441
vt 0.63464 0.814969
vt 0.657639 0.818197
vt 0.580497 0.732922
vt 0.557349 0.72472
vt 0.545777 0.691971
vt 0.580497 0.732922
vt 0.545777 0.691971
vt 0.574458 0.707563
vt 0.557349 0.72472
vt 0.580497 0.732922
vt 0.570471 0.753435
vt 0.580497 0.732922
vt 0.597745 0.763605
vt 0.570471 0.753435
vt 0.726915 0.715497
vt 0.697813 0.749212
vt 0.701617 0.721555
vt 0.697813 0.749212
vt 0.726915 0.715497
vt 0.71833 0.742749
vt 0.479377 0.612172
vt 0.462588 0.6423
vt 0.455196 0.617367
vt 0.462588 0.6423
vt 0.479377 0.612172
vt 0.486707 0.640588
vt 0.399638 0.797993
vt 0.362354 0.7693
vt 0.409016 0.767556
vt 0.362354 0.7693
vt 0.399638 0.797993
vt 0.370014 0.790127
vt 0.452943 0.752912
vt 0.399638 0.797993
vt 0.409016 0.767556
vt 0.399638 0.797993
vt 0.452943 0.752912
vt 0.425513 0.799299
vt 0.350374 0.768773
vt 0.384154 0.794042
vt 0.353104 0.783492
vt 0.384154 0.794042
vt 0.350374 0.768773
vt 0.370014 0.790127
vt 0.113423 0.992769
vt 0.117633 0.958157
vt 0.147136 0.991533
vt 0.147136 0.991533
vt 0.117633 0.958157
vt 0.151008 0.965057
vt 0.177848 0.975675
vt 0.179808 0.9855
vt 0.147136 0.991533
vt 0.177848 0.975675
vt 0.147136 0.991533
vt 0.151008 0.965057
vt 0.177848 0.975675
vt 0.210081 0.983882
vt 0.179808 0.9855
vt 0.210081 0.983882
vt 0.177848 0.975675
vt 0.211807 0.972068
vt 0.254231 0.974526
vt 0.211807 0.972068
vt 0.219292 0.940734
vt 0.261135 0.946971
vt 0.254231 0.974526
vt 0.219292 0.940734
vt 0.254231 0.974526
vt 0.210081 0.983882
vt 0.211807 0.972068
vt 0.210081 0.983882
vt 0.254231 0.974526
vt 0.246433 0.985274
vt 0.254231 0.974526
vt 0.284562 0.990722
vt 0.246433 0.985274
vt 0.284562 0.990722
vt 0.254231 0.974526
vt 0.290721 0.976377
vt 0.227273 0.901294
vt 0.261135 0.946971
vt 0.219292 0.940734
vt 0.261135 0.946971
vt 0.227273 0.901294
vt 0.265174 0.897041
vt 0.227273 0.901294
vt 0.257442 0.85182
vt 0.265174 0.897041
vt 0.257442 0.85182
vt 0.227273 0.901294
vt 0.230477 0.87154
vt 0.257442 0.85182
vt 0.238673 0.846246
vt 0.259349 0.823085
vt 0.238673 0.846246
vt 0.257442 0.85182
vt 0.230477 0.87154
vt 0.254231 0.974526
vt 0.296987 0.947591
vt 0.290721 0.976377
vt 0.296987 0.947591
vt 0.254231 0.974526
vt 0.261135 0.946971
vt 0.296987 0.947591
vt 0.261135 0.946971
vt 0.265174 0.897041
vt 0.29781 0.90012
vt 0.296987 0.947591
vt 0.265174 0.897041
vt 0.296987 0.947591
vt 0.29781 0.90012
vt 0.330842 0.891125
vt 0.296987 0.947591
vt 0.330842 0.891125
vt 0.327563 0.937963
vt 0.384154 0.794042
vt 0.359623 0.799039
vt 0.353104 0.783492
vt 0.359623 0.799039
vt 0.384154 0.794042
vt 0.385486 0.810518
vt 0.43367 0.876396
vt 0.393344 0.835289
vt 0.430154 0.845889
vt 0.393344 0.835289
vt 0.43367 0.876396
vt 0.398019 0.883012
vt 0.411233 0.822592
vt 0.393344 0.835289
vt 0.385486 0.810518
vt 0.393344 0.835289
vt 0.411233 0.822592
vt 0.430154 0.845889
vt 0.359623 0.799039
vt 0.393344 0.835289
vt 0.361475 0.840453
vt 0.393344 0.835289
vt 0.359623 0.799039
vt 0.385486 0.810518
vt 0.365122 0.884166
vt 0.393344 0.835289
vt 0.398019 0.883012
vt 0.393344 0.835289
vt 0.365122 0.884166
vt 0.361475 0.840453
vt 0.00487097 0.908022
vt 0.0168119 0.877901
vt 0.0105239 0.919517
vt 0.0105239 0.919517
vt 0.0168119 0.877901
vt 0.043637 0.871267
vt 0.404398 0.596352
vt 0.417558 0.583966
vt 0.423593 0.615797
vt 0.404398 0.596352
vt 0.395115 0.567156
vt 0.417558 0.583966
vt 0.395115 0.567156
vt 0.411456 0.540756
vt 0.417558 0.583966
vt 0.390289 0.546798
vt 0.411456 0.540756
vt 0.395115 0.567156
vt 0.0336572 0.481757
vt 0.0610003 0.498407
vt 0.0264642 0.496934
vt 0.0610003 0.498407
vt 0.0336572 0.481757
vt 0.0650407 0.483669
vt 0.0823695 0.485399
vt 0.0610003 0.498407
vt 0.0650407 0.483669
vt 0.0610003 0.498407
vt 0.0823695 0.485399
vt 0.086362 0.511874
vt 0.0700595 0.459449
vt 0.0823695 0.485399
vt 0.0650407 0.483669
vt 0.0792735 0.4534
vt 0.0823695 0.485399
vt 0.0700595 0.459449
vt 0.0843169 0.455391
vt 0.0823695 0.485399
vt 0.0792735 0.4534
vt 0.0823695 0.485399
vt 0.0843169 0.455391
vt 0.0925522 0.500744
vt 0.118185 0.508985
vt 0.0843169 0.455391
vt 0.108602 0.456176
vt 0.0843169 0.455391
vt 0.118185 0.508985
vt 0.0925522 0.500744
vt 0.0843169 0.455391
vt 0.109373 0.407679
vt 0.108602 0.456176
vt 0.0843169 0.455391
vt 0.092416 0.411128
vt 0.109373 0.407679
vt 0.092416 0.411128
vt 0.0843169 0.455391
vt 0.0880549 0.418047
vt 0.0843169 0.455391
vt 0.0792735 0.4534
vt 0.0880549 0.418047
vt 0.987622 0.966529
vt 0.975756 0.978126
vt 0.99044 0.922955
vt 0.99044 0.922955
vt 0.975756 0.978126
vt 0.959648 0.922111
vt 0.975756 0.978126
vt 0.987622 0.966529
vt 0.985353 0.987986
vt 0.961995 0.990635
vt 0.975756 0.978126
vt 0.985353 0.987986
vt 0.0711611 0.390778
vt 0.0973485 0.35122
vt 0.0941891 0.387864
vt 0.0973485 0.35122
vt 0.0711611 0.390778
vt 0.0725151 0.352467
vt 0.0998102 0.329872
vt 0.0973485 0.35122
vt 0.0673333 0.322731
vt 0.0673333 0.322731
vt 0.0973485 0.35122
vt 0.0725151 0.352467
vt 0.168635 0.221505
vt 0.133321 0.239987
vt 0.138168 0.211884
vt 0.133321 0.239987
vt 0.168635 0.221505
vt 0.16291 0.250019
vt 0.128025 0.187445
vt 0.123651 0.209563
vt 0.106045 0.20059
vt 0.123651 0.209563
vt 0.128025 0.187445
vt 0.138168 0.211884
vt 0.119043 0.187051
vt 0.11525 0.158624
vt 0.122399 0.150809
vt 0.119043 0.187051
vt 0.122399 0.150809
vt 0.106045 0.20059
vt 0.11525 0.158624
vt 0.119043 0.187051
vt 0.105354 0.165005
vt 0.105354 0.165005
vt 0.119043 0.187051
vt 0.104402 0.2008
vt 0.123651 0.209563
vt 0.119043 0.187051
vt 0.106045 0.20059
vt 0.119043 0.187051
vt 0.123651 0.209563
vt 0.109701 0.224503
vt 0.12204 0.0198969
vt 0.133682 0.0132242
vt 0.146225 0.0139646
vt 0.137455 0.020869
vt 0.12204 0.0198969
vt 0.146225 0.0139646
vt 0.133682 0.0132242
vt 0.12204 0.0198969
vt 0.0988838 0.00792976
vt 0.0988838 0.00792976
vt 0.12204 0.0198969
vt 0.10964 0.0237127
vt 0.124195 0.0540482
vt 0.12204 0.0198969
vt 0.131284 0.0468711
vt 0.12204 0.0198969
vt 0.137455 0.020869
vt 0.131284 0.0468711
vt 0.12204 0.0198969
vt 0.124195 0.0540482
vt 0.110574 0.0552527
vt 0.12204 0.0198969
vt 0.110574 0.0552527
vt 0.10964 0.0237127
vt 0.0656116 0.023994
vt 0.110574 0.0552527
vt 0.0624684 0.0563551
vt 0.110574 0.0552527
vt 0.0656116 0.023994
vt 0.10964 0.0237127
vt 0.0656116 0.023994
vt 0.0647725 0.00571657
vt 0.0988838 0.00792976
vt 0.0656116 0.023994
vt 0.0988838 0.00792976
vt 0.10964 0.0237127
vt 0.0656116 0.023994
vt 0.0624684 0.0563551
vt 0.0174859 0.0522381
vt 0.0160773 0.0198079
vt 0.0656116 0.023994
vt 0.0174859 0.0522381
vt 0.0656116 0.023994
vt 0.029828 0.00802566
vt 0.0647725 0.00571657
vt 0.0656116 0.023994
vt 0.0160773 0.0198079
vt 0.029828 0.00802566
vt 0.408986 0.0316351
vt 0.360887 0.0806099
vt 0.368628 0.0427428
vt 0.360887 0.0806099
vt 0.408986 0.0316351
vt 0.388987 0.0843295
vt 0.360887 0.0806099
vt 0.324851 0.0708517
vt 0.325175 0.0294697
vt 0.360887 0.0806099
vt 0.325175 0.0294697
vt 0.368628 0.0427428
vt 0.545482 0.02282
vt 0.575994 0.0233507
vt 0.542222 0.0552354
vt 0.542222 0.0552354
vt 0.575994 0.0233507
vt 0.565568 0.0469242
vt 0.874862 0.133703
vt 0.887719 0.0822467
vt 0.930981 0.0795975
vt 0.874862 0.133703
vt 0.930981 0.0795975
vt 0.917488 0.131134
vt 0.960745 0.0596236
vt 0.991936 0.0758348
vt 0.964766 0.0816002
vt 0.991936 0.0758348
vt 0.960745 0.0596236
vt 0.988597 0.0549838
vt 0.964006 0.10715
vt 0.930981 0.0795975
vt 0.964766 0.0816002
vt 0.930981 0.0795975
vt 0.964006 0.10715
vt 0.917488 0.131134
vt 0.937342 0.0172092
vt 0.897649 0.0225481
vt 0.924151 0.00715436
vt 0.897649 0.0225481
vt 0.898389 0.011616
vt 0.924151 0.00715436
vt 0.871163 0.0117261
vt 0.897649 0.0225481
vt 0.877411 0.036537
vt 0.897649 0.0225481
vt 0.871163 0.0117261
vt 0.898389 0.011616
vt 0.897649 0.0225481
vt 0.937342 0.0172092
vt 0.925578 0.0566416
vt 0.89497 0.0507173
vt 0.897649 0.0225481
vt 0.925578 0.0566416
vt 0.784979 0.164567
vt 0.7835 0.194234
vt 0.752423 0.192654
vt 0.752123 0.161474
vt 0.784979 0.164567
vt 0.752423 0.192654
vt 0.7835 0.194234
vt 0.784979 0.164567
vt 0.80036 0.191023
vt 0.784979 0.164567
vt 0.806706 0.163378
vt 0.80036 0.191023
vt 0.824863 0.0159452
vt 0.776005 0.00646369
vt 0.815869 0.009854
vt 0.776005 0.00646369
vt 0.824863 0.0159452
vt 0.775453 0.015736
vt 0.824863 0.0159452
vt 0.815869 0.009854
vt 0.851983 0.0143075
vt 0.862726 0.0250636
vt 0.824863 0.0159452
vt 0.851983 0.0143075
vt 0.676129 0.151472
vt 0.715161 0.188841
vt 0.675872 0.18646
vt 0.715161 0.188841
vt 0.676129 0.151472
vt 0.715214 0.156892
vt 0.676129 0.151472
vt 0.710921 0.123068
vt 0.715214 0.156892
vt 0.676129 0.151472
vt 0.675765 0.115342
vt 0.710921 0.123068
vt 0.776005 0.00646369
vt 0.737147 0.0147516
vt 0.738963 0.00650253
vt 0.737147 0.0147516
vt 0.776005 0.00646369
vt 0.775453 0.015736
vt 0.737147 0.0147516
vt 0.705448 0.00608403
vt 0.738963 0.00650253
vt 0.705448 0.00608403
vt 0.737147 0.0147516
vt 0.704749 0.0156175
vt 0.672783 0.0147971
vt 0.670792 0.0430771
vt 0.638646 0.0416426
vt 0.672783 0.0147971
vt 0.638646 0.0416426
vt 0.640688 0.014122
vt 0.671933 0.00647679
vt 0.672783 0.0147971
vt 0.640541 0.00506308
vt 0.640541 0.00506308
vt 0.672783 0.0147971
vt 0.640688 0.014122
vt 0.672783 0.0147971
vt 0.705448 0.00608403
vt 0.704749 0.0156175
vt 0.705448 0.00608403
vt 0.672783 0.0147971
vt 0.671933 0.00647679
vt 0.540655 0.416563
vt 0.566871 0.450011
vt 0.536578 0.448728
vt 0.566871 0.450011
vt 0.540655 0.416563
vt 0.567986 0.419872
vt 0.520491 0.419842
vt 0.540655 0.416563
vt 0.520579 0.452098
vt 0.540655 0.416563
vt 0.536578 0.448728
vt 0.520579 0.452098
vt 0.970457 0.549375
vt 0.948888 0.512177
vt 0.978865 0.515049
vt 0.948888 0.512177
vt 0.970457 0.549375
vt 0.930097 0.541513
vt 0.970457 0.549375
vt 0.992592 0.517149
vt 0.992105 0.557488
vt 0.992592 0.517149
vt 0.970457 0.549375
vt 0.978865 0.515049
vt 0.91048 0.520442
vt 0.931946 0.475727
vt 0.948888 0.512177
vt 0.931946 0.475727
vt 0.91048 0.520442
vt 0.90977 0.485888
vt 0.919732 0.453225
vt 0.931946 0.475727
vt 0.897604 0.459533
vt 0.897604 0.459533
vt 0.931946 0.475727
vt 0.90977 0.485888
vt 0.712783 0.221571
vt 0.751327 0.221689
vt 0.747443 0.254138
vt 0.709581 0.25072
vt 0.712783 0.221571
vt 0.747443 0.254138
vt 0.751327 0.221689
vt 0.712783 0.221571
vt 0.752423 0.192654
vt 0.712783 0.221571
vt 0.715161 0.188841
vt 0.752423 0.192654
vt 0.411456 0.540756
vt 0.396606 0.514912
vt 0.41412 0.512712
vt 0.396606 0.514912
vt 0.411456 0.540756
vt 0.390289 0.546798
vt 0.396606 0.514912
vt 0.380689 0.541432
vt 0.381818 0.518948
vt 0.380689 0.541432
vt 0.396606 0.514912
vt 0.390289 0.546798
vt 0.383012 0.4956
vt 0.396606 0.514912
vt 0.381818 0.518948
vt 0.403984 0.481129
vt 0.396606 0.514912
vt 0.383012 0.4956
vt 0.314543 0.539742
vt 0.356211 0.524093
vt 0.35426 0.537987
vt 0.356211 0.524093
vt 0.314543 0.539742
vt 0.323281 0.521463
vt 0.380689 0.541432
vt 0.356211 0.524093
vt 0.381818 0.518948
vt 0.356211 0.524093
vt 0.380689 0.541432
vt 0.35426 0.537987
vt 0.356211 0.524093
vt 0.323281 0.521463
vt 0.326794 0.504692
vt 0.352732 0.504838
vt 0.356211 0.524093
vt 0.326794 0.504692
vt 0.356211 0.524093
vt 0.352732 0.504838
vt 0.383012 0.4956
vt 0.356211 0.524093
vt 0.383012 0.4956
vt 0.381818 0.518948
vt 0.345833 0.466146
vt 0.366415 0.431088
vt 0.374445 0.462624
vt 0.341485 0.42809
vt 0.366415 0.431088
vt 0.345833 0.466146
vt 0.401526 0.204543
vt 0.400462 0.178559
vt 0.431181 0.179331
vt 0.427137 0.201228
vt 0.401526 0.204543
vt 0.431181 0.179331
vt 0.475265 0.0615301
vt 0.426936 0.121823
vt 0.435317 0.066606
vt 0.426936 0.121823
vt 0.475265 0.0615301
vt 0.468952 0.119259
vt 0.435317 0.066606
vt 0.426936 0.121823
vt 0.388987 0.0843295
vt 0.426936 0.121823
vt 0.380993 0.123578
vt 0.388987 0.0843295
vt 0.506866 0.104247
vt 0.484623 0.141743
vt 0.468952 0.119259
vt 0.484623 0.141743
vt 0.458053 0.150523
vt 0.468952 0.119259
vt 0.521761 0.100212
vt 0.484623 0.141743
vt 0.506866 0.104247
vt 0.484623 0.141743
vt 0.521761 0.100212
vt 0.509756 0.130024
vt 0.521761 0.100212
vt 0.504129 0.0535993
vt 0.529035 0.0535592
vt 0.521761 0.100212
vt 0.506866 0.104247
vt 0.504129 0.0535993
vt 0.542222 0.0552354
vt 0.521761 0.100212
vt 0.529035 0.0535592
vt 0.539354 0.0905882
vt 0.521761 0.100212
vt 0.542222 0.0552354
vt 0.509756 0.130024
vt 0.521761 0.100212
vt 0.532253 0.122311
vt 0.521761 0.100212
vt 0.539354 0.0905882
vt 0.532253 0.122311
vt 0.484623 0.141743
vt 0.453163 0.170916
vt 0.458053 0.150523
vt 0.453163 0.170916
vt 0.484623 0.141743
vt 0.475211 0.15928
vt 0.453163 0.170916
vt 0.475211 0.15928
vt 0.474114 0.187824
vt 0.446232 0.19182
vt 0.453163 0.170916
vt 0.474114 0.187824
vt 0.453163 0.170916
vt 0.427137 0.201228
vt 0.431181 0.179331
vt 0.453163 0.170916
vt 0.446232 0.19182
vt 0.427137 0.201228
vt 0.428838 0.351415
vt 0.452367 0.399056
vt 0.437317 0.392674
vt 0.452367 0.399056
vt 0.428838 0.351415
vt 0.45019 0.358646
vt 0.428838 0.351415
vt 0.385773 0.310755
vt 0.428295 0.310719
vt 0.428838 0.351415
vt 0.396321 0.33933
vt 0.385773 0.310755
vt 0.411246 0.38278
vt 0.428838 0.351415
vt 0.437317 0.392674
vt 0.396321 0.33933
vt 0.428838 0.351415
vt 0.411246 0.38278
vt 0.640913 0.972105
vt 0.610479 0.957495
vt 0.630167 0.952235
vt 0.610479 0.957495
vt 0.640913 0.972105
vt 0.6238 0.966652
vt 0.603339 0.969151
vt 0.610479 0.957495
vt 0.6238 0.966652
vt 0.578253 0.935315
vt 0.610479 0.957495
vt 0.603339 0.969151
vt 0.906771 0.655283
vt 0.95001 0.6124
vt 0.938856 0.656461
vt 0.95001 0.6124
vt 0.906771 0.655283
vt 0.903726 0.615867
vt 0.977063 0.654651
vt 0.939138 0.684607
vt 0.938856 0.656461
vt 0.939138 0.684607
vt 0.977063 0.654651
vt 0.969045 0.688018
vt 0.939138 0.684607
vt 0.906771 0.655283
vt 0.938856 0.656461
vt 0.906771 0.655283
vt 0.939138 0.684607
vt 0.899599 0.684046
vt 0.745651 0.673642
vt 0.726915 0.715497
vt 0.729968 0.676623
vt 0.726915 0.715497
vt 0.745651 0.673642
vt 0.745005 0.706083
vt 0.755699 0.639693
vt 0.745651 0.673642
vt 0.736753 0.644569
vt 0.736753 0.644569
vt 0.745651 0.673642
vt 0.729968 0.676623
vt 0.666703 0.797612
vt 0.676806 0.818266
vt 0.643853 0.789208
vt 0.643853 0.789208
vt 0.676806 0.818266
vt 0.657639 0.818197
vt 0.704356 0.822805
vt 0.676806 0.818266
vt 0.666703 0.797612
vt 0.704356 0.822805
vt 0.666703 0.797612
vt 0.698601 0.797273
vt 0.866026 0.972289
vt 0.887255 0.989862
vt 0.856473 0.991036
vt 0.887255 0.989862
vt 0.866026 0.972289
vt 0.885096 0.973776
vt 0.808138 0.954872
vt 0.83422 0.933233
vt 0.843094 0.965152
vt 0.794586 0.915887
vt 0.83422 0.933233
vt 0.808138 0.954872
vt 0.806406 0.899246
vt 0.83422 0.933233
vt 0.78323 0.8855
vt 0.83422 0.933233
vt 0.794586 0.915887
vt 0.78323 0.8855
vt 0.807995 0.557003
vt 0.782913 0.556662
vt 0.783721 0.52239
vt 0.807995 0.557003
vt 0.783721 0.52239
vt 0.816105 0.521032
vt 0.641588 0.321223
vt 0.640073 0.28285
vt 0.674388 0.284155
vt 0.675406 0.320118
vt 0.641588 0.321223
vt 0.674388 0.284155
vt 0.785678 0.256018
vt 0.747748 0.287936
vt 0.747443 0.254138
vt 0.747748 0.287936
vt 0.785678 0.256018
vt 0.784912 0.289834
vt 0.747748 0.287936
vt 0.710999 0.284507
vt 0.709581 0.25072
vt 0.747748 0.287936
vt 0.709581 0.25072
vt 0.747443 0.254138
vt 0.91048 0.520442
vt 0.886777 0.490925
vt 0.90977 0.485888
vt 0.886777 0.490925
vt 0.91048 0.520442
vt 0.882013 0.526893
vt 0.886777 0.490925
vt 0.897604 0.459533
vt 0.90977 0.485888
vt 0.886777 0.490925
vt 0.882355 0.461698
vt 0.897604 0.459533
vt 0.467377 0.92515
vt 0.43367 0.876396
vt 0.462724 0.87549
vt 0.43367 0.876396
vt 0.467377 0.92515
vt 0.434039 0.927345
vt 0.495034 0.923382
vt 0.467377 0.92515
vt 0.485986 0.884848
vt 0.485986 0.884848
vt 0.467377 0.92515
vt 0.462724 0.87549
vt 0.467377 0.92515
vt 0.495034 0.923382
vt 0.497119 0.970878
vt 0.46539 0.976086
vt 0.467377 0.92515
vt 0.497119 0.970878
vt 0.467377 0.92515
vt 0.432448 0.977576
vt 0.434039 0.927345
vt 0.432448 0.977576
vt 0.467377 0.92515
vt 0.46539 0.976086
vt 0.430154 0.845889
vt 0.439446 0.833809
vt 0.44851 0.856036
vt 0.411233 0.822592
vt 0.439446 0.833809
vt 0.430154 0.845889
vt 0.321099 0.979864
vt 0.296987 0.947591
vt 0.327563 0.937963
vt 0.296987 0.947591
vt 0.321099 0.979864
vt 0.290721 0.976377
vt 0.321099 0.979864
vt 0.284562 0.990722
vt 0.290721 0.976377
vt 0.284562 0.990722
vt 0.321099 0.979864
vt 0.319049 0.991779
vt 0.321099 0.979864
vt 0.351888 0.990592
vt 0.319049 0.991779
vt 0.351888 0.990592
vt 0.321099 0.979864
vt 0.352564 0.980298
vt 0.321099 0.979864
vt 0.36098 0.934593
vt 0.352564 0.980298
vt 0.36098 0.934593
vt 0.321099 0.979864
vt 0.327563 0.937963
vt 0.399307 0.930852
vt 0.36098 0.934593
vt 0.398019 0.883012
vt 0.36098 0.934593
vt 0.365122 0.884166
vt 0.398019 0.883012
vt 0.330842 0.891125
vt 0.36098 0.934593
vt 0.327563 0.937963
vt 0.365122 0.884166
vt 0.36098 0.934593
vt 0.330842 0.891125
vt 0.537987 0.858052
vt 0.587845 0.845578
vt 0.531921 0.897536
vt 0.531921 0.897536
vt 0.587845 0.845578
vt 0.561677 0.887546
vt 0.587845 0.845578
vt 0.63464 0.814969
vt 0.617735 0.873872
vt 0.587845 0.845578
vt 0.617735 0.873872
vt 0.561677 0.887546
vt 0.635397 0.778591
vt 0.631798 0.789671
vt 0.617947 0.766946
vt 0.631798 0.789671
vt 0.635397 0.778591
vt 0.643853 0.789208
vt 0.63464 0.814969
vt 0.631798 0.789671
vt 0.657639 0.818197
vt 0.631798 0.789671
vt 0.643853 0.789208
vt 0.657639 0.818197
vt 0.606332 0.748384
vt 0.635397 0.778591
vt 0.617947 0.766946
vt 0.635397 0.778591
vt 0.606332 0.748384
vt 0.639967 0.751855
vt 0.645652 0.725567
vt 0.606332 0.748384
vt 0.599641 0.722691
vt 0.606332 0.748384
vt 0.645652 0.725567
vt 0.639967 0.751855
vt 0.580497 0.732922
vt 0.606332 0.748384
vt 0.597745 0.763605
vt 0.606332 0.748384
vt 0.617947 0.766946
vt 0.597745 0.763605
vt 0.606332 0.748384
vt 0.580497 0.732922
vt 0.574458 0.707563
vt 0.606332 0.748384
vt 0.574458 0.707563
vt 0.599641 0.722691
vt 0.745651 0.673642
vt 0.774925 0.692868
vt 0.745005 0.706083
vt 0.774925 0.692868
vt 0.745651 0.673642
vt 0.770064 0.669203
vt 0.951745 0.838532
vt 0.981838 0.823688
vt 0.973825 0.85931
vt 0.951745 0.838532
vt 0.973825 0.85931
vt 0.943276 0.872462
vt 0.981838 0.823688
vt 0.951745 0.838532
vt 0.977708 0.782383
vt 0.951745 0.838532
vt 0.943566 0.789441
vt 0.977708 0.782383
vt 0.712179 0.654276
vt 0.745275 0.614135
vt 0.736753 0.644569
vt 0.745275 0.614135
vt 0.712179 0.654276
vt 0.720406 0.618431
vt 0.69654 0.774978
vt 0.720224 0.771655
vt 0.730357 0.79053
vt 0.698601 0.797273
vt 0.69654 0.774978
vt 0.730357 0.79053
vt 0.720224 0.771655
vt 0.69654 0.774978
vt 0.71833 0.742749
vt 0.69654 0.774978
vt 0.697813 0.749212
vt 0.71833 0.742749
vt 0.645652 0.725567
vt 0.675366 0.748276
vt 0.639967 0.751855
vt 0.675366 0.748276
vt 0.645652 0.725567
vt 0.676739 0.721292
vt 0.697813 0.749212
vt 0.675366 0.748276
vt 0.701617 0.721555
vt 0.701617 0.721555
vt 0.675366 0.748276
vt 0.676739 0.721292
vt 0.553262 0.544117
vt 0.597005 0.583985
vt 0.555242 0.580709
vt 0.553262 0.544117
vt 0.594544 0.547193
vt 0.597005 0.583985
vt 0.487444 0.579743
vt 0.455196 0.617367
vt 0.469419 0.58534
vt 0.487444 0.579743
vt 0.479377 0.612172
vt 0.455196 0.617367
vt 0.545777 0.691971
vt 0.560994 0.68244
vt 0.574458 0.707563
vt 0.560994 0.68244
vt 0.545777 0.691971
vt 0.535506 0.678208
vt 0.437875 0.696839
vt 0.465309 0.693768
vt 0.409016 0.767556
vt 0.465309 0.693768
vt 0.452943 0.752912
vt 0.409016 0.767556
vt 0.536988 0.749323
vt 0.498287 0.71684
vt 0.531106 0.718879
vt 0.498287 0.71684
vt 0.536988 0.749323
vt 0.469653 0.781695
vt 0.425513 0.799299
vt 0.498287 0.71684
vt 0.469653 0.781695
vt 0.452943 0.752912
vt 0.498287 0.71684
vt 0.425513 0.799299
vt 0.401441 0.8118
vt 0.425513 0.799299
vt 0.429176 0.828522
vt 0.401441 0.8118
vt 0.399638 0.797993
vt 0.425513 0.799299
vt 0.401441 0.8118
vt 0.439446 0.833809
vt 0.411233 0.822592
vt 0.439446 0.833809
vt 0.401441 0.8118
vt 0.429176 0.828522
vt 0.399638 0.797993
vt 0.401441 0.8118
vt 0.370014 0.790127
vt 0.401441 0.8118
vt 0.384154 0.794042
vt 0.370014 0.790127
vt 0.401441 0.8118
vt 0.411233 0.822592
vt 0.385486 0.810518
vt 0.384154 0.794042
vt 0.401441 0.8118
vt 0.385486 0.810518
vt 0.0953945 0.960174
vt 0.113423 0.992769
vt 0.0795897 0.984435
vt 0.0953945 0.960174
vt 0.117633 0.958157
vt 0.113423 0.992769
vt 0.211807 0.972068
vt 0.183529 0.929945
vt 0.219292 0.940734
vt 0.177848 0.975675
vt 0.183529 0.929945
vt 0.211807 0.972068
vt 0.316618 0.757469
vt 0.350374 0.768773
vt 0.353104 0.783492
vt 0.316618 0.757469
vt 0.353104 0.783492
vt 0.328261 0.777955
vt 0.295928 0.7821
vt 0.316618 0.757469
vt 0.328261 0.777955
vt 0.295567 0.753509
vt 0.316618 0.757469
vt 0.295928 0.7821
vt 0.293925 0.806303
vt 0.270436 0.796457
vt 0.295928 0.7821
vt 0.270436 0.796457
vt 0.293925 0.806303
vt 0.259349 0.823085
vt 0.0565034 0.846117
vt 0.0866286 0.873828
vt 0.0606804 0.86912
vt 0.0866286 0.873828
vt 0.0565034 0.846117
vt 0.104268 0.839389
vt 0.00896068 0.852622
vt 0.00857556 0.80723
vt 0.0179917 0.803212
vt 0.0209979 0.852443
vt 0.00896068 0.852622
vt 0.0179917 0.803212
vt 0.0168119 0.877901
vt 0.0436463 0.866455
vt 0.043637 0.871267
vt 0.0436463 0.866455
vt 0.0168119 0.877901
vt 0.0198482 0.870716
vt 0.065967 0.905788
vt 0.0436463 0.866455
vt 0.0606804 0.86912
vt 0.0436463 0.866455
vt 0.065967 0.905788
vt 0.043637 0.871267
vt 0.0436463 0.866455
vt 0.00896068 0.852622
vt 0.0209979 0.852443
vt 0.00896068 0.852622
vt 0.0436463 0.866455
vt 0.0198482 0.870716
vt 0.0436463 0.866455
vt 0.0565034 0.846117
vt 0.0606804 0.86912
vt 0.0565034 0.846117
vt 0.0436463 0.866455
vt 0.0209979 0.852443
vt 0.0610003 0.498407
vt 0.0192598 0.526674
vt 0.0264642 0.496934
vt 0.0192598 0.526674
vt 0.0610003 0.498407
vt 0.0636588 0.515448
vt 0.0192598 0.526674
vt 0.00950604 0.53449
vt 0.00936043 0.497998
vt 0.0192598 0.526674
vt 0.00936043 0.497998
vt 0.0264642 0.496934
vt 0.0192598 0.526674
vt 0.00532743 0.580588
vt 0.00950604 0.53449
vt 0.00532743 0.580588
vt 0.0192598 0.526674
vt 0.0146225 0.578868
vt 0.0598787 0.565744
vt 0.0192598 0.526674
vt 0.0636588 0.515448
vt 0.0192598 0.526674
vt 0.0598787 0.565744
vt 0.0146225 0.578868
vt 0.0610003 0.498407
vt 0.100656 0.522747
vt 0.0636588 0.515448
vt 0.100656 0.522747
vt 0.0610003 0.498407
vt 0.086362 0.511874
vt 0.100656 0.522747
vt 0.0598787 0.565744
vt 0.0636588 0.515448
vt 0.0598787 0.565744
vt 0.100656 0.522747
vt 0.10805 0.558997
vt 0.434638 0.635136
vt 0.423593 0.615797
vt 0.441353 0.622554
vt 0.450449 0.643806
vt 0.434638 0.635136
vt 0.441353 0.622554
vt 0.447881 0.553291
vt 0.456324 0.589656
vt 0.417558 0.583966
vt 0.411456 0.540756
vt 0.447881 0.553291
vt 0.417558 0.583966
vt 0.115428 0.521183
vt 0.0823695 0.485399
vt 0.0925522 0.500744
vt 0.0823695 0.485399
vt 0.115428 0.521183
vt 0.086362 0.511874
vt 0.115428 0.521183
vt 0.100656 0.522747
vt 0.086362 0.511874
vt 0.100656 0.522747
vt 0.115428 0.521183
vt 0.138618 0.536412
vt 0.118185 0.508985
vt 0.115428 0.521183
vt 0.0925522 0.500744
vt 0.157091 0.527567
vt 0.115428 0.521183
vt 0.118185 0.508985
vt 0.156052 0.538684
vt 0.115428 0.521183
vt 0.157091 0.527567
vt 0.115428 0.521183
vt 0.156052 0.538684
vt 0.138618 0.536412
vt 0.314543 0.539742
vt 0.270384 0.518455
vt 0.323281 0.521463
vt 0.270384 0.518455
vt 0.314543 0.539742
vt 0.267178 0.534388
vt 0.270384 0.518455
vt 0.276594 0.501762
vt 0.326794 0.504692
vt 0.323281 0.521463
vt 0.270384 0.518455
vt 0.326794 0.504692
vt 0.0240984 0.396226
vt 0.00793238 0.430168
vt 0.00958297 0.392027
vt 0.0240984 0.396226
vt 0.027173 0.429811
vt 0.00793238 0.430168
vt 0.00876116 0.352446
vt 0.0240984 0.396226
vt 0.00958297 0.392027
vt 0.0240984 0.396226
vt 0.00876116 0.352446
vt 0.025272 0.351583
vt 0.0240984 0.396226
vt 0.025272 0.351583
vt 0.0725151 0.352467
vt 0.0711611 0.390778
vt 0.0240984 0.396226
vt 0.0725151 0.352467
vt 0.0722084 0.431112
vt 0.0240984 0.396226
vt 0.0711611 0.390778
vt 0.0240984 0.396226
vt 0.0722084 0.431112
vt 0.027173 0.429811
vt 0.0722084 0.431112
vt 0.0792735 0.4534
vt 0.0700595 0.459449
vt 0.0792735 0.4534
vt 0.0722084 0.431112
vt 0.0880549 0.418047
vt 0.0722084 0.431112
vt 0.0700595 0.459449
vt 0.037385 0.469132
vt 0.027173 0.429811
vt 0.0722084 0.431112
vt 0.037385 0.469132
vt 0.0722084 0.431112
vt 0.0941891 0.387864
vt 0.0880549 0.418047
vt 0.0722084 0.431112
vt 0.0711611 0.390778
vt 0.0941891 0.387864
vt 0.922681 0.925072
vt 0.92056 0.976037
vt 0.892665 0.927719
vt 0.92056 0.976037
vt 0.885096 0.973776
vt 0.892665 0.927719
vt 0.887255 0.989862
vt 0.92056 0.976037
vt 0.924685 0.990303
vt 0.92056 0.976037
vt 0.887255 0.989862
vt 0.885096 0.973776
vt 0.92056 0.976037
vt 0.922681 0.925072
vt 0.959648 0.922111
vt 0.975756 0.978126
vt 0.92056 0.976037
vt 0.959648 0.922111
vt 0.92056 0.976037
vt 0.961995 0.990635
vt 0.924685 0.990303
vt 0.92056 0.976037
vt 0.975756 0.978126
vt 0.961995 0.990635
vt 0.0652766 0.299725
vt 0.0211422 0.321446
vt 0.0258166 0.291076
vt 0.0211422 0.321446
vt 0.0652766 0.299725
vt 0.0673333 0.322731
vt 0.0652766 0.299725
vt 0.0998102 0.329872
vt 0.0673333 0.322731
vt 0.0652766 0.299725
vt 0.101183 0.29468
vt 0.0998102 0.329872
vt 0.160291 0.304452
vt 0.121289 0.275356
vt 0.159493 0.281628
vt 0.129598 0.300284
vt 0.121289 0.275356
vt 0.160291 0.304452
vt 0.121289 0.275356
vt 0.16291 0.250019
vt 0.159493 0.281628
vt 0.121289 0.275356
vt 0.133321 0.239987
vt 0.16291 0.250019
vt 0.121289 0.275356
vt 0.109777 0.243496
vt 0.133321 0.239987
vt 0.109777 0.243496
vt 0.121289 0.275356
vt 0.115316 0.272817
vt 0.107058 0.274373
vt 0.109777 0.243496
vt 0.115316 0.272817
vt 0.109777 0.243496
vt 0.107058 0.274373
vt 0.108356 0.257066
vt 0.133321 0.239987
vt 0.109777 0.243496
vt 0.138168 0.211884
vt 0.109777 0.243496
vt 0.123651 0.209563
vt 0.138168 0.211884
vt 0.109701 0.224503
vt 0.109777 0.243496
vt 0.108356 0.257066
vt 0.123651 0.209563
vt 0.109777 0.243496
vt 0.109701 0.224503
vt 0.362882 0.11413
vt 0.336738 0.136414
vt 0.336174 0.0994931
vt 0.336738 0.136414
vt 0.362882 0.11413
vt 0.367086 0.143174
vt 0.362882 0.11413
vt 0.360887 0.0806099
vt 0.388987 0.0843295
vt 0.380993 0.123578
vt 0.362882 0.11413
vt 0.388987 0.0843295
vt 0.324851 0.0708517
vt 0.362882 0.11413
vt 0.336174 0.0994931
vt 0.360887 0.0806099
vt 0.362882 0.11413
vt 0.324851 0.0708517
vt 0.576801 0.00837275
vt 0.545482 0.02282
vt 0.548676 0.007817
vt 0.576801 0.00837275
vt 0.575994 0.0233507
vt 0.545482 0.02282
vt 0.638646 0.0416426
vt 0.606487 0.0147291
vt 0.640688 0.014122
vt 0.602758 0.0427061
vt 0.606487 0.0147291
vt 0.638646 0.0416426
vt 0.606487 0.0147291
vt 0.608143 0.00877149
vt 0.640541 0.00506308
vt 0.606487 0.0147291
vt 0.640541 0.00506308
vt 0.640688 0.014122
vt 0.575994 0.0233507
vt 0.606487 0.0147291
vt 0.565568 0.0469242
vt 0.606487 0.0147291
vt 0.602758 0.0427061
vt 0.565568 0.0469242
vt 0.576801 0.00837275
vt 0.606487 0.0147291
vt 0.575994 0.0233507
vt 0.606487 0.0147291
vt 0.576801 0.00837275
vt 0.608143 0.00877149
vt 0.565727 0.0791561
vt 0.542222 0.0552354
vt 0.565568 0.0469242
vt 0.565727 0.0791561
vt 0.539354 0.0905882
vt 0.542222 0.0552354
vt 0.602758 0.0427061
vt 0.565727 0.0791561
vt 0.565568 0.0469242
vt 0.60179 0.0791248
vt 0.565727 0.0791561
vt 0.602758 0.0427061
vt 0.605687 0.117217
vt 0.641415 0.116386
vt 0.606437 0.154079
vt 0.641415 0.116386
vt 0.640757 0.153315
vt 0.606437 0.154079
vt 0.676129 0.151472
vt 0.641415 0.116386
vt 0.675765 0.115342
vt 0.641415 0.116386
vt 0.676129 0.151472
vt 0.640757 0.153315
vt 0.826644 0.162618
vt 0.843126 0.136977
vt 0.841313 0.169808
vt 0.828736 0.131359
vt 0.843126 0.136977
vt 0.826644 0.162618
vt 0.843126 0.136977
vt 0.867652 0.159574
vt 0.841313 0.169808
vt 0.843126 0.136977
vt 0.874862 0.133703
vt 0.867652 0.159574
vt 0.997406 0.316323
vt 0.951202 0.285534
vt 0.989067 0.284962
vt 0.951202 0.285534
vt 0.997406 0.316323
vt 0.950356 0.32293
vt 0.886577 0.398094
vt 0.90654 0.407655
vt 0.900222 0.425517
vt 0.900222 0.425517
vt 0.90654 0.407655
vt 0.905476 0.431429
vt 0.991936 0.0758348
vt 0.991107 0.0995495
vt 0.964766 0.0816002
vt 0.991107 0.0995495
vt 0.964006 0.10715
vt 0.964766 0.0816002
vt 0.922004 0.232089
vt 0.891847 0.257477
vt 0.875529 0.232006
vt 0.891847 0.257477
vt 0.922004 0.232089
vt 0.920468 0.258141
vt 0.84596 0.227669
vt 0.891847 0.257477
vt 0.855421 0.259133
vt 0.891847 0.257477
vt 0.84596 0.227669
vt 0.875529 0.232006
vt 0.891847 0.257477
vt 0.864067 0.290816
vt 0.855421 0.259133
vt 0.891847 0.257477
vt 0.890435 0.287479
vt 0.864067 0.290816
vt 0.675765 0.115342
vt 0.711578 0.0889072
vt 0.710921 0.123068
vt 0.711578 0.0889072
vt 0.675765 0.115342
vt 0.671904 0.0753307
vt 0.750972 0.125704
vt 0.752123 0.161474
vt 0.715214 0.156892
vt 0.710921 0.123068
vt 0.750972 0.125704
vt 0.715214 0.156892
vt 0.750972 0.125704
vt 0.784979 0.164567
vt 0.752123 0.161474
vt 0.784979 0.164567
vt 0.750972 0.125704
vt 0.786765 0.133151
vt 0.750972 0.125704
vt 0.711578 0.0889072
vt 0.746161 0.0902219
vt 0.711578 0.0889072
vt 0.750972 0.125704
vt 0.710921 0.123068
vt 0.607323 0.248999
vt 0.606295 0.216501
vt 0.639493 0.248976
vt 0.606295 0.216501
vt 0.639714 0.216433
vt 0.639493 0.248976
vt 0.606295 0.216501
vt 0.607323 0.248999
vt 0.576378 0.251026
vt 0.576068 0.218607
vt 0.606295 0.216501
vt 0.576378 0.251026
vt 0.573851 0.187175
vt 0.606295 0.216501
vt 0.576068 0.218607
vt 0.606295 0.216501
vt 0.573851 0.187175
vt 0.607037 0.184303
vt 0.573851 0.187175
vt 0.5685 0.152846
vt 0.606437 0.154079
vt 0.607037 0.184303
vt 0.573851 0.187175
vt 0.606437 0.154079
vt 0.640158 0.186354
vt 0.606295 0.216501
vt 0.607037 0.184303
vt 0.606295 0.216501
vt 0.640158 0.186354
vt 0.639714 0.216433
vt 0.640158 0.186354
vt 0.676129 0.151472
vt 0.675872 0.18646
vt 0.676129 0.151472
vt 0.640158 0.186354
vt 0.640757 0.153315
vt 0.640158 0.186354
vt 0.607037 0.184303
vt 0.606437 0.154079
vt 0.640757 0.153315
vt 0.640158 0.186354
vt 0.606437 0.154079
vt 0.572356 0.35957
vt 0.5355 0.390641
vt 0.533301 0.360867
vt 0.5355 0.390641
vt 0.572356 0.35957
vt 0.568328 0.388256
vt 0.5355 0.390641
vt 0.520491 0.419842
vt 0.507479 0.392396
vt 0.5355 0.390641
vt 0.540655 0.416563
vt 0.520491 0.419842
vt 0.567986 0.419872
vt 0.5355 0.390641
vt 0.568328 0.388256
vt 0.540655 0.416563
vt 0.5355 0.390641
vt 0.567986 0.419872
vt 0.960627 0.579442
vt 0.990587 0.583639
vt 0.988879 0.611989
vt 0.960627 0.579442
vt 0.988879 0.611989
vt 0.96764 0.595304
vt 0.945787 0.577172
vt 0.960627 0.579442
vt 0.96764 0.595304
vt 0.960627 0.579442
vt 0.945787 0.577172
vt 0.936846 0.564941
vt 0.990587 0.583639
vt 0.960627 0.579442
vt 0.992105 0.557488
vt 0.960627 0.579442
vt 0.970457 0.549375
vt 0.992105 0.557488
vt 0.970457 0.549375
vt 0.960627 0.579442
vt 0.930097 0.541513
vt 0.960627 0.579442
vt 0.936846 0.564941
vt 0.930097 0.541513
vt 0.91048 0.520442
vt 0.893884 0.544487
vt 0.882013 0.526893
vt 0.882013 0.526893
vt 0.893884 0.544487
vt 0.862255 0.546529
vt 0.893884 0.544487
vt 0.948888 0.512177
vt 0.930097 0.541513
vt 0.893884 0.544487
vt 0.91048 0.520442
vt 0.948888 0.512177
vt 0.893884 0.544487
vt 0.900226 0.562245
vt 0.864579 0.562645
vt 0.893884 0.544487
vt 0.864579 0.562645
vt 0.862255 0.546529
vt 0.936846 0.564941
vt 0.893884 0.544487
vt 0.930097 0.541513
vt 0.900226 0.562245
vt 0.893884 0.544487
vt 0.936846 0.564941
vt 0.947032 0.449739
vt 0.919732 0.453225
vt 0.905476 0.431429
vt 0.947032 0.449739
vt 0.966838 0.475166
vt 0.919732 0.453225
vt 0.948888 0.512177
vt 0.977248 0.483884
vt 0.978865 0.515049
vt 0.931946 0.475727
vt 0.977248 0.483884
vt 0.948888 0.512177
vt 0.992592 0.517149
vt 0.977248 0.483884
vt 0.994029 0.501237
vt 0.977248 0.483884
vt 0.992592 0.517149
vt 0.978865 0.515049
vt 0.977248 0.483884
vt 0.931946 0.475727
vt 0.919732 0.453225
vt 0.966838 0.475166
vt 0.977248 0.483884
vt 0.919732 0.453225
vt 0.818902 0.3236
vt 0.820465 0.357136
vt 0.780982 0.354161
vt 0.783764 0.326168
vt 0.818902 0.3236
vt 0.780982 0.354161
vt 0.672907 0.217712
vt 0.640158 0.186354
vt 0.675872 0.18646
vt 0.640158 0.186354
vt 0.672907 0.217712
vt 0.639714 0.216433
vt 0.639493 0.248976
vt 0.672907 0.217712
vt 0.671795 0.249957
vt 0.639714 0.216433
vt 0.672907 0.217712
vt 0.639493 0.248976
vt 0.715161 0.188841
vt 0.672907 0.217712
vt 0.675872 0.18646
vt 0.712783 0.221571
vt 0.672907 0.217712
vt 0.715161 0.188841
vt 0.672907 0.217712
vt 0.709581 0.25072
vt 0.671795 0.249957
vt 0.672907 0.217712
vt 0.712783 0.221571
vt 0.709581 0.25072
vt 0.315214 0.326388
vt 0.316848 0.360253
vt 0.252329 0.342945
vt 0.238929 0.31348
vt 0.315214 0.326388
vt 0.252329 0.342945
vt 0.315214 0.326388
vt 0.350041 0.358775
vt 0.316848 0.360253
vt 0.315214 0.326388
vt 0.343198 0.331952
vt 0.350041 0.358775
vt 0.396321 0.33933
vt 0.359455 0.322351
vt 0.385773 0.310755
vt 0.359455 0.322351
vt 0.396321 0.33933
vt 0.362964 0.349066
vt 0.350041 0.358775
vt 0.359455 0.322351
vt 0.362964 0.349066
vt 0.343198 0.331952
vt 0.359455 0.322351
vt 0.350041 0.358775
vt 0.365942 0.382669
vt 0.396321 0.33933
vt 0.411246 0.38278
vt 0.396321 0.33933
vt 0.365942 0.382669
vt 0.362964 0.349066
vt 0.365942 0.382669
vt 0.411246 0.38278
vt 0.396784 0.427485
vt 0.366415 0.431088
vt 0.365942 0.382669
vt 0.396784 0.427485
vt 0.504859 0.156808
vt 0.484623 0.141743
vt 0.509756 0.130024
vt 0.484623 0.141743
vt 0.504859 0.156808
vt 0.475211 0.15928
vt 0.475211 0.15928
vt 0.504859 0.156808
vt 0.474114 0.187824
vt 0.504859 0.156808
vt 0.50904 0.188099
vt 0.474114 0.187824
vt 0.374829 0.207591
vt 0.343664 0.171223
vt 0.375055 0.17727
vt 0.343664 0.171223
vt 0.374829 0.207591
vt 0.346276 0.208894
vt 0.401526 0.204543
vt 0.374829 0.207591
vt 0.400462 0.178559
vt 0.400462 0.178559
vt 0.374829 0.207591
vt 0.375055 0.17727
vt 0.392767 0.261495
vt 0.401851 0.23147
vt 0.408666 0.264261
vt 0.401851 0.23147
vt 0.42247 0.229574
vt 0.408666 0.264261
vt 0.42247 0.229574
vt 0.401851 0.23147
vt 0.427137 0.201228
vt 0.401851 0.23147
vt 0.401526 0.204543
vt 0.427137 0.201228
vt 0.453163 0.170916
vt 0.430888 0.154738
vt 0.458053 0.150523
vt 0.430888 0.154738
vt 0.453163 0.170916
vt 0.431181 0.179331
vt 0.430888 0.154738
vt 0.426936 0.121823
vt 0.468952 0.119259
vt 0.458053 0.150523
vt 0.430888 0.154738
vt 0.468952 0.119259
vt 0.592109 0.926691
vt 0.617735 0.873872
vt 0.647319 0.860441
vt 0.625021 0.911223
vt 0.592109 0.926691
vt 0.647319 0.860441
vt 0.592109 0.926691
vt 0.625021 0.911223
vt 0.630167 0.952235
vt 0.610479 0.957495
vt 0.592109 0.926691
vt 0.630167 0.952235
vt 0.782913 0.556662
vt 0.752039 0.556203
vt 0.783721 0.52239
vt 0.752039 0.556203
vt 0.748442 0.515901
vt 0.783721 0.52239
vt 0.935111 0.729274
vt 0.970891 0.726451
vt 0.977708 0.782383
vt 0.943566 0.789441
vt 0.935111 0.729274
vt 0.977708 0.782383
vt 0.935111 0.729274
vt 0.969045 0.688018
vt 0.970891 0.726451
vt 0.935111 0.729274
vt 0.939138 0.684607
vt 0.969045 0.688018
vt 0.657489 0.89891
vt 0.681635 0.845858
vt 0.714452 0.870725
vt 0.681635 0.845858
vt 0.713347 0.842272
vt 0.714452 0.870725
vt 0.681635 0.845858
vt 0.657489 0.89891
vt 0.625021 0.911223
vt 0.681635 0.845858
vt 0.625021 0.911223
vt 0.647319 0.860441
vt 0.704356 0.822805
vt 0.681635 0.845858
vt 0.676806 0.818266
vt 0.681635 0.845858
vt 0.704356 0.822805
vt 0.713347 0.842272
vt 0.681635 0.845858
vt 0.647319 0.860441
vt 0.657639 0.818197
vt 0.676806 0.818266
vt 0.681635 0.845858
vt 0.657639 0.818197
vt 0.734825 0.813117
vt 0.750831 0.797915
vt 0.765286 0.817033
vt 0.750831 0.797915
vt 0.734825 0.813117
vt 0.730357 0.79053
vt 0.734825 0.813117
vt 0.704356 0.822805
vt 0.698601 0.797273
vt 0.734825 0.813117
vt 0.698601 0.797273
vt 0.730357 0.79053
vt 0.84544 0.926425
vt 0.806406 0.899246
vt 0.829774 0.894543
vt 0.84544 0.926425
vt 0.83422 0.933233
vt 0.806406 0.899246
vt 0.395401 0.454941
vt 0.383012 0.4956
vt 0.374445 0.462624
vt 0.395401 0.454941
vt 0.403984 0.481129
vt 0.383012 0.4956
vt 0.366415 0.431088
vt 0.395401 0.454941
vt 0.374445 0.462624
vt 0.395401 0.454941
vt 0.366415 0.431088
vt 0.396784 0.427485
vt 0.425145 0.425132
vt 0.395401 0.454941
vt 0.396784 0.427485
vt 0.395401 0.454941
vt 0.425145 0.425132
vt 0.415639 0.455503
vt 0.425145 0.425132
vt 0.452367 0.399056
vt 0.447626 0.425321
vt 0.452367 0.399056
vt 0.425145 0.425132
vt 0.437317 0.392674
vt 0.425145 0.425132
vt 0.411246 0.38278
vt 0.437317 0.392674
vt 0.411246 0.38278
vt 0.425145 0.425132
vt 0.396784 0.427485
vt 0.451801 0.451534
vt 0.425145 0.425132
vt 0.447626 0.425321
vt 0.415639 0.455503
vt 0.425145 0.425132
vt 0.451801 0.451534
vt 0.408827 0.49224
vt 0.395401 0.454941
vt 0.415639 0.455503
vt 0.395401 0.454941
vt 0.408827 0.49224
vt 0.403984 0.481129
vt 0.396606 0.514912
vt 0.408827 0.49224
vt 0.41412 0.512712
vt 0.408827 0.49224
vt 0.396606 0.514912
vt 0.403984 0.481129
vt 0.408827 0.49224
vt 0.451801 0.451534
vt 0.451371 0.504919
vt 0.408827 0.49224
vt 0.415639 0.455503
vt 0.451801 0.451534
vt 0.832675 0.542184
vt 0.882013 0.526893
vt 0.862255 0.546529
vt 0.832675 0.542184
vt 0.844716 0.518978
vt 0.882013 0.526893
vt 0.832675 0.542184
vt 0.807995 0.557003
vt 0.816105 0.521032
vt 0.844716 0.518978
vt 0.832675 0.542184
vt 0.816105 0.521032
vt 0.640073 0.28285
vt 0.604361 0.283814
vt 0.639493 0.248976
vt 0.604361 0.283814
vt 0.607323 0.248999
vt 0.639493 0.248976
vt 0.709818 0.353666
vt 0.747608 0.322582
vt 0.743143 0.351392
vt 0.747608 0.322582
vt 0.709818 0.353666
vt 0.711102 0.321586
vt 0.747608 0.322582
vt 0.783764 0.326168
vt 0.780982 0.354161
vt 0.743143 0.351392
vt 0.747608 0.322582
vt 0.780982 0.354161
vt 0.747608 0.322582
vt 0.747748 0.287936
vt 0.784912 0.289834
vt 0.783764 0.326168
vt 0.747608 0.322582
vt 0.784912 0.289834
vt 0.710999 0.284507
vt 0.747608 0.322582
vt 0.711102 0.321586
vt 0.747748 0.287936
vt 0.747608 0.322582
vt 0.710999 0.284507
vt 0.675897 0.353057
vt 0.641588 0.321223
vt 0.675406 0.320118
vt 0.641588 0.321223
vt 0.675897 0.353057
vt 0.640963 0.353143
vt 0.675897 0.353057
vt 0.675406 0.320118
vt 0.711102 0.321586
vt 0.709818 0.353666
vt 0.675897 0.353057
vt 0.711102 0.321586
vt 0.87142 0.394741
vt 0.863732 0.354584
vt 0.887546 0.364201
vt 0.886577 0.398094
vt 0.87142 0.394741
vt 0.887546 0.364201
vt 0.855312 0.48652
vt 0.886777 0.490925
vt 0.882013 0.526893
vt 0.844716 0.518978
vt 0.855312 0.48652
vt 0.882013 0.526893
vt 0.886777 0.490925
vt 0.855312 0.48652
vt 0.882355 0.461698
vt 0.855312 0.48652
vt 0.854953 0.453505
vt 0.882355 0.461698
vt 0.594544 0.547193
vt 0.640658 0.583016
vt 0.597005 0.583985
vt 0.640658 0.583016
vt 0.594544 0.547193
vt 0.64078 0.547472
vt 0.427127 0.990542
vt 0.46539 0.976086
vt 0.461859 0.989315
vt 0.427127 0.990542
vt 0.432448 0.977576
vt 0.46539 0.976086
vt 0.394879 0.980963
vt 0.36098 0.934593
vt 0.399307 0.930852
vt 0.36098 0.934593
vt 0.394879 0.980963
vt 0.352564 0.980298
vt 0.394879 0.980963
vt 0.351888 0.990592
vt 0.352564 0.980298
vt 0.351888 0.990592
vt 0.394879 0.980963
vt 0.389336 0.988836
vt 0.394879 0.980963
vt 0.399307 0.930852
vt 0.434039 0.927345
vt 0.432448 0.977576
vt 0.394879 0.980963
vt 0.434039 0.927345
vt 0.427127 0.990542
vt 0.394879 0.980963
vt 0.432448 0.977576
vt 0.394879 0.980963
vt 0.427127 0.990542
vt 0.389336 0.988836
vt 0.463448 0.849197
vt 0.466049 0.826926
vt 0.495967 0.830295
vt 0.500226 0.86273
vt 0.463448 0.849197
vt 0.495967 0.830295
vt 0.471849 0.87154
vt 0.463448 0.849197
vt 0.500314 0.885572
vt 0.463448 0.849197
vt 0.500226 0.86273
vt 0.500314 0.885572
vt 0.466049 0.826926
vt 0.463448 0.849197
vt 0.429176 0.828522
vt 0.463448 0.849197
vt 0.439446 0.833809
vt 0.429176 0.828522
vt 0.463448 0.849197
vt 0.471849 0.87154
vt 0.44851 0.856036
vt 0.439446 0.833809
vt 0.463448 0.849197
vt 0.44851 0.856036
vt 0.603569 0.789161
vt 0.537987 0.858052
vt 0.567444 0.800813
vt 0.603569 0.789161
vt 0.587845 0.845578
vt 0.537987 0.858052
vt 0.603569 0.789161
vt 0.567444 0.800813
vt 0.570471 0.753435
vt 0.597745 0.763605
vt 0.603569 0.789161
vt 0.570471 0.753435
vt 0.587845 0.845578
vt 0.603569 0.789161
vt 0.63464 0.814969
vt 0.603569 0.789161
vt 0.631798 0.789671
vt 0.63464 0.814969
vt 0.631798 0.789671
vt 0.603569 0.789161
vt 0.617947 0.766946
vt 0.617947 0.766946
vt 0.603569 0.789161
vt 0.597745 0.763605
vt 0.797499 0.727097
vt 0.840831 0.682746
vt 0.838464 0.72468
vt 0.840831 0.682746
vt 0.797499 0.727097
vt 0.80371 0.68929
vt 0.935276 0.883836
vt 0.912631 0.872439
vt 0.943276 0.872462
vt 0.912631 0.872439
vt 0.935276 0.883836
vt 0.907731 0.88811
vt 0.903017 0.912889
vt 0.862916 0.886246
vt 0.907731 0.88811
vt 0.862916 0.886246
vt 0.903017 0.912889
vt 0.860359 0.902675
vt 0.824613 0.863953
vt 0.862916 0.886246
vt 0.829774 0.894543
vt 0.829774 0.894543
vt 0.862916 0.886246
vt 0.860359 0.902675
vt 0.862916 0.886246
vt 0.912631 0.872439
vt 0.907731 0.88811
vt 0.912631 0.872439
vt 0.862916 0.886246
vt 0.865158 0.856534
vt 0.759552 0.853853
vt 0.784815 0.831984
vt 0.785894 0.858117
vt 0.784815 0.831984
vt 0.759552 0.853853
vt 0.765286 0.817033
vt 0.704511 0.685164
vt 0.726915 0.715497
vt 0.701617 0.721555
vt 0.726915 0.715497
vt 0.704511 0.685164
vt 0.729968 0.676623
vt 0.704511 0.685164
vt 0.736753 0.644569
vt 0.729968 0.676623
vt 0.704511 0.685164
vt 0.712179 0.654276
vt 0.736753 0.644569
vt 0.666703 0.797612
vt 0.665748 0.782973
vt 0.698601 0.797273
vt 0.665748 0.782973
vt 0.69654 0.774978
vt 0.698601 0.797273
vt 0.665748 0.782973
vt 0.666703 0.797612
vt 0.643853 0.789208
vt 0.635397 0.778591
vt 0.665748 0.782973
vt 0.643853 0.789208
vt 0.69654 0.774978
vt 0.665748 0.782973
vt 0.697813 0.749212
vt 0.665748 0.782973
vt 0.675366 0.748276
vt 0.697813 0.749212
vt 0.665748 0.782973
vt 0.635397 0.778591
vt 0.639967 0.751855
vt 0.675366 0.748276
vt 0.665748 0.782973
vt 0.639967 0.751855
vt 0.532084 0.480904
vt 0.553615 0.509464
vt 0.525824 0.505684
vt 0.553615 0.509464
vt 0.532084 0.480904
vt 0.56262 0.47834
vt 0.525824 0.505684
vt 0.553615 0.509464
vt 0.526302 0.536994
vt 0.553615 0.509464
vt 0.553262 0.544117
vt 0.526302 0.536994
vt 0.522235 0.56963
vt 0.553262 0.544117
vt 0.555242 0.580709
vt 0.553262 0.544117
vt 0.522235 0.56963
vt 0.526302 0.536994
vt 0.522235 0.56963
vt 0.498688 0.540909
vt 0.526302 0.536994
vt 0.522235 0.56963
vt 0.487444 0.579743
vt 0.498688 0.540909
vt 0.606603 0.693711
vt 0.605573 0.651267
vt 0.642888 0.658928
vt 0.64429 0.692705
vt 0.606603 0.693711
vt 0.642888 0.658928
vt 0.606603 0.693711
vt 0.645652 0.725567
vt 0.599641 0.722691
vt 0.645652 0.725567
vt 0.606603 0.693711
vt 0.64429 0.692705
vt 0.574458 0.707563
vt 0.606603 0.693711
vt 0.599641 0.722691
vt 0.560994 0.68244
vt 0.606603 0.693711
vt 0.574458 0.707563
vt 0.568276 0.649525
vt 0.606603 0.693711
vt 0.560994 0.68244
vt 0.606603 0.693711
vt 0.568276 0.649525
vt 0.605573 0.651267
vt 0.568276 0.649525
vt 0.559421 0.609925
vt 0.598192 0.618645
vt 0.605573 0.651267
vt 0.568276 0.649525
vt 0.598192 0.618645
vt 0.5181 0.645632
vt 0.568276 0.649525
vt 0.535506 0.678208
vt 0.568276 0.649525
vt 0.560994 0.68244
vt 0.535506 0.678208
vt 0.492675 0.689821
vt 0.465272 0.665908
vt 0.476142 0.668156
vt 0.492675 0.689821
vt 0.465309 0.693768
vt 0.465272 0.665908
vt 0.497754 0.671287
vt 0.492675 0.689821
vt 0.476142 0.668156
vt 0.492675 0.689821
vt 0.497754 0.671287
vt 0.517292 0.693185
vt 0.465309 0.693768
vt 0.492675 0.689821
vt 0.452943 0.752912
vt 0.492675 0.689821
vt 0.498287 0.71684
vt 0.452943 0.752912
vt 0.531106 0.718879
vt 0.492675 0.689821
vt 0.517292 0.693185
vt 0.498287 0.71684
vt 0.492675 0.689821
vt 0.531106 0.718879
vt 0.0262674 0.974241
vt 0.0620355 0.967692
vt 0.0547928 0.981315
vt 0.016951 0.953564
vt 0.0620355 0.967692
vt 0.0262674 0.974241
vt 0.0620355 0.967692
vt 0.0795897 0.984435
vt 0.0547928 0.981315
vt 0.0620355 0.967692
vt 0.0953945 0.960174
vt 0.0795897 0.984435
vt 0.227273 0.901294
vt 0.191021 0.890765
vt 0.230477 0.87154
vt 0.230477 0.87154
vt 0.191021 0.890765
vt 0.194816 0.875795
vt 0.191021 0.890765
vt 0.227273 0.901294
vt 0.219292 0.940734
vt 0.183529 0.929945
vt 0.191021 0.890765
vt 0.219292 0.940734
vt 0.331661 0.759147
vt 0.362354 0.7693
vt 0.370014 0.790127
vt 0.350374 0.768773
vt 0.331661 0.759147
vt 0.370014 0.790127
vt 0.277638 0.778921
vt 0.295567 0.753509
vt 0.295928 0.7821
vt 0.270436 0.796457
vt 0.277638 0.778921
vt 0.295928 0.7821
vt 0.331243 0.844632
vt 0.365122 0.884166
vt 0.330842 0.891125
vt 0.365122 0.884166
vt 0.331243 0.844632
vt 0.361475 0.840453
vt 0.0105773 0.763502
vt 0.0301374 0.774074
vt 0.00857556 0.80723
vt 0.00857556 0.80723
vt 0.0301374 0.774074
vt 0.0179917 0.803212
vt 0.0517878 0.808119
vt 0.0301374 0.774074
vt 0.0600738 0.767167
vt 0.0301374 0.774074
vt 0.0517878 0.808119
vt 0.0179917 0.803212
vt 0.0517878 0.808119
vt 0.0209979 0.852443
vt 0.0179917 0.803212
vt 0.0517878 0.808119
vt 0.0565034 0.846117
vt 0.0209979 0.852443
vt 0.0027998 0.633251
vt 0.00532743 0.580588
vt 0.0146225 0.578868
vt 0.0137573 0.633538
vt 0.0027998 0.633251
vt 0.0146225 0.578868
vt 0.0177374 0.653355
vt 0.0460833 0.694882
vt 0.027055 0.672546
vt 0.0460833 0.694882
vt 0.0177374 0.653355
vt 0.0325302 0.658937
vt 0.0177374 0.653355
vt 0.00931102 0.669881
vt 0.00523162 0.647658
vt 0.00931102 0.669881
vt 0.0177374 0.653355
vt 0.027055 0.672546
vt 0.0177374 0.653355
vt 0.0027998 0.633251
vt 0.0137573 0.633538
vt 0.0027998 0.633251
vt 0.0177374 0.653355
vt 0.00523162 0.647658
vt 0.0502649 0.629181
vt 0.0177374 0.653355
vt 0.0137573 0.633538
vt 0.0177374 0.653355
vt 0.0502649 0.629181
vt 0.0325302 0.658937
vt 0.0502649 0.629181
vt 0.0695465 0.664942
vt 0.0325302 0.658937
vt 0.0695465 0.664942
vt 0.0502649 0.629181
vt 0.0921822 0.610236
vt 0.0598787 0.565744
vt 0.0502649 0.629181
vt 0.0146225 0.578868
vt 0.0502649 0.629181
vt 0.0137573 0.633538
vt 0.0146225 0.578868
vt 0.0502649 0.629181
vt 0.10805 0.558997
vt 0.0921822 0.610236
vt 0.0502649 0.629181
vt 0.0598787 0.565744
vt 0.10805 0.558997
vt 0.123619 0.848635
vt 0.0866286 0.873828
vt 0.104268 0.839389
vt 0.123619 0.848635
vt 0.131186 0.871269
vt 0.0866286 0.873828
vt 0.205527 0.871694
vt 0.238673 0.846246
vt 0.230477 0.87154
vt 0.205527 0.871694
vt 0.230477 0.87154
vt 0.194816 0.875795
vt 0.445182 0.654326
vt 0.465309 0.693768
vt 0.437875 0.696839
vt 0.465309 0.693768
vt 0.445182 0.654326
vt 0.465272 0.665908
vt 0.465272 0.665908
vt 0.445182 0.654326
vt 0.450449 0.643806
vt 0.445182 0.654326
vt 0.434638 0.635136
vt 0.450449 0.643806
vt 0.314543 0.539742
vt 0.26508 0.553172
vt 0.267178 0.534388
vt 0.26508 0.553172
vt 0.314543 0.539742
vt 0.297848 0.558679
vt 0.289977 0.595432
vt 0.26508 0.553172
vt 0.297848 0.558679
vt 0.26508 0.553172
vt 0.289977 0.595432
vt 0.26511 0.606167
vt 0.218316 0.697608
vt 0.250137 0.675863
vt 0.256148 0.714175
vt 0.250137 0.675863
vt 0.218316 0.697608
vt 0.217656 0.675484
vt 0.289977 0.595432
vt 0.250137 0.675863
vt 0.26511 0.606167
vt 0.250137 0.675863
vt 0.289977 0.595432
vt 0.28167 0.66418
vt 0.310311 0.700606
vt 0.325435 0.636899
vt 0.366607 0.617623
vt 0.354168 0.67304
vt 0.310311 0.700606
vt 0.366607 0.617623
vt 0.478038 0.552783
vt 0.487444 0.579743
vt 0.469419 0.58534
vt 0.487444 0.579743
vt 0.478038 0.552783
vt 0.498688 0.540909
vt 0.456324 0.589656
vt 0.478038 0.552783
vt 0.469419 0.58534
vt 0.447881 0.553291
vt 0.478038 0.552783
vt 0.456324 0.589656
vt 0.408827 0.49224
vt 0.458319 0.532837
vt 0.41412 0.512712
vt 0.458319 0.532837
vt 0.408827 0.49224
vt 0.451371 0.504919
vt 0.458319 0.532837
vt 0.411456 0.540756
vt 0.41412 0.512712
vt 0.458319 0.532837
vt 0.447881 0.553291
vt 0.411456 0.540756
vt 0.133332 0.599057
vt 0.0695465 0.664942
vt 0.0921822 0.610236
vt 0.133332 0.599057
vt 0.122331 0.654418
vt 0.0695465 0.664942
vt 0.15179 0.462871
vt 0.163509 0.504952
vt 0.108602 0.456176
vt 0.163509 0.504952
vt 0.118185 0.508985
vt 0.108602 0.456176
vt 0.315951 0.473333
vt 0.352732 0.504838
vt 0.326794 0.504692
vt 0.352732 0.504838
vt 0.315951 0.473333
vt 0.345833 0.466146
vt 0.276594 0.501762
vt 0.315951 0.473333
vt 0.326794 0.504692
vt 0.275833 0.475783
vt 0.315951 0.473333
vt 0.276594 0.501762
vt 0.181326 0.370189
vt 0.263952 0.427561
vt 0.194819 0.421546
vt 0.263952 0.427561
vt 0.181326 0.370189
vt 0.257721 0.385724
vt 0.194819 0.421546
vt 0.263952 0.427561
vt 0.214789 0.470503
vt 0.263952 0.427561
vt 0.275833 0.475783
vt 0.214789 0.470503
vt 0.105614 0.232118
vt 0.119043 0.187051
vt 0.109701 0.224503
vt 0.119043 0.187051
vt 0.105614 0.232118
vt 0.104402 0.2008
vt 0.101183 0.29468
vt 0.0982418 0.317314
vt 0.0998102 0.329872
vt 0.107058 0.274373
vt 0.0982418 0.317314
vt 0.101183 0.29468
vt 0.109373 0.407679
vt 0.137146 0.359765
vt 0.149219 0.410487
vt 0.109559 0.365801
vt 0.137146 0.359765
vt 0.109373 0.407679
vt 0.137146 0.359765
vt 0.194819 0.421546
vt 0.149219 0.410487
vt 0.137146 0.359765
vt 0.181326 0.370189
vt 0.194819 0.421546
vt 0.137146 0.359765
vt 0.166848 0.326635
vt 0.181326 0.370189
vt 0.166848 0.326635
vt 0.137146 0.359765
vt 0.128321 0.316309
vt 0.166848 0.326635
vt 0.160291 0.304452
vt 0.238929 0.31348
vt 0.166848 0.326635
vt 0.238929 0.31348
vt 0.252329 0.342945
vt 0.257721 0.385724
vt 0.166848 0.326635
vt 0.252329 0.342945
vt 0.181326 0.370189
vt 0.166848 0.326635
vt 0.257721 0.385724
vt 0.166848 0.326635
vt 0.129598 0.300284
vt 0.160291 0.304452
vt 0.166848 0.326635
vt 0.128321 0.316309
vt 0.129598 0.300284
vt 0.5685 0.152846
vt 0.569887 0.11787
vt 0.606437 0.154079
vt 0.569887 0.11787
vt 0.605687 0.117217
vt 0.606437 0.154079
vt 0.569887 0.11787
vt 0.565727 0.0791561
vt 0.60179 0.0791248
vt 0.569887 0.11787
vt 0.60179 0.0791248
vt 0.605687 0.117217
vt 0.539354 0.0905882
vt 0.569887 0.11787
vt 0.532253 0.122311
vt 0.565727 0.0791561
vt 0.569887 0.11787
vt 0.539354 0.0905882
vt 0.638585 0.0750552
vt 0.602758 0.0427061
vt 0.638646 0.0416426
vt 0.638585 0.0750552
vt 0.60179 0.0791248
vt 0.602758 0.0427061
vt 0.670792 0.0430771
vt 0.638585 0.0750552
vt 0.638646 0.0416426
vt 0.638585 0.0750552
vt 0.670792 0.0430771
vt 0.671904 0.0753307
vt 0.60179 0.0791248
vt 0.638585 0.0750552
vt 0.605687 0.117217
vt 0.638585 0.0750552
vt 0.641415 0.116386
vt 0.605687 0.117217
vt 0.675765 0.115342
vt 0.638585 0.0750552
vt 0.671904 0.0753307
vt 0.641415 0.116386
vt 0.638585 0.0750552
vt 0.675765 0.115342
vt 0.5355 0.390641
vt 0.50072 0.364334
vt 0.533301 0.360867
vt 0.50072 0.364334
vt 0.5355 0.390641
vt 0.507479 0.392396
vt 0.539944 0.26147
vt 0.502366 0.297818
vt 0.50323 0.260836
vt 0.502366 0.297818
vt 0.539944 0.26147
vt 0.536985 0.296844
vt 0.446867 0.32217
vt 0.428295 0.310719
vt 0.414254 0.290407
vt 0.438646 0.293124
vt 0.446867 0.32217
vt 0.414254 0.290407
vt 0.428838 0.351415
vt 0.446867 0.32217
vt 0.45019 0.358646
vt 0.446867 0.32217
vt 0.428838 0.351415
vt 0.428295 0.310719
vt 0.824863 0.0159452
vt 0.816148 0.0547208
vt 0.775453 0.015736
vt 0.816148 0.0547208
vt 0.780494 0.0492687
vt 0.775453 0.015736
vt 0.785684 0.091519
vt 0.750972 0.125704
vt 0.746161 0.0902219
vt 0.750972 0.125704
vt 0.785684 0.091519
vt 0.786765 0.133151
vt 0.785684 0.091519
vt 0.816148 0.0547208
vt 0.815259 0.0985792
vt 0.816148 0.0547208
vt 0.785684 0.091519
vt 0.780494 0.0492687
vt 0.816537 0.133343
vt 0.785684 0.091519
vt 0.815259 0.0985792
vt 0.785684 0.091519
vt 0.816537 0.133343
vt 0.786765 0.133151
vt 0.784979 0.164567
vt 0.816537 0.133343
vt 0.806706 0.163378
vt 0.816537 0.133343
vt 0.784979 0.164567
vt 0.786765 0.133151
vt 0.806706 0.163378
vt 0.816537 0.133343
vt 0.826644 0.162618
vt 0.816537 0.133343
vt 0.828736 0.131359
vt 0.826644 0.162618
vt 0.922004 0.232089
vt 0.95577 0.259402
vt 0.920468 0.258141
vt 0.95577 0.259402
vt 0.922004 0.232089
vt 0.95098 0.2367
vt 0.95577 0.259402
vt 0.977439 0.265025
vt 0.989067 0.284962
vt 0.951202 0.285534
vt 0.95577 0.259402
vt 0.989067 0.284962
vt 0.816035 0.220711
vt 0.798976 0.219441
vt 0.80036 0.191023
vt 0.81593 0.187503
vt 0.816035 0.220711
vt 0.80036 0.191023
vt 0.816035 0.220711
vt 0.811886 0.256513
vt 0.798976 0.219441
vt 0.811886 0.256513
vt 0.816035 0.220711
vt 0.828938 0.25824
vt 0.816035 0.220711
vt 0.84596 0.227669
vt 0.855421 0.259133
vt 0.816035 0.220711
vt 0.855421 0.259133
vt 0.828938 0.25824
vt 0.816035 0.220711
vt 0.844985 0.188821
vt 0.84596 0.227669
vt 0.844985 0.188821
vt 0.816035 0.220711
vt 0.81593 0.187503
vt 0.844985 0.188821
vt 0.867652 0.159574
vt 0.869222 0.182597
vt 0.867652 0.159574
vt 0.844985 0.188821
vt 0.841313 0.169808
vt 0.844985 0.188821
vt 0.81593 0.187503
vt 0.826644 0.162618
vt 0.844985 0.188821
vt 0.826644 0.162618
vt 0.841313 0.169808
vt 0.84596 0.227669
vt 0.844985 0.188821
vt 0.875529 0.232006
vt 0.875529 0.232006
vt 0.844985 0.188821
vt 0.869222 0.182597
vt 0.98551 0.240009
vt 0.95577 0.259402
vt 0.95098 0.2367
vt 0.95577 0.259402
vt 0.98551 0.240009
vt 0.977439 0.265025
vt 0.991107 0.0995495
vt 0.945754 0.14202
vt 0.964006 0.10715
vt 0.945754 0.14202
vt 0.991107 0.0995495
vt 0.988247 0.138621
vt 0.906939 0.372617
vt 0.90654 0.407655
vt 0.886577 0.398094
vt 0.906939 0.372617
vt 0.886577 0.398094
vt 0.887546 0.364201
vt 0.890435 0.287479
vt 0.891979 0.323573
vt 0.864067 0.290816
vt 0.864067 0.290816
vt 0.891979 0.323573
vt 0.866956 0.319352
vt 0.863732 0.354584
vt 0.891979 0.323573
vt 0.887546 0.364201
vt 0.891979 0.323573
vt 0.863732 0.354584
vt 0.866956 0.319352
vt 0.891979 0.323573
vt 0.906939 0.372617
vt 0.887546 0.364201
vt 0.906939 0.372617
vt 0.891979 0.323573
vt 0.914512 0.325215
vt 0.891847 0.257477
vt 0.920199 0.287259
vt 0.890435 0.287479
vt 0.920199 0.287259
vt 0.891847 0.257477
vt 0.920468 0.258141
vt 0.920199 0.287259
vt 0.95577 0.259402
vt 0.951202 0.285534
vt 0.95577 0.259402
vt 0.920199 0.287259
vt 0.920468 0.258141
vt 0.891979 0.323573
vt 0.920199 0.287259
vt 0.914512 0.325215
vt 0.920199 0.287259
vt 0.891979 0.323573
vt 0.890435 0.287479
vt 0.920199 0.287259
vt 0.951202 0.285534
vt 0.950356 0.32293
vt 0.914512 0.325215
vt 0.920199 0.287259
vt 0.950356 0.32293
vt 0.672783 0.0147971
vt 0.702678 0.0459472
vt 0.670792 0.0430771
vt 0.702678 0.0459472
vt 0.672783 0.0147971
vt 0.704749 0.0156175
vt 0.702678 0.0459472
vt 0.711578 0.0889072
vt 0.671904 0.0753307
vt 0.670792 0.0430771
vt 0.702678 0.0459472
vt 0.671904 0.0753307
vt 0.913128 0.579416
vt 0.945787 0.577172
vt 0.95001 0.6124
vt 0.913128 0.579416
vt 0.95001 0.6124
vt 0.903726 0.615867
vt 0.945787 0.577172
vt 0.913128 0.579416
vt 0.936846 0.564941
vt 0.913128 0.579416
vt 0.900226 0.562245
vt 0.936846 0.564941
vt 0.780399 0.63383
vt 0.745651 0.673642
vt 0.755699 0.639693
vt 0.745651 0.673642
vt 0.780399 0.63383
vt 0.770064 0.669203
vt 0.818176 0.604321
vt 0.780399 0.63383
vt 0.794303 0.606994
vt 0.780399 0.63383
vt 0.818176 0.604321
vt 0.81678 0.627647
vt 0.780399 0.63383
vt 0.755699 0.639693
vt 0.769933 0.609543
vt 0.794303 0.606994
vt 0.780399 0.63383
vt 0.769933 0.609543
vt 0.90654 0.407655
vt 0.939052 0.419187
vt 0.905476 0.431429
vt 0.939052 0.419187
vt 0.947032 0.449739
vt 0.905476 0.431429
vt 0.988428 0.483175
vt 0.977248 0.483884
vt 0.966838 0.475166
vt 0.977248 0.483884
vt 0.988428 0.483175
vt 0.994029 0.501237
vt 0.864067 0.290816
vt 0.837374 0.288939
vt 0.855421 0.259133
vt 0.855421 0.259133
vt 0.837374 0.288939
vt 0.828938 0.25824
vt 0.303156 0.296918
vt 0.221579 0.286321
vt 0.229496 0.255266
vt 0.310987 0.267495
vt 0.303156 0.296918
vt 0.229496 0.255266
vt 0.221579 0.286321
vt 0.303156 0.296918
vt 0.238929 0.31348
vt 0.303156 0.296918
vt 0.315214 0.326388
vt 0.238929 0.31348
vt 0.365103 0.289349
vt 0.392767 0.261495
vt 0.387367 0.288611
vt 0.365103 0.289349
vt 0.372198 0.271609
vt 0.392767 0.261495
vt 0.385773 0.310755
vt 0.365103 0.289349
vt 0.387367 0.288611
vt 0.359455 0.322351
vt 0.365103 0.289349
vt 0.385773 0.310755
vt 0.316848 0.360253
vt 0.350238 0.393756
vt 0.315887 0.394488
vt 0.350041 0.358775
vt 0.350238 0.393756
vt 0.316848 0.360253
vt 0.350238 0.393756
vt 0.366415 0.431088
vt 0.341485 0.42809
vt 0.350238 0.393756
vt 0.365942 0.382669
vt 0.366415 0.431088
vt 0.350238 0.393756
vt 0.350041 0.358775
vt 0.362964 0.349066
vt 0.365942 0.382669
vt 0.350238 0.393756
vt 0.362964 0.349066
vt 0.569887 0.11787
vt 0.538175 0.153536
vt 0.532253 0.122311
vt 0.538175 0.153536
vt 0.569887 0.11787
vt 0.5685 0.152846
vt 0.573851 0.187175
vt 0.538175 0.153536
vt 0.5685 0.152846
vt 0.538175 0.153536
vt 0.573851 0.187175
vt 0.541708 0.187803
vt 0.504859 0.156808
vt 0.538175 0.153536
vt 0.50904 0.188099
vt 0.50904 0.188099
vt 0.538175 0.153536
vt 0.541708 0.187803
vt 0.538175 0.153536
vt 0.509756 0.130024
vt 0.532253 0.122311
vt 0.538175 0.153536
vt 0.504859 0.156808
vt 0.509756 0.130024
vt 0.541938 0.220285
vt 0.50904 0.188099
vt 0.541708 0.187803
vt 0.50904 0.188099
vt 0.541938 0.220285
vt 0.507074 0.222822
vt 0.541938 0.220285
vt 0.573851 0.187175
vt 0.576068 0.218607
vt 0.573851 0.187175
vt 0.541938 0.220285
vt 0.541708 0.187803
vt 0.541938 0.220285
vt 0.539944 0.26147
vt 0.50323 0.260836
vt 0.541938 0.220285
vt 0.50323 0.260836
vt 0.507074 0.222822
vt 0.541938 0.220285
vt 0.576068 0.218607
vt 0.576378 0.251026
vt 0.539944 0.26147
vt 0.541938 0.220285
vt 0.576378 0.251026
vt 0.430724 0.263074
vt 0.414254 0.290407
vt 0.408666 0.264261
vt 0.430724 0.263074
vt 0.438646 0.293124
vt 0.414254 0.290407
vt 0.430724 0.263074
vt 0.42247 0.229574
vt 0.439722 0.226951
vt 0.42247 0.229574
vt 0.430724 0.263074
vt 0.408666 0.264261
vt 0.467274 0.225221
vt 0.430724 0.263074
vt 0.439722 0.226951
vt 0.430724 0.263074
vt 0.467274 0.225221
vt 0.462496 0.264847
vt 0.446232 0.19182
vt 0.467274 0.225221
vt 0.439722 0.226951
vt 0.467274 0.225221
vt 0.446232 0.19182
vt 0.474114 0.187824
vt 0.50904 0.188099
vt 0.467274 0.225221
vt 0.474114 0.187824
vt 0.467274 0.225221
vt 0.50904 0.188099
vt 0.507074 0.222822
vt 0.50323 0.260836
vt 0.467274 0.225221
vt 0.507074 0.222822
vt 0.462496 0.264847
vt 0.467274 0.225221
vt 0.50323 0.260836
vt 0.346276 0.208894
vt 0.375322 0.241478
vt 0.344482 0.242027
vt 0.374829 0.207591
vt 0.375322 0.241478
vt 0.346276 0.208894
vt 0.375322 0.241478
vt 0.347525 0.274467
vt 0.344482 0.242027
vt 0.347525 0.274467
vt 0.375322 0.241478
vt 0.372198 0.271609
vt 0.375322 0.241478
vt 0.374829 0.207591
vt 0.401526 0.204543
vt 0.401851 0.23147
vt 0.375322 0.241478
vt 0.401526 0.204543
vt 0.375322 0.241478
vt 0.401851 0.23147
vt 0.392767 0.261495
vt 0.372198 0.271609
vt 0.375322 0.241478
vt 0.392767 0.261495
vt 0.395656 0.151316
vt 0.375055 0.17727
vt 0.367086 0.143174
vt 0.395656 0.151316
vt 0.400462 0.178559
vt 0.375055 0.17727
vt 0.362882 0.11413
vt 0.395656 0.151316
vt 0.367086 0.143174
vt 0.395656 0.151316
vt 0.362882 0.11413
vt 0.380993 0.123578
vt 0.400462 0.178559
vt 0.395656 0.151316
vt 0.431181 0.179331
vt 0.395656 0.151316
vt 0.430888 0.154738
vt 0.431181 0.179331
vt 0.426936 0.121823
vt 0.395656 0.151316
vt 0.380993 0.123578
vt 0.430888 0.154738
vt 0.395656 0.151316
vt 0.426936 0.121823
vt 0.54095 0.912202
vt 0.565442 0.920235
vt 0.553109 0.921419
vt 0.565442 0.920235
vt 0.578253 0.935315
vt 0.553109 0.921419
vt 0.531921 0.897536
vt 0.565442 0.920235
vt 0.54095 0.912202
vt 0.565442 0.920235
vt 0.531921 0.897536
vt 0.561677 0.887546
vt 0.565442 0.920235
vt 0.610479 0.957495
vt 0.578253 0.935315
vt 0.565442 0.920235
vt 0.592109 0.926691
vt 0.610479 0.957495
vt 0.617735 0.873872
vt 0.565442 0.920235
vt 0.561677 0.887546
vt 0.592109 0.926691
vt 0.565442 0.920235
vt 0.617735 0.873872
vt 0.781816 0.587661
vt 0.794303 0.606994
vt 0.769933 0.609543
vt 0.794303 0.606994
vt 0.781816 0.587661
vt 0.802115 0.580162
vt 0.807995 0.557003
vt 0.781816 0.587661
vt 0.782913 0.556662
vt 0.781816 0.587661
vt 0.807995 0.557003
vt 0.802115 0.580162
vt 0.840831 0.682746
vt 0.892139 0.727711
vt 0.838464 0.72468
vt 0.892139 0.727711
vt 0.840831 0.682746
vt 0.899599 0.684046
vt 0.939138 0.684607
vt 0.892139 0.727711
vt 0.899599 0.684046
vt 0.935111 0.729274
vt 0.892139 0.727711
vt 0.939138 0.684607
vt 0.735118 0.84208
vt 0.759552 0.853853
vt 0.78323 0.8855
vt 0.752721 0.878965
vt 0.735118 0.84208
vt 0.78323 0.8855
vt 0.735118 0.84208
vt 0.752721 0.878965
vt 0.714452 0.870725
vt 0.713347 0.842272
vt 0.735118 0.84208
vt 0.714452 0.870725
vt 0.735118 0.84208
vt 0.734825 0.813117
vt 0.765286 0.817033
vt 0.759552 0.853853
vt 0.735118 0.84208
vt 0.765286 0.817033
vt 0.704356 0.822805
vt 0.735118 0.84208
vt 0.713347 0.842272
vt 0.734825 0.813117
vt 0.735118 0.84208
vt 0.704356 0.822805
vt 0.866026 0.972289
vt 0.860293 0.921711
vt 0.885096 0.973776
vt 0.885096 0.973776
vt 0.860293 0.921711
vt 0.892665 0.927719
vt 0.860293 0.921711
vt 0.903017 0.912889
vt 0.892665 0.927719
vt 0.903017 0.912889
vt 0.860293 0.921711
vt 0.860359 0.902675
vt 0.860293 0.921711
vt 0.829774 0.894543
vt 0.860359 0.902675
vt 0.860293 0.921711
vt 0.84544 0.926425
vt 0.829774 0.894543
vt 0.860293 0.921711
vt 0.852357 0.970312
vt 0.84544 0.926425
vt 0.852357 0.970312
vt 0.860293 0.921711
vt 0.866026 0.972289
vt 0.852357 0.970312
vt 0.836459 0.987244
vt 0.843094 0.965152
vt 0.852357 0.970312
vt 0.837122 0.984578
vt 0.836459 0.987244
vt 0.837122 0.984578
vt 0.852357 0.970312
vt 0.856473 0.991036
vt 0.852357 0.970312
vt 0.866026 0.972289
vt 0.856473 0.991036
vt 0.83422 0.933233
vt 0.852357 0.970312
vt 0.843094 0.965152
vt 0.84544 0.926425
vt 0.852357 0.970312
vt 0.83422 0.933233
vt 0.539944 0.26147
vt 0.573194 0.287474
vt 0.536985 0.296844
vt 0.573194 0.287474
vt 0.539944 0.26147
vt 0.576378 0.251026
vt 0.607323 0.248999
vt 0.573194 0.287474
vt 0.576378 0.251026
vt 0.604361 0.283814
vt 0.573194 0.287474
vt 0.607323 0.248999
vt 0.897604 0.459533
vt 0.882314 0.427372
vt 0.900222 0.425517
vt 0.882355 0.461698
vt 0.882314 0.427372
vt 0.897604 0.459533
vt 0.882314 0.427372
vt 0.886577 0.398094
vt 0.900222 0.425517
vt 0.882314 0.427372
vt 0.87142 0.394741
vt 0.886577 0.398094
vt 0.783721 0.52239
vt 0.818537 0.485796
vt 0.816105 0.521032
vt 0.818537 0.485796
vt 0.783721 0.52239
vt 0.778297 0.492776
vt 0.818537 0.485796
vt 0.824788 0.451358
vt 0.854953 0.453505
vt 0.855312 0.48652
vt 0.818537 0.485796
vt 0.854953 0.453505
vt 0.818537 0.485796
vt 0.844716 0.518978
vt 0.816105 0.521032
vt 0.818537 0.485796
vt 0.855312 0.48652
vt 0.844716 0.518978
vt 0.712179 0.654276
vt 0.687654 0.620381
vt 0.720406 0.618431
vt 0.687654 0.620381
vt 0.712179 0.654276
vt 0.681679 0.658008
vt 0.682138 0.549304
vt 0.642718 0.513054
vt 0.680965 0.512337
vt 0.642718 0.513054
vt 0.682138 0.549304
vt 0.64078 0.547472
vt 0.566871 0.450011
vt 0.599452 0.47954
vt 0.56262 0.47834
vt 0.603638 0.448472
vt 0.599452 0.47954
vt 0.566871 0.450011
vt 0.572356 0.35957
vt 0.603074 0.384852
vt 0.568328 0.388256
vt 0.604404 0.35438
vt 0.603074 0.384852
vt 0.572356 0.35957
vt 0.818537 0.485796
vt 0.779373 0.454245
vt 0.824788 0.451358
vt 0.779373 0.454245
vt 0.818537 0.485796
vt 0.778297 0.492776
vt 0.742338 0.41481
vt 0.779373 0.454245
vt 0.739705 0.452941
vt 0.779373 0.454245
vt 0.742338 0.41481
vt 0.781222 0.416587
vt 0.717418 0.514664
vt 0.682138 0.549304
vt 0.680965 0.512337
vt 0.682138 0.549304
vt 0.717418 0.514664
vt 0.724128 0.5545
vt 0.752039 0.556203
vt 0.717418 0.514664
vt 0.748442 0.515901
vt 0.717418 0.514664
vt 0.752039 0.556203
vt 0.724128 0.5545
vt 0.779373 0.454245
vt 0.741007 0.485442
vt 0.739705 0.452941
vt 0.741007 0.485442
vt 0.779373 0.454245
vt 0.778297 0.492776
vt 0.717418 0.514664
vt 0.741007 0.485442
vt 0.748442 0.515901
vt 0.741007 0.485442
vt 0.717418 0.514664
vt 0.71306 0.483342
vt 0.748442 0.515901
vt 0.741007 0.485442
vt 0.783721 0.52239
vt 0.783721 0.52239
vt 0.741007 0.485442
vt 0.778297 0.492776
vt 0.739705 0.452941
vt 0.741007 0.485442
vt 0.709338 0.453669
vt 0.741007 0.485442
vt 0.71306 0.483342
vt 0.709338 0.453669
vt 0.80493 0.658218
vt 0.774925 0.692868
vt 0.770064 0.669203
vt 0.774925 0.692868
vt 0.80493 0.658218
vt 0.80371 0.68929
vt 0.780399 0.63383
vt 0.80493 0.658218
vt 0.770064 0.669203
vt 0.80493 0.658218
vt 0.780399 0.63383
vt 0.81678 0.627647
vt 0.862916 0.886246
vt 0.81721 0.848276
vt 0.865158 0.856534
vt 0.81721 0.848276
vt 0.862916 0.886246
vt 0.824613 0.863953
vt 0.81721 0.848276
vt 0.824613 0.863953
vt 0.785894 0.858117
vt 0.784815 0.831984
vt 0.81721 0.848276
vt 0.785894 0.858117
vt 0.676125 0.69367
vt 0.64429 0.692705
vt 0.642888 0.658928
vt 0.681679 0.658008
vt 0.676125 0.69367
vt 0.642888 0.658928
vt 0.645652 0.725567
vt 0.676125 0.69367
vt 0.676739 0.721292
vt 0.676125 0.69367
vt 0.645652 0.725567
vt 0.64429 0.692705
vt 0.712179 0.654276
vt 0.676125 0.69367
vt 0.681679 0.658008
vt 0.704511 0.685164
vt 0.676125 0.69367
vt 0.712179 0.654276
vt 0.676125 0.69367
vt 0.701617 0.721555
vt 0.676739 0.721292
vt 0.676125 0.69367
vt 0.704511 0.685164
vt 0.701617 0.721555
vt 0.516628 0.603267
vt 0.568276 0.649525
vt 0.5181 0.645632
vt 0.568276 0.649525
vt 0.516628 0.603267
vt 0.559421 0.609925
vt 0.516628 0.603267
vt 0.5181 0.645632
vt 0.486707 0.640588
vt 0.479377 0.612172
vt 0.516628 0.603267
vt 0.486707 0.640588
vt 0.487444 0.579743
vt 0.516628 0.603267
vt 0.479377 0.612172
vt 0.522235 0.56963
vt 0.516628 0.603267
vt 0.487444 0.579743
vt 0.559421 0.609925
vt 0.516628 0.603267
vt 0.555242 0.580709
vt 0.516628 0.603267
vt 0.522235 0.56963
vt 0.555242 0.580709
vt 0.0105239 0.919517
vt 0.0662684 0.965517
vt 0.016951 0.953564
vt 0.0662684 0.965517
vt 0.0620355 0.967692
vt 0.016951 0.953564
vt 0.0662684 0.965517
vt 0.0105239 0.919517
vt 0.043637 0.871267
vt 0.065967 0.905788
vt 0.0662684 0.965517
vt 0.043637 0.871267
vt 0.0620355 0.967692
vt 0.0662684 0.965517
vt 0.0953945 0.960174
vt 0.0662684 0.965517
vt 0.109804 0.929821
vt 0.0953945 0.960174
vt 0.0662684 0.965517
vt 0.065967 0.905788
vt 0.102496 0.92093
vt 0.109804 0.929821
vt 0.0662684 0.965517
vt 0.102496 0.92093
vt 0.1583 0.920344
vt 0.177848 0.975675
vt 0.151008 0.965057
vt 0.1583 0.920344
vt 0.183529 0.929945
vt 0.177848 0.975675
vt 0.305667 0.748576
vt 0.316618 0.757469
vt 0.295567 0.753509
vt 0.305667 0.748576
vt 0.295567 0.753509
vt 0.288456 0.743084
vt 0.280699 0.728891
vt 0.305667 0.748576
vt 0.288456 0.743084
vt 0.305667 0.748576
vt 0.280699 0.728891
vt 0.295612 0.734134
vt 0.316618 0.757469
vt 0.305667 0.748576
vt 0.350374 0.768773
vt 0.305667 0.748576
vt 0.331661 0.759147
vt 0.350374 0.768773
vt 0.305667 0.748576
vt 0.320263 0.727268
vt 0.331661 0.759147
vt 0.320263 0.727268
vt 0.305667 0.748576
vt 0.295612 0.734134
vt 0.320263 0.727268
vt 0.310311 0.700606
vt 0.354168 0.67304
vt 0.310311 0.700606
vt 0.320263 0.727268
vt 0.295612 0.734134
vt 0.362354 0.7693
vt 0.320263 0.727268
vt 0.370821 0.712376
vt 0.331661 0.759147
vt 0.320263 0.727268
vt 0.362354 0.7693
vt 0.291636 0.847858
vt 0.257442 0.85182
vt 0.259349 0.823085
vt 0.293925 0.806303
vt 0.291636 0.847858
vt 0.259349 0.823085
vt 0.291636 0.847858
vt 0.29781 0.90012
vt 0.265174 0.897041
vt 0.257442 0.85182
vt 0.291636 0.847858
vt 0.265174 0.897041
vt 0.29781 0.90012
vt 0.291636 0.847858
vt 0.330842 0.891125
vt 0.291636 0.847858
vt 0.331243 0.844632
vt 0.330842 0.891125
vt 0.291636 0.847858
vt 0.327553 0.807209
vt 0.331243 0.844632
vt 0.327553 0.807209
vt 0.291636 0.847858
vt 0.293925 0.806303
vt 0.359623 0.799039
vt 0.327553 0.807209
vt 0.353104 0.783492
vt 0.353104 0.783492
vt 0.327553 0.807209
vt 0.328261 0.777955
vt 0.327553 0.807209
vt 0.295928 0.7821
vt 0.328261 0.777955
vt 0.327553 0.807209
vt 0.293925 0.806303
vt 0.295928 0.7821
vt 0.327553 0.807209
vt 0.359623 0.799039
vt 0.361475 0.840453
vt 0.331243 0.844632
vt 0.327553 0.807209
vt 0.361475 0.840453
vt 0.0375283 0.704121
vt 0.00931102 0.669881
vt 0.027055 0.672546
vt 0.0375283 0.704121
vt 0.0134595 0.697742
vt 0.00931102 0.669881
vt 0.197776 0.706205
vt 0.151411 0.7301
vt 0.163538 0.708843
vt 0.151411 0.7301
vt 0.197776 0.706205
vt 0.197604 0.734085
vt 0.123619 0.848635
vt 0.157674 0.86972
vt 0.131186 0.871269
vt 0.131186 0.871269
vt 0.157674 0.86972
vt 0.16247 0.87628
vt 0.157674 0.86972
vt 0.205527 0.871694
vt 0.194816 0.875795
vt 0.16247 0.87628
vt 0.157674 0.86972
vt 0.194816 0.875795
vt 0.403979 0.655934
vt 0.320263 0.727268
vt 0.354168 0.67304
vt 0.320263 0.727268
vt 0.403979 0.655934
vt 0.370821 0.712376
vt 0.370821 0.712376
vt 0.403979 0.655934
vt 0.437875 0.696839
vt 0.403979 0.655934
vt 0.445182 0.654326
vt 0.437875 0.696839
vt 0.250137 0.675863
vt 0.279791 0.714762
vt 0.256148 0.714175
vt 0.279791 0.714762
vt 0.250137 0.675863
vt 0.28167 0.66418
vt 0.279791 0.714762
vt 0.310311 0.700606
vt 0.295612 0.734134
vt 0.280699 0.728891
vt 0.279791 0.714762
vt 0.295612 0.734134
vt 0.310311 0.700606
vt 0.279791 0.714762
vt 0.325435 0.636899
vt 0.325435 0.636899
vt 0.279791 0.714762
vt 0.28167 0.66418
vt 0.498688 0.540909
vt 0.491837 0.527776
vt 0.512281 0.51166
vt 0.478038 0.552783
vt 0.491837 0.527776
vt 0.498688 0.540909
vt 0.491837 0.527776
vt 0.512505 0.486768
vt 0.512281 0.51166
vt 0.491837 0.527776
vt 0.497882 0.495445
vt 0.512505 0.486768
vt 0.491837 0.527776
vt 0.478038 0.552783
vt 0.447881 0.553291
vt 0.458319 0.532837
vt 0.491837 0.527776
vt 0.447881 0.553291
vt 0.497882 0.495445
vt 0.491837 0.527776
vt 0.451371 0.504919
vt 0.491837 0.527776
vt 0.458319 0.532837
vt 0.451371 0.504919
vt 0.184829 0.669529
vt 0.15742 0.602628
vt 0.171938 0.60235
vt 0.15742 0.602628
vt 0.184829 0.669529
vt 0.152955 0.658463
vt 0.133332 0.599057
vt 0.15742 0.602628
vt 0.122331 0.654418
vt 0.122331 0.654418
vt 0.15742 0.602628
vt 0.152955 0.658463
vt 0.318443 0.431851
vt 0.350238 0.393756
vt 0.341485 0.42809
vt 0.350238 0.393756
vt 0.318443 0.431851
vt 0.315887 0.394488
vt 0.318443 0.431851
vt 0.341485 0.42809
vt 0.345833 0.466146
vt 0.315951 0.473333
vt 0.318443 0.431851
vt 0.345833 0.466146
vt 0.318443 0.431851
vt 0.315951 0.473333
vt 0.275833 0.475783
vt 0.263952 0.427561
vt 0.318443 0.431851
vt 0.275833 0.475783
vt 0.318443 0.431851
vt 0.257721 0.385724
vt 0.315887 0.394488
vt 0.318443 0.431851
vt 0.263952 0.427561
vt 0.257721 0.385724
vt 0.0665286 0.233975
vt 0.0218105 0.234779
vt 0.0272768 0.204241
vt 0.0588886 0.194025
vt 0.0665286 0.233975
vt 0.0272768 0.204241
vt 0.0665286 0.233975
vt 0.0588886 0.194025
vt 0.104402 0.2008
vt 0.105614 0.232118
vt 0.0665286 0.233975
vt 0.104402 0.2008
vt 0.112114 0.329314
vt 0.137146 0.359765
vt 0.109559 0.365801
vt 0.137146 0.359765
vt 0.112114 0.329314
vt 0.128321 0.316309
vt 0.446867 0.32217
vt 0.472768 0.364904
vt 0.45019 0.358646
vt 0.472768 0.364904
vt 0.446867 0.32217
vt 0.469482 0.32898
vt 0.452367 0.399056
vt 0.472768 0.364904
vt 0.472983 0.401804
vt 0.472768 0.364904
vt 0.452367 0.399056
vt 0.45019 0.358646
vt 0.472983 0.401804
vt 0.472768 0.364904
vt 0.507479 0.392396
vt 0.472768 0.364904
vt 0.50072 0.364334
vt 0.507479 0.392396
vt 0.472768 0.364904
vt 0.498174 0.333627
vt 0.50072 0.364334
vt 0.498174 0.333627
vt 0.472768 0.364904
vt 0.469482 0.32898
vt 0.50072 0.364334
vt 0.498174 0.333627
vt 0.533301 0.360867
vt 0.498174 0.333627
vt 0.532791 0.33061
vt 0.533301 0.360867
vt 0.498174 0.333627
vt 0.502366 0.297818
vt 0.536985 0.296844
vt 0.532791 0.33061
vt 0.498174 0.333627
vt 0.536985 0.296844
vt 0.446867 0.32217
vt 0.467278 0.296255
vt 0.469482 0.32898
vt 0.467278 0.296255
vt 0.446867 0.32217
vt 0.438646 0.293124
vt 0.467278 0.296255
vt 0.430724 0.263074
vt 0.462496 0.264847
vt 0.430724 0.263074
vt 0.467278 0.296255
vt 0.438646 0.293124
vt 0.498174 0.333627
vt 0.467278 0.296255
vt 0.502366 0.297818
vt 0.467278 0.296255
vt 0.498174 0.333627
vt 0.469482 0.32898
vt 0.502366 0.297818
vt 0.467278 0.296255
vt 0.50323 0.260836
vt 0.467278 0.296255
vt 0.462496 0.264847
vt 0.50323 0.260836
vt 0.86268 0.0607232
vt 0.897649 0.0225481
vt 0.89497 0.0507173
vt 0.897649 0.0225481
vt 0.86268 0.0607232
vt 0.877411 0.036537
vt 0.874862 0.133703
vt 0.898672 0.157025
vt 0.867652 0.159574
vt 0.898672 0.157025
vt 0.874862 0.133703
vt 0.917488 0.131134
vt 0.964006 0.10715
vt 0.898672 0.157025
vt 0.917488 0.131134
vt 0.945754 0.14202
vt 0.898672 0.157025
vt 0.964006 0.10715
vt 0.740959 0.047402
vt 0.737147 0.0147516
vt 0.775453 0.015736
vt 0.780494 0.0492687
vt 0.740959 0.047402
vt 0.775453 0.015736
vt 0.740959 0.047402
vt 0.785684 0.091519
vt 0.746161 0.0902219
vt 0.785684 0.091519
vt 0.740959 0.047402
vt 0.780494 0.0492687
vt 0.737147 0.0147516
vt 0.740959 0.047402
vt 0.704749 0.0156175
vt 0.740959 0.047402
vt 0.702678 0.0459472
vt 0.704749 0.0156175
vt 0.711578 0.0889072
vt 0.740959 0.047402
vt 0.746161 0.0902219
vt 0.702678 0.0459472
vt 0.740959 0.047402
vt 0.711578 0.0889072
vt 0.864579 0.562645
vt 0.82481 0.570742
vt 0.862255 0.546529
vt 0.82481 0.570742
vt 0.832675 0.542184
vt 0.862255 0.546529
vt 0.832675 0.542184
vt 0.82481 0.570742
vt 0.807995 0.557003
vt 0.807995 0.557003
vt 0.82481 0.570742
vt 0.802115 0.580162
vt 0.82481 0.570742
vt 0.794303 0.606994
vt 0.802115 0.580162
vt 0.82481 0.570742
vt 0.818176 0.604321
vt 0.794303 0.606994
vt 0.82481 0.570742
vt 0.85543 0.5892
vt 0.818176 0.604321
vt 0.85543 0.5892
vt 0.82481 0.570742
vt 0.864579 0.562645
vt 0.818176 0.604321
vt 0.85543 0.5892
vt 0.81678 0.627647
vt 0.85543 0.5892
vt 0.846396 0.615627
vt 0.81678 0.627647
vt 0.85543 0.5892
vt 0.913128 0.579416
vt 0.903726 0.615867
vt 0.846396 0.615627
vt 0.85543 0.5892
vt 0.903726 0.615867
vt 0.900226 0.562245
vt 0.85543 0.5892
vt 0.864579 0.562645
vt 0.913128 0.579416
vt 0.85543 0.5892
vt 0.900226 0.562245
vt 0.940924 0.365356
vt 0.906939 0.372617
vt 0.914512 0.325215
vt 0.940924 0.365356
vt 0.914512 0.325215
vt 0.950356 0.32293
vt 0.997406 0.316323
vt 0.940924 0.365356
vt 0.950356 0.32293
vt 0.993661 0.364325
vt 0.940924 0.365356
vt 0.997406 0.316323
vt 0.906939 0.372617
vt 0.940924 0.365356
vt 0.90654 0.407655
vt 0.940924 0.365356
vt 0.939052 0.419187
vt 0.90654 0.407655
vt 0.940924 0.365356
vt 0.993661 0.364325
vt 0.982813 0.42195
vt 0.939052 0.419187
vt 0.940924 0.365356
vt 0.982813 0.42195
vt 0.939052 0.419187
vt 0.983465 0.453807
vt 0.947032 0.449739
vt 0.983465 0.453807
vt 0.939052 0.419187
vt 0.982813 0.42195
vt 0.947032 0.449739
vt 0.983465 0.453807
vt 0.966838 0.475166
vt 0.983465 0.453807
vt 0.988428 0.483175
vt 0.966838 0.475166
vt 0.816613 0.291553
vt 0.818902 0.3236
vt 0.783764 0.326168
vt 0.816613 0.291553
vt 0.783764 0.326168
vt 0.784912 0.289834
vt 0.811886 0.256513
vt 0.816613 0.291553
vt 0.785678 0.256018
vt 0.785678 0.256018
vt 0.816613 0.291553
vt 0.784912 0.289834
vt 0.816613 0.291553
vt 0.811886 0.256513
vt 0.828938 0.25824
vt 0.837374 0.288939
vt 0.816613 0.291553
vt 0.828938 0.25824
vt 0.84391 0.317887
vt 0.816613 0.291553
vt 0.837374 0.288939
vt 0.816613 0.291553
vt 0.84391 0.317887
vt 0.818902 0.3236
vt 0.863732 0.354584
vt 0.84391 0.317887
vt 0.866956 0.319352
vt 0.84391 0.317887
vt 0.863732 0.354584
vt 0.851511 0.354639
vt 0.820465 0.357136
vt 0.84391 0.317887
vt 0.851511 0.354639
vt 0.818902 0.3236
vt 0.84391 0.317887
vt 0.820465 0.357136
vt 0.84391 0.317887
vt 0.864067 0.290816
vt 0.866956 0.319352
vt 0.84391 0.317887
vt 0.837374 0.288939
vt 0.864067 0.290816
vt 0.315214 0.326388
vt 0.346592 0.300133
vt 0.343198 0.331952
vt 0.303156 0.296918
vt 0.346592 0.300133
vt 0.315214 0.326388
vt 0.347525 0.274467
vt 0.346592 0.300133
vt 0.310987 0.267495
vt 0.346592 0.300133
vt 0.303156 0.296918
vt 0.310987 0.267495
vt 0.346592 0.300133
vt 0.359455 0.322351
vt 0.343198 0.331952
vt 0.346592 0.300133
vt 0.365103 0.289349
vt 0.359455 0.322351
vt 0.346592 0.300133
vt 0.347525 0.274467
vt 0.372198 0.271609
vt 0.365103 0.289349
vt 0.346592 0.300133
vt 0.372198 0.271609
vt 0.752039 0.556203
vt 0.755165 0.587484
vt 0.724128 0.5545
vt 0.755165 0.587484
vt 0.724993 0.585596
vt 0.724128 0.5545
vt 0.755165 0.587484
vt 0.745275 0.614135
vt 0.720406 0.618431
vt 0.724993 0.585596
vt 0.755165 0.587484
vt 0.720406 0.618431
vt 0.755165 0.587484
vt 0.752039 0.556203
vt 0.782913 0.556662
vt 0.781816 0.587661
vt 0.755165 0.587484
vt 0.782913 0.556662
vt 0.745275 0.614135
vt 0.755165 0.587484
vt 0.769933 0.609543
vt 0.755165 0.587484
vt 0.781816 0.587661
vt 0.769933 0.609543
vt 0.899146 0.786249
vt 0.935111 0.729274
vt 0.943566 0.789441
vt 0.899146 0.786249
vt 0.892139 0.727711
vt 0.935111 0.729274
vt 0.569486 0.329456
vt 0.572356 0.35957
vt 0.533301 0.360867
vt 0.532791 0.33061
vt 0.569486 0.329456
vt 0.533301 0.360867
vt 0.573194 0.287474
vt 0.569486 0.329456
vt 0.536985 0.296844
vt 0.569486 0.329456
vt 0.532791 0.33061
vt 0.536985 0.296844
vt 0.87142 0.394741
vt 0.852818 0.386218
vt 0.863732 0.354584
vt 0.863732 0.354584
vt 0.852818 0.386218
vt 0.851511 0.354639
vt 0.683683 0.584482
vt 0.640658 0.583016
vt 0.64078 0.547472
vt 0.682138 0.549304
vt 0.683683 0.584482
vt 0.64078 0.547472
vt 0.724993 0.585596
vt 0.683683 0.584482
vt 0.724128 0.5545
vt 0.683683 0.584482
vt 0.682138 0.549304
vt 0.724128 0.5545
vt 0.687654 0.620381
vt 0.683683 0.584482
vt 0.720406 0.618431
vt 0.683683 0.584482
vt 0.724993 0.585596
vt 0.720406 0.618431
vt 0.642345 0.620782
vt 0.683683 0.584482
vt 0.687654 0.620381
vt 0.683683 0.584482
vt 0.642345 0.620782
vt 0.640658 0.583016
vt 0.605573 0.651267
vt 0.642345 0.620782
vt 0.642888 0.658928
vt 0.642345 0.620782
vt 0.605573 0.651267
vt 0.598192 0.618645
vt 0.597005 0.583985
vt 0.642345 0.620782
vt 0.598192 0.618645
vt 0.640658 0.583016
vt 0.642345 0.620782
vt 0.597005 0.583985
vt 0.642345 0.620782
vt 0.687654 0.620381
vt 0.681679 0.658008
vt 0.642345 0.620782
vt 0.681679 0.658008
vt 0.642888 0.658928
vt 0.594544 0.547193
vt 0.597632 0.51023
vt 0.64078 0.547472
vt 0.597632 0.51023
vt 0.642718 0.513054
vt 0.64078 0.547472
vt 0.553262 0.544117
vt 0.597632 0.51023
vt 0.594544 0.547193
vt 0.553615 0.509464
vt 0.597632 0.51023
vt 0.553262 0.544117
vt 0.642718 0.513054
vt 0.597632 0.51023
vt 0.64195 0.484864
vt 0.597632 0.51023
vt 0.599452 0.47954
vt 0.64195 0.484864
vt 0.597632 0.51023
vt 0.553615 0.509464
vt 0.56262 0.47834
vt 0.599452 0.47954
vt 0.597632 0.51023
vt 0.56262 0.47834
vt 0.639894 0.382551
vt 0.603074 0.384852
vt 0.604404 0.35438
vt 0.639894 0.382551
vt 0.604404 0.35438
vt 0.640963 0.353143
vt 0.603952 0.418047
vt 0.566871 0.450011
vt 0.567986 0.419872
vt 0.603952 0.418047
vt 0.603638 0.448472
vt 0.566871 0.450011
vt 0.603952 0.418047
vt 0.639894 0.382551
vt 0.639512 0.418239
vt 0.639894 0.382551
vt 0.603952 0.418047
vt 0.603074 0.384852
vt 0.603952 0.418047
vt 0.567986 0.419872
vt 0.568328 0.388256
vt 0.603074 0.384852
vt 0.603952 0.418047
vt 0.568328 0.388256
vt 0.639928 0.454334
vt 0.603952 0.418047
vt 0.639512 0.418239
vt 0.603952 0.418047
vt 0.639928 0.454334
vt 0.603638 0.448472
vt 0.639928 0.454334
vt 0.599452 0.47954
vt 0.603638 0.448472
vt 0.599452 0.47954
vt 0.639928 0.454334
vt 0.64195 0.484864
vt 0.717418 0.514664
vt 0.678509 0.486102
vt 0.71306 0.483342
vt 0.678509 0.486102
vt 0.717418 0.514664
vt 0.680965 0.512337
vt 0.639928 0.454334
vt 0.678509 0.486102
vt 0.64195 0.484864
vt 0.678509 0.486102
vt 0.639928 0.454334
vt 0.67485 0.454494
vt 0.642718 0.513054
vt 0.678509 0.486102
vt 0.680965 0.512337
vt 0.678509 0.486102
vt 0.642718 0.513054
vt 0.64195 0.484864
vt 0.678509 0.486102
vt 0.67485 0.454494
vt 0.709338 0.453669
vt 0.71306 0.483342
vt 0.678509 0.486102
vt 0.709338 0.453669
vt 0.744082 0.380288
vt 0.743143 0.351392
vt 0.780982 0.354161
vt 0.779668 0.382171
vt 0.744082 0.380288
vt 0.780982 0.354161
vt 0.742338 0.41481
vt 0.744082 0.380288
vt 0.781222 0.416587
vt 0.744082 0.380288
vt 0.779668 0.382171
vt 0.781222 0.416587
vt 0.738915 0.766409
vt 0.750831 0.797915
vt 0.730357 0.79053
vt 0.720224 0.771655
vt 0.738915 0.766409
vt 0.730357 0.79053
vt 0.750831 0.797915
vt 0.763559 0.808443
vt 0.765286 0.817033
vt 0.763559 0.808443
vt 0.784815 0.831984
vt 0.765286 0.817033
vt 0.763559 0.808443
vt 0.738915 0.766409
vt 0.764359 0.76946
vt 0.738915 0.766409
vt 0.763559 0.808443
vt 0.750831 0.797915
vt 0.843044 0.655178
vt 0.906771 0.655283
vt 0.899599 0.684046
vt 0.840831 0.682746
vt 0.843044 0.655178
vt 0.899599 0.684046
vt 0.906771 0.655283
vt 0.843044 0.655178
vt 0.903726 0.615867
vt 0.843044 0.655178
vt 0.846396 0.615627
vt 0.903726 0.615867
vt 0.843044 0.655178
vt 0.840831 0.682746
vt 0.80371 0.68929
vt 0.80493 0.658218
vt 0.843044 0.655178
vt 0.80371 0.68929
vt 0.846396 0.615627
vt 0.843044 0.655178
vt 0.81678 0.627647
vt 0.843044 0.655178
vt 0.80493 0.658218
vt 0.81678 0.627647
vt 0.0866286 0.873828
vt 0.136133 0.910859
vt 0.102496 0.92093
vt 0.131186 0.871269
vt 0.136133 0.910859
vt 0.0866286 0.873828
vt 0.279791 0.714762
vt 0.261207 0.727859
vt 0.256148 0.714175
vt 0.261207 0.727859
vt 0.279791 0.714762
vt 0.280699 0.728891
vt 0.157674 0.86972
vt 0.198401 0.83582
vt 0.205527 0.871694
vt 0.198401 0.83582
vt 0.157674 0.86972
vt 0.150223 0.839637
vt 0.0460833 0.694882
vt 0.0573229 0.721151
vt 0.027055 0.672546
vt 0.0573229 0.721151
vt 0.0375283 0.704121
vt 0.027055 0.672546
vt 0.0365448 0.739588
vt 0.0105773 0.763502
vt 0.0125246 0.731781
vt 0.0365448 0.739588
vt 0.0301374 0.774074
vt 0.0105773 0.763502
vt 0.0134595 0.697742
vt 0.0365448 0.739588
vt 0.0125246 0.731781
vt 0.0375283 0.704121
vt 0.0365448 0.739588
vt 0.0134595 0.697742
vt 0.184829 0.669529
vt 0.189205 0.700223
vt 0.152955 0.658463
vt 0.189205 0.700223
vt 0.169616 0.695452
vt 0.152955 0.658463
vt 0.218316 0.697608
vt 0.189205 0.700223
vt 0.217656 0.675484
vt 0.189205 0.700223
vt 0.184829 0.669529
vt 0.217656 0.675484
vt 0.169616 0.695452
vt 0.189205 0.700223
vt 0.163538 0.708843
vt 0.189205 0.700223
vt 0.197776 0.706205
vt 0.163538 0.708843
vt 0.0565034 0.846117
vt 0.0934823 0.807281
vt 0.104268 0.839389
vt 0.0517878 0.808119
vt 0.0934823 0.807281
vt 0.0565034 0.846117
vt 0.0934823 0.807281
vt 0.0517878 0.808119
vt 0.0600738 0.767167
vt 0.0994087 0.76829
vt 0.0934823 0.807281
vt 0.0600738 0.767167
vt 0.407467 0.625513
vt 0.37626 0.593149
vt 0.404398 0.596352
vt 0.37626 0.593149
vt 0.407467 0.625513
vt 0.366607 0.617623
vt 0.407467 0.625513
vt 0.404398 0.596352
vt 0.423593 0.615797
vt 0.434638 0.635136
vt 0.407467 0.625513
vt 0.423593 0.615797
vt 0.445182 0.654326
vt 0.407467 0.625513
vt 0.434638 0.635136
vt 0.403979 0.655934
vt 0.407467 0.625513
vt 0.445182 0.654326
vt 0.407467 0.625513
vt 0.354168 0.67304
vt 0.366607 0.617623
vt 0.407467 0.625513
vt 0.403979 0.655934
vt 0.354168 0.67304
vt 0.381499 0.56065
vt 0.380689 0.541432
vt 0.390289 0.546798
vt 0.381499 0.56065
vt 0.390289 0.546798
vt 0.395115 0.567156
vt 0.404398 0.596352
vt 0.381499 0.56065
vt 0.395115 0.567156
vt 0.37626 0.593149
vt 0.381499 0.56065
vt 0.404398 0.596352
vt 0.220441 0.6089
vt 0.250137 0.675863
vt 0.217656 0.675484
vt 0.250137 0.675863
vt 0.220441 0.6089
vt 0.26511 0.606167
vt 0.184829 0.669529
vt 0.220441 0.6089
vt 0.217656 0.675484
vt 0.220441 0.6089
vt 0.184829 0.669529
vt 0.171938 0.60235
vt 0.220441 0.6089
vt 0.26508 0.553172
vt 0.26511 0.606167
vt 0.220441 0.6089
vt 0.223452 0.545126
vt 0.26508 0.553172
vt 0.220441 0.6089
vt 0.171938 0.60235
vt 0.178808 0.552038
vt 0.223452 0.545126
vt 0.220441 0.6089
vt 0.178808 0.552038
vt 0.15742 0.602628
vt 0.157923 0.551153
vt 0.171938 0.60235
vt 0.171938 0.60235
vt 0.157923 0.551153
vt 0.178808 0.552038
vt 0.18821 0.523349
vt 0.157091 0.527567
vt 0.118185 0.508985
vt 0.163509 0.504952
vt 0.18821 0.523349
vt 0.118185 0.508985
vt 0.216767 0.503223
vt 0.15179 0.462871
vt 0.214789 0.470503
vt 0.216767 0.503223
vt 0.163509 0.504952
vt 0.15179 0.462871
vt 0.216767 0.503223
vt 0.275833 0.475783
vt 0.276594 0.501762
vt 0.275833 0.475783
vt 0.216767 0.503223
vt 0.214789 0.470503
vt 0.216767 0.503223
vt 0.18821 0.523349
vt 0.163509 0.504952
vt 0.18821 0.523349
vt 0.216767 0.503223
vt 0.221375 0.524024
vt 0.270384 0.518455
vt 0.216767 0.503223
vt 0.276594 0.501762
vt 0.221375 0.524024
vt 0.216767 0.503223
vt 0.270384 0.518455
vt 0.0635477 0.266598
vt 0.0258166 0.291076
vt 0.0207848 0.262041
vt 0.0635477 0.266598
vt 0.0652766 0.299725
vt 0.0258166 0.291076
vt 0.0218105 0.234779
vt 0.0635477 0.266598
vt 0.0207848 0.262041
vt 0.0665286 0.233975
vt 0.0635477 0.266598
vt 0.0218105 0.234779
vt 0.102411 0.343038
vt 0.0973485 0.35122
vt 0.0998102 0.329872
vt 0.0982418 0.317314
vt 0.102411 0.343038
vt 0.0998102 0.329872
vt 0.0941891 0.387864
vt 0.102411 0.343038
vt 0.102066 0.37759
vt 0.0973485 0.35122
vt 0.102411 0.343038
vt 0.0941891 0.387864
vt 0.102411 0.343038
vt 0.109559 0.365801
vt 0.102066 0.37759
vt 0.102411 0.343038
vt 0.112114 0.329314
vt 0.109559 0.365801
vt 0.102411 0.343038
vt 0.100012 0.306209
vt 0.112114 0.329314
vt 0.100012 0.306209
vt 0.102411 0.343038
vt 0.0982418 0.317314
vt 0.121289 0.275356
vt 0.100012 0.306209
vt 0.115316 0.272817
vt 0.100012 0.306209
vt 0.121289 0.275356
vt 0.129598 0.300284
vt 0.100012 0.306209
vt 0.107058 0.274373
vt 0.115316 0.272817
vt 0.100012 0.306209
vt 0.0982418 0.317314
vt 0.107058 0.274373
vt 0.128321 0.316309
vt 0.100012 0.306209
vt 0.129598 0.300284
vt 0.112114 0.329314
vt 0.100012 0.306209
vt 0.128321 0.316309
vt 0.816537 0.133343
vt 0.823987 0.0977299
vt 0.828736 0.131359
vt 0.823987 0.0977299
vt 0.816537 0.133343
vt 0.815259 0.0985792
vt 0.903822 0.193516
vt 0.875529 0.232006
vt 0.869222 0.182597
vt 0.903822 0.193516
vt 0.922004 0.232089
vt 0.875529 0.232006
vt 0.867652 0.159574
vt 0.903822 0.193516
vt 0.869222 0.182597
vt 0.898672 0.157025
vt 0.903822 0.193516
vt 0.867652 0.159574
vt 0.841386 0.776129
vt 0.797499 0.727097
vt 0.838464 0.72468
vt 0.797499 0.727097
vt 0.841386 0.776129
vt 0.788304 0.774381
vt 0.892139 0.727711
vt 0.841386 0.776129
vt 0.838464 0.72468
vt 0.899146 0.786249
vt 0.841386 0.776129
vt 0.892139 0.727711
vt 0.921314 0.830508
vt 0.951745 0.838532
vt 0.943276 0.872462
vt 0.912631 0.872439
vt 0.921314 0.830508
vt 0.943276 0.872462
vt 0.951745 0.838532
vt 0.921314 0.830508
vt 0.943566 0.789441
vt 0.921314 0.830508
vt 0.899146 0.786249
vt 0.943566 0.789441
vt 0.641588 0.321223
vt 0.605346 0.32187
vt 0.640073 0.28285
vt 0.605346 0.32187
vt 0.604361 0.283814
vt 0.640073 0.28285
vt 0.605346 0.32187
vt 0.641588 0.321223
vt 0.640963 0.353143
vt 0.604404 0.35438
vt 0.605346 0.32187
vt 0.640963 0.353143
vt 0.605346 0.32187
vt 0.573194 0.287474
vt 0.604361 0.283814
vt 0.605346 0.32187
vt 0.569486 0.329456
vt 0.573194 0.287474
vt 0.605346 0.32187
vt 0.604404 0.35438
vt 0.572356 0.35957
vt 0.569486 0.329456
vt 0.605346 0.32187
vt 0.572356 0.35957
vt 0.823082 0.417924
vt 0.779373 0.454245
vt 0.781222 0.416587
vt 0.779373 0.454245
vt 0.823082 0.417924
vt 0.824788 0.451358
vt 0.707192 0.379006
vt 0.709818 0.353666
vt 0.743143 0.351392
vt 0.744082 0.380288
vt 0.707192 0.379006
vt 0.743143 0.351392
vt 0.743567 0.734697
vt 0.726915 0.715497
vt 0.745005 0.706083
vt 0.726915 0.715497
vt 0.743567 0.734697
vt 0.71833 0.742749
vt 0.743567 0.734697
vt 0.720224 0.771655
vt 0.71833 0.742749
vt 0.743567 0.734697
vt 0.738915 0.766409
vt 0.720224 0.771655
vt 0.79793 0.828443
vt 0.763559 0.808443
vt 0.764359 0.76946
vt 0.79793 0.828443
vt 0.764359 0.76946
vt 0.788304 0.774381
vt 0.79793 0.828443
vt 0.81721 0.848276
vt 0.784815 0.831984
vt 0.763559 0.808443
vt 0.79793 0.828443
vt 0.784815 0.831984
vt 0.117633 0.958157
vt 0.126735 0.928472
vt 0.151008 0.965057
vt 0.126735 0.928472
vt 0.1583 0.920344
vt 0.151008 0.965057
vt 0.0953945 0.960174
vt 0.126735 0.928472
vt 0.117633 0.958157
vt 0.109804 0.929821
vt 0.126735 0.928472
vt 0.0953945 0.960174
vt 0.126735 0.928472
vt 0.109804 0.929821
vt 0.102496 0.92093
vt 0.136133 0.910859
vt 0.126735 0.928472
vt 0.102496 0.92093
vt 0.162197 0.893903
vt 0.126735 0.928472
vt 0.136133 0.910859
vt 0.126735 0.928472
vt 0.162197 0.893903
vt 0.1583 0.920344
vt 0.191021 0.890765
vt 0.162197 0.893903
vt 0.194816 0.875795
vt 0.162197 0.893903
vt 0.16247 0.87628
vt 0.194816 0.875795
vt 0.162197 0.893903
vt 0.191021 0.890765
vt 0.183529 0.929945
vt 0.1583 0.920344
vt 0.162197 0.893903
vt 0.183529 0.929945
vt 0.162197 0.893903
vt 0.131186 0.871269
vt 0.16247 0.87628
vt 0.162197 0.893903
vt 0.136133 0.910859
vt 0.131186 0.871269
vt 0.295567 0.753509
vt 0.272994 0.749515
vt 0.288456 0.743084
vt 0.277638 0.778921
vt 0.272994 0.749515
vt 0.295567 0.753509
vt 0.272994 0.749515
vt 0.280699 0.728891
vt 0.288456 0.743084
vt 0.272994 0.749515
vt 0.261207 0.727859
vt 0.280699 0.728891
vt 0.189205 0.700223
vt 0.235317 0.722445
vt 0.197776 0.706205
vt 0.235317 0.722445
vt 0.189205 0.700223
vt 0.218316 0.697608
vt 0.272994 0.749515
vt 0.235317 0.722445
vt 0.261207 0.727859
vt 0.235317 0.722445
vt 0.272994 0.749515
vt 0.248574 0.744213
vt 0.197776 0.706205
vt 0.235317 0.722445
vt 0.197604 0.734085
vt 0.235317 0.722445
vt 0.248574 0.744213
vt 0.197604 0.734085
vt 0.235317 0.722445
vt 0.218316 0.697608
vt 0.256148 0.714175
vt 0.261207 0.727859
vt 0.235317 0.722445
vt 0.256148 0.714175
vt 0.238673 0.846246
vt 0.245464 0.818824
vt 0.259349 0.823085
vt 0.245464 0.818824
vt 0.270436 0.796457
vt 0.259349 0.823085
vt 0.205527 0.871694
vt 0.245464 0.818824
vt 0.238673 0.846246
vt 0.198401 0.83582
vt 0.245464 0.818824
vt 0.205527 0.871694
vt 0.0622621 0.74369
vt 0.0994087 0.76829
vt 0.0600738 0.767167
vt 0.0994087 0.76829
vt 0.0622621 0.74369
vt 0.101795 0.747546
vt 0.0573229 0.721151
vt 0.0622621 0.74369
vt 0.0375283 0.704121
vt 0.0622621 0.74369
vt 0.0365448 0.739588
vt 0.0375283 0.704121
vt 0.0301374 0.774074
vt 0.0622621 0.74369
vt 0.0600738 0.767167
vt 0.0365448 0.739588
vt 0.0622621 0.74369
vt 0.0301374 0.774074
vt 0.169616 0.695452
vt 0.130299 0.707846
vt 0.152955 0.658463
vt 0.130299 0.707846
vt 0.122331 0.654418
vt 0.152955 0.658463
vt 0.116557 0.810935
vt 0.157674 0.86972
vt 0.123619 0.848635
vt 0.157674 0.86972
vt 0.116557 0.810935
vt 0.150223 0.839637
vt 0.116557 0.810935
vt 0.123619 0.848635
vt 0.104268 0.839389
vt 0.0934823 0.807281
vt 0.116557 0.810935
vt 0.104268 0.839389
vt 0.289977 0.595432
vt 0.333961 0.592593
vt 0.28167 0.66418
vt 0.333961 0.592593
vt 0.325435 0.636899
vt 0.28167 0.66418
vt 0.325435 0.636899
vt 0.333961 0.592593
vt 0.366607 0.617623
vt 0.333961 0.592593
vt 0.37626 0.593149
vt 0.366607 0.617623
vt 0.10805 0.558997
vt 0.140721 0.559744
vt 0.0921822 0.610236
vt 0.140721 0.559744
vt 0.133332 0.599057
vt 0.0921822 0.610236
vt 0.140721 0.559744
vt 0.100656 0.522747
vt 0.138618 0.536412
vt 0.100656 0.522747
vt 0.140721 0.559744
vt 0.10805 0.558997
vt 0.140721 0.559744
vt 0.15742 0.602628
vt 0.133332 0.599057
vt 0.140721 0.559744
vt 0.157923 0.551153
vt 0.15742 0.602628
vt 0.156052 0.538684
vt 0.140721 0.559744
vt 0.138618 0.536412
vt 0.157923 0.551153
vt 0.140721 0.559744
vt 0.156052 0.538684
vt 0.157923 0.551153
vt 0.182549 0.528164
vt 0.178808 0.552038
vt 0.182549 0.528164
vt 0.157923 0.551153
vt 0.156052 0.538684
vt 0.182549 0.528164
vt 0.156052 0.538684
vt 0.157091 0.527567
vt 0.18821 0.523349
vt 0.182549 0.528164
vt 0.157091 0.527567
vt 0.10297 0.2596
vt 0.109701 0.224503
vt 0.108356 0.257066
vt 0.10297 0.2596
vt 0.105614 0.232118
vt 0.109701 0.224503
vt 0.107058 0.274373
vt 0.10297 0.2596
vt 0.108356 0.257066
vt 0.10297 0.2596
vt 0.107058 0.274373
vt 0.101183 0.29468
vt 0.10297 0.2596
vt 0.0665286 0.233975
vt 0.105614 0.232118
vt 0.10297 0.2596
vt 0.0635477 0.266598
vt 0.0665286 0.233975
vt 0.0652766 0.299725
vt 0.10297 0.2596
vt 0.101183 0.29468
vt 0.0635477 0.266598
vt 0.10297 0.2596
vt 0.0652766 0.299725
vt 0.844932 0.0783917
vt 0.89497 0.0507173
vt 0.887719 0.0822467
vt 0.844932 0.0783917
vt 0.86268 0.0607232
vt 0.89497 0.0507173
vt 0.874862 0.133703
vt 0.844932 0.0783917
vt 0.887719 0.0822467
vt 0.843126 0.136977
vt 0.844932 0.0783917
vt 0.874862 0.133703
vt 0.844932 0.0783917
vt 0.843126 0.136977
vt 0.828736 0.131359
vt 0.823987 0.0977299
vt 0.844932 0.0783917
vt 0.828736 0.131359
vt 0.838292 0.0677411
vt 0.844932 0.0783917
vt 0.823987 0.0977299
vt 0.844932 0.0783917
vt 0.838292 0.0677411
vt 0.86268 0.0607232
vt 0.838292 0.0677411
vt 0.824863 0.0159452
vt 0.862726 0.0250636
vt 0.838292 0.0677411
vt 0.816148 0.0547208
vt 0.824863 0.0159452
vt 0.838292 0.0677411
vt 0.862726 0.0250636
vt 0.877411 0.036537
vt 0.86268 0.0607232
vt 0.838292 0.0677411
vt 0.877411 0.036537
vt 0.816148 0.0547208
vt 0.838292 0.0677411
vt 0.815259 0.0985792
vt 0.838292 0.0677411
vt 0.823987 0.0977299
vt 0.815259 0.0985792
vt 0.986609 0.205348
vt 0.948056 0.200563
vt 0.988247 0.138621
vt 0.948056 0.200563
vt 0.945754 0.14202
vt 0.988247 0.138621
vt 0.948056 0.200563
vt 0.98551 0.240009
vt 0.95098 0.2367
vt 0.98551 0.240009
vt 0.948056 0.200563
vt 0.986609 0.205348
vt 0.948056 0.200563
vt 0.898672 0.157025
vt 0.945754 0.14202
vt 0.948056 0.200563
vt 0.903822 0.193516
vt 0.898672 0.157025
vt 0.922004 0.232089
vt 0.948056 0.200563
vt 0.95098 0.2367
vt 0.903822 0.193516
vt 0.948056 0.200563
vt 0.922004 0.232089
vt 0.818854 0.386116
vt 0.820465 0.357136
vt 0.851511 0.354639
vt 0.852818 0.386218
vt 0.818854 0.386116
vt 0.851511 0.354639
vt 0.820465 0.357136
vt 0.818854 0.386116
vt 0.780982 0.354161
vt 0.818854 0.386116
vt 0.779668 0.382171
vt 0.780982 0.354161
vt 0.779668 0.382171
vt 0.818854 0.386116
vt 0.781222 0.416587
vt 0.818854 0.386116
vt 0.823082 0.417924
vt 0.781222 0.416587
vt 0.818854 0.386116
vt 0.857138 0.41922
vt 0.823082 0.417924
vt 0.857138 0.41922
vt 0.818854 0.386116
vt 0.852818 0.386218
vt 0.854953 0.453505
vt 0.857138 0.41922
vt 0.882355 0.461698
vt 0.857138 0.41922
vt 0.882314 0.427372
vt 0.882355 0.461698
vt 0.882314 0.427372
vt 0.857138 0.41922
vt 0.87142 0.394741
vt 0.857138 0.41922
vt 0.852818 0.386218
vt 0.87142 0.394741
vt 0.824788 0.451358
vt 0.857138 0.41922
vt 0.854953 0.453505
vt 0.823082 0.417924
vt 0.857138 0.41922
vt 0.824788 0.451358
vt 0.639928 0.454334
vt 0.669669 0.413457
vt 0.67485 0.454494
vt 0.669669 0.413457
vt 0.639928 0.454334
vt 0.639512 0.418239
vt 0.768314 0.726225
vt 0.797499 0.727097
vt 0.788304 0.774381
vt 0.764359 0.76946
vt 0.768314 0.726225
vt 0.788304 0.774381
vt 0.797499 0.727097
vt 0.768314 0.726225
vt 0.80371 0.68929
vt 0.768314 0.726225
vt 0.774925 0.692868
vt 0.80371 0.68929
vt 0.738915 0.766409
vt 0.768314 0.726225
vt 0.764359 0.76946
vt 0.743567 0.734697
vt 0.768314 0.726225
vt 0.738915 0.766409
vt 0.774925 0.692868
vt 0.768314 0.726225
vt 0.745005 0.706083
vt 0.768314 0.726225
vt 0.743567 0.734697
vt 0.745005 0.706083
vt 0.859035 0.828067
vt 0.841386 0.776129
vt 0.899146 0.786249
vt 0.921314 0.830508
vt 0.859035 0.828067
vt 0.899146 0.786249
vt 0.859035 0.828067
vt 0.912631 0.872439
vt 0.865158 0.856534
vt 0.859035 0.828067
vt 0.921314 0.830508
vt 0.912631 0.872439
vt 0.841386 0.776129
vt 0.859035 0.828067
vt 0.788304 0.774381
vt 0.859035 0.828067
vt 0.79793 0.828443
vt 0.788304 0.774381
vt 0.81721 0.848276
vt 0.859035 0.828067
vt 0.865158 0.856534
vt 0.79793 0.828443
vt 0.859035 0.828067
vt 0.81721 0.848276
vt 0.185357 0.782827
vt 0.151411 0.7301
vt 0.197604 0.734085
vt 0.185357 0.782827
vt 0.151316 0.775781
vt 0.151411 0.7301
vt 0.185357 0.782827
vt 0.198401 0.83582
vt 0.150223 0.839637
vt 0.151316 0.775781
vt 0.185357 0.782827
vt 0.150223 0.839637
vt 0.0695465 0.664942
vt 0.0699679 0.711867
vt 0.0325302 0.658937
vt 0.0699679 0.711867
vt 0.0460833 0.694882
vt 0.0325302 0.658937
vt 0.122331 0.654418
vt 0.0699679 0.711867
vt 0.0695465 0.664942
vt 0.130299 0.707846
vt 0.0699679 0.711867
vt 0.122331 0.654418
vt 0.151316 0.775781
vt 0.119798 0.768838
vt 0.151411 0.7301
vt 0.119798 0.768838
vt 0.125636 0.734286
vt 0.151411 0.7301
vt 0.119798 0.768838
vt 0.0994087 0.76829
vt 0.101795 0.747546
vt 0.125636 0.734286
vt 0.119798 0.768838
vt 0.101795 0.747546
vt 0.116557 0.810935
vt 0.119798 0.768838
vt 0.150223 0.839637
vt 0.119798 0.768838
vt 0.151316 0.775781
vt 0.150223 0.839637
vt 0.119798 0.768838
vt 0.0934823 0.807281
vt 0.0994087 0.76829
vt 0.119798 0.768838
vt 0.116557 0.810935
vt 0.0934823 0.807281
vt 0.380689 0.541432
vt 0.349798 0.5619
vt 0.35426 0.537987
vt 0.381499 0.56065
vt 0.349798 0.5619
vt 0.380689 0.541432
vt 0.314543 0.539742
vt 0.349798 0.5619
vt 0.297848 0.558679
vt 0.349798 0.5619
vt 0.314543 0.539742
vt 0.35426 0.537987
vt 0.349798 0.5619
vt 0.381499 0.56065
vt 0.37626 0.593149
vt 0.333961 0.592593
vt 0.349798 0.5619
vt 0.37626 0.593149
vt 0.349798 0.5619
vt 0.289977 0.595432
vt 0.297848 0.558679
vt 0.349798 0.5619
vt 0.333961 0.592593
vt 0.289977 0.595432
vt 0.218242 0.52933
vt 0.270384 0.518455
vt 0.267178 0.534388
vt 0.218242 0.52933
vt 0.221375 0.524024
vt 0.270384 0.518455
vt 0.26508 0.553172
vt 0.218242 0.52933
vt 0.267178 0.534388
vt 0.223452 0.545126
vt 0.218242 0.52933
vt 0.26508 0.553172
vt 0.218242 0.52933
vt 0.18821 0.523349
vt 0.221375 0.524024
vt 0.218242 0.52933
vt 0.182549 0.528164
vt 0.18821 0.523349
vt 0.218242 0.52933
vt 0.223452 0.545126
vt 0.178808 0.552038
vt 0.182549 0.528164
vt 0.218242 0.52933
vt 0.178808 0.552038
vt 0.707855 0.413708
vt 0.744082 0.380288
vt 0.742338 0.41481
vt 0.707855 0.413708
vt 0.707192 0.379006
vt 0.744082 0.380288
vt 0.707855 0.413708
vt 0.739705 0.452941
vt 0.709338 0.453669
vt 0.707855 0.413708
vt 0.742338 0.41481
vt 0.739705 0.452941
vt 0.67485 0.454494
vt 0.707855 0.413708
vt 0.709338 0.453669
vt 0.669669 0.413457
vt 0.707855 0.413708
vt 0.67485 0.454494
vt 0.674299 0.381592
vt 0.707855 0.413708
vt 0.669669 0.413457
vt 0.707855 0.413708
vt 0.674299 0.381592
vt 0.707192 0.379006
vt 0.675897 0.353057
vt 0.674299 0.381592
vt 0.640963 0.353143
vt 0.674299 0.381592
vt 0.639894 0.382551
vt 0.640963 0.353143
vt 0.674299 0.381592
vt 0.675897 0.353057
vt 0.709818 0.353666
vt 0.707192 0.379006
vt 0.674299 0.381592
vt 0.709818 0.353666
vt 0.639894 0.382551
vt 0.674299 0.381592
vt 0.639512 0.418239
vt 0.674299 0.381592
vt 0.669669 0.413457
vt 0.639512 0.418239
vt 0.245604 0.784478
vt 0.277638 0.778921
vt 0.270436 0.796457
vt 0.245464 0.818824
vt 0.245604 0.784478
vt 0.270436 0.796457
vt 0.245604 0.784478
vt 0.272994 0.749515
vt 0.277638 0.778921
vt 0.272994 0.749515
vt 0.245604 0.784478
vt 0.248574 0.744213
vt 0.245604 0.784478
vt 0.245464 0.818824
vt 0.198401 0.83582
vt 0.185357 0.782827
vt 0.245604 0.784478
vt 0.198401 0.83582
vt 0.248574 0.744213
vt 0.245604 0.784478
vt 0.197604 0.734085
vt 0.245604 0.784478
vt 0.185357 0.782827
vt 0.197604 0.734085
vt 0.0890006 0.729399
vt 0.0622621 0.74369
vt 0.0573229 0.721151
vt 0.0622621 0.74369
vt 0.0890006 0.729399
vt 0.101795 0.747546
vt 0.0890006 0.729399
vt 0.0573229 0.721151
vt 0.0460833 0.694882
vt 0.0699679 0.711867
vt 0.0890006 0.729399
vt 0.0460833 0.694882
vt 0.124625 0.725811
vt 0.169616 0.695452
vt 0.163538 0.708843
vt 0.124625 0.725811
vt 0.130299 0.707846
vt 0.169616 0.695452
vt 0.151411 0.7301
vt 0.124625 0.725811
vt 0.163538 0.708843
vt 0.125636 0.734286
vt 0.124625 0.725811
vt 0.151411 0.7301
vt 0.124625 0.725811
vt 0.0699679 0.711867
vt 0.130299 0.707846
vt 0.124625 0.725811
vt 0.0890006 0.729399
vt 0.0699679 0.711867
vt 0.124625 0.725811
vt 0.125636 0.734286
vt 0.101795 0.747546
vt 0.0890006 0.729399
vt 0.124625 0.725811
vt 0.101795 0.747546
usemtl refine_depth_0
f 8/1 9/2 41/3
f 40/4 8/5 41/6
f 16/7 17/8 49/9
f 48/10 16/11 49/12
f 15/13 16/14 47/15
f 16/16 48/17 47/18
f 80/19 48/20 49/21
f 81/22 80/23 49/24
f 73/25 42/26 74/27
f 42/28 73/29 41/30
f 73/31 40/32 41/33
f 73/34 72/35 40/36
f 9/37 10/38 41/39
f 10/40 42/41 41/42
f 269/43 302/44 301/45
f 302/46 269/47 270/48
f 961/49 962/50 993/51
f 962/52 994/53 993/54
f 422/55 455/56 454/57
f 455/58 422/59 423/60
f 513/61 481/62 514/63
f 481/64 482/65 514/66
f 481/67 449/68 450/69
f 482/70 481/71 450/72
f 193/73 161/74 194/75
f 161/76 162/77 194/78
f 97/79 65/80 66/81
f 98/82 97/83 66/84
f 161/85 130/86 162/87
f 130/88 161/89 129/90
f 130/91 97/92 98/93
f 97/94 130/95 129/96
f 63/97 31/98 32/99
f 64/100 63/101 32/102
f 800/103 767/104 768/105
f 767/106 800/107 799/108
f 362/109 393/110 361/111
f 393/112 362/113 394/114
f 234/115 203/116 235/117
f 203/118 234/119 202/120
f 73/121 105/122 72/123
f 72/124 105/125 104/126
f 266/127 233/128 234/129
f 233/130 266/131 265/132
f 234/133 233/134 202/135
f 233/136 201/137 202/138
f 981/139 1013/140 1012/141
f 981/142 1012/143 980/144
f 1011/145 979/146 1012/147
f 1012/148 979/149 980/150
f 689/151 658/152 690/153
f 658/154 689/155 657/156
f 722/157 689/158 690/159
f 689/160 722/161 721/162
f 451/163 482/164 450/165
f 482/166 451/167 483/168
f 390/169 421/170 389/171
f 421/172 390/173 422/174
f 388/175 421/176 420/177
f 421/178 388/179 389/180
f 831/181 800/182 832/183
f 800/184 831/185 799/186
f 864/187 831/188 832/189
f 831/190 864/191 863/192
f 895/193 864/194 896/195
f 864/196 895/197 863/198
f 328/199 297/200 329/201
f 297/202 328/203 296/204
f 99/205 130/206 98/207
f 130/208 99/209 131/210
f 99/211 98/212 66/213
f 67/214 99/215 66/216
f 99/217 68/218 100/219
f 68/220 99/221 67/222
f 132/223 99/224 100/225
f 99/226 132/227 131/228
f 132/229 101/230 133/231
f 101/232 132/233 100/234
f 130/235 163/236 162/237
f 163/238 130/239 131/240
f 132/241 163/242 131/243
f 163/244 132/245 164/246
f 165/247 132/248 133/249
f 132/250 165/251 164/252
f 226/253 225/254 193/255
f 226/256 193/257 194/258
f 225/259 226/260 257/261
f 226/262 258/263 257/264
f 79/265 112/266 111/267
f 112/268 79/269 80/270
f 48/271 79/272 47/273
f 80/274 79/275 48/276
f 46/277 14/278 15/279
f 46/280 15/281 47/282
f 79/283 46/284 47/285
f 46/286 79/287 78/288
f 71/289 72/290 104/291
f 103/292 71/293 104/294
f 134/295 165/296 133/297
f 165/298 134/299 166/300
f 62/301 30/302 31/303
f 63/304 62/305 31/306
f 126/307 95/308 127/309
f 95/310 126/311 94/312
f 95/313 62/314 63/315
f 62/316 95/317 94/318
f 95/319 64/320 96/321
f 95/322 63/323 64/324
f 432/325 399/326 400/327
f 399/328 432/329 431/330
f 250/331 217/332 218/333
f 217/334 250/335 249/336
f 217/337 248/338 216/339
f 248/340 217/341 249/342
f 167/343 199/344 198/345
f 166/346 167/347 198/348
f 167/349 168/350 200/351
f 199/352 167/353 200/354
f 424/355 455/356 423/357
f 455/358 424/359 456/360
f 105/361 137/362 104/363
f 137/364 136/365 104/366
f 139/367 106/368 107/369
f 106/370 139/371 138/372
f 106/373 137/374 105/375
f 137/376 106/377 138/378
f 106/379 73/380 74/381
f 106/382 105/383 73/384
f 264/385 297/386 296/387
f 297/388 264/389 265/390
f 302/391 333/392 301/393
f 334/394 333/395 302/396
f 917/397 918/398 949/399
f 949/400 918/401 950/402
f 920/403 951/404 919/405
f 951/406 920/407 952/408
f 951/409 918/410 919/411
f 918/412 951/413 950/414
f 951/415 982/416 950/417
f 982/418 951/419 983/420
f 982/421 1015/422 1014/423
f 1015/424 982/425 983/426
f 1013/427 982/428 1014/429
f 981/430 982/431 1013/432
f 982/433 949/434 950/435
f 982/436 981/437 949/438
f 561/439 530/440 562/441
f 530/442 561/443 529/444
f 689/445 656/446 657/447
f 656/448 689/449 688/450
f 656/451 655/452 623/453
f 624/454 656/455 623/456
f 656/457 687/458 655/459
f 687/460 656/461 688/462
f 624/463 591/464 592/465
f 591/466 624/467 623/468
f 622/469 591/470 623/471
f 590/472 591/473 622/474
f 281/475 248/476 249/477
f 248/478 281/479 280/480
f 976/481 1009/482 1008/483
f 977/484 1009/485 976/486
f 944/487 977/488 976/489
f 977/490 944/491 945/492
f 913/493 914/494 946/495
f 945/496 913/497 946/498
f 882/499 913/500 881/501
f 913/502 882/503 914/504
f 944/505 913/506 945/507
f 913/508 944/509 912/510
f 913/511 880/512 881/513
f 880/514 913/515 912/516
f 880/517 912/518 911/519
f 879/520 880/521 911/522
f 978/523 945/524 946/525
f 978/526 977/527 945/528
f 978/529 1009/530 977/531
f 1009/532 978/533 1010/534
f 978/535 1011/536 1010/537
f 978/538 979/539 1011/540
f 596/541 627/542 595/543
f 627/544 596/545 628/546
f 816/547 783/548 784/549
f 783/550 816/551 815/552
f 749/553 718/554 750/555
f 749/556 717/557 718/558
f 817/559 785/560 818/561
f 818/562 785/563 786/564
f 816/565 785/566 817/567
f 785/568 816/569 784/570
f 785/571 754/572 786/573
f 754/574 785/575 753/576
f 754/577 753/578 721/579
f 722/580 754/581 721/582
f 868/583 899/584 867/585
f 899/586 868/587 900/588
f 929/589 962/590 961/591
f 929/592 930/593 962/594
f 417/595 418/596 449/597
f 449/598 418/599 450/600
f 927/601 928/602 960/603
f 927/604 960/605 959/606
f 928/607 927/608 896/609
f 927/610 895/611 896/612
f 927/613 894/614 895/615
f 894/616 927/617 926/618
f 895/619 894/620 863/621
f 863/622 894/623 862/624
f 958/625 927/626 959/627
f 927/628 958/629 926/630
f 925/631 894/632 926/633
f 894/634 925/635 893/636
f 958/637 925/638 926/639
f 925/640 958/641 957/642
f 68/643 69/644 100/645
f 69/646 101/647 100/648
f 162/649 195/650 194/651
f 163/652 195/653 162/654
f 195/655 163/656 164/657
f 195/658 164/659 196/660
f 258/661 289/662 257/663
f 290/664 289/665 258/666
f 322/667 323/668 355/669
f 354/670 322/671 355/672
f 322/673 353/674 321/675
f 353/676 322/677 354/678
f 322/679 289/680 290/681
f 289/682 322/683 321/684
f 33/685 34/686 65/687
f 65/688 34/689 66/690
f 34/691 33/692 1/693
f 2/694 34/695 1/696
f 13/697 45/698 12/699
f 45/700 44/701 12/702
f 45/703 46/704 78/705
f 45/706 78/707 77/708
f 14/709 45/710 13/711
f 46/712 45/713 14/714
f 106/715 75/716 107/717
f 75/718 106/719 74/720
f 42/721 75/722 74/723
f 43/724 75/725 42/726
f 44/727 11/728 12/729
f 43/730 11/731 44/732
f 10/733 11/734 42/735
f 11/736 43/737 42/738
f 18/739 50/740 17/741
f 17/742 50/743 49/744
f 50/745 81/746 49/747
f 50/748 82/749 81/750
f 39/751 6/752 7/753
f 39/754 38/755 6/756
f 8/757 39/758 7/759
f 39/760 8/761 40/762
f 38/763 39/764 70/765
f 39/766 71/767 70/768
f 72/769 39/770 40/771
f 71/772 39/773 72/774
f 69/775 102/776 101/777
f 102/778 69/779 70/780
f 102/781 71/782 103/783
f 71/784 102/785 70/786
f 101/787 102/788 133/789
f 102/790 134/791 133/792
f 126/793 93/794 94/795
f 125/796 93/797 126/798
f 59/799 28/800 60/801
f 28/802 59/803 27/804
f 309/805 277/806 278/807
f 309/808 278/809 310/810
f 432/811 433/812 464/813
f 464/814 433/815 465/816
f 433/817 432/818 400/819
f 433/820 400/821 401/822
f 638/823 671/824 670/825
f 671/826 638/827 639/828
f 767/829 736/830 768/831
f 735/832 736/833 767/834
f 672/835 671/836 639/837
f 640/838 672/839 639/840
f 703/841 736/842 735/843
f 736/844 703/845 704/846
f 672/847 703/848 671/849
f 703/850 672/851 704/852
f 671/853 703/854 670/855
f 670/856 703/857 702/858
f 478/859 445/860 446/861
f 478/862 477/863 445/864
f 219/865 186/866 187/867
f 186/868 219/869 218/870
f 215/871 184/872 216/873
f 184/874 215/875 183/876
f 102/877 135/878 134/879
f 135/880 102/881 103/882
f 135/883 103/884 104/885
f 136/886 135/887 104/888
f 134/889 135/890 166/891
f 135/892 167/893 166/894
f 167/895 135/896 168/897
f 168/898 135/899 136/900
f 491/901 459/902 460/903
f 492/904 491/905 460/906
f 267/907 266/908 234/909
f 267/910 234/911 235/912
f 207/913 238/914 206/915
f 238/916 207/917 239/918
f 171/919 203/920 202/921
f 170/922 171/923 202/924
f 139/925 171/926 138/927
f 171/928 170/929 138/930
f 172/931 171/932 140/933
f 171/934 139/935 140/936
f 201/937 169/938 202/939
f 169/940 170/941 202/942
f 168/943 169/944 200/945
f 169/946 201/947 200/948
f 170/949 169/950 138/951
f 169/952 137/953 138/954
f 137/955 169/956 136/957
f 169/958 168/959 136/960
f 233/961 232/962 201/963
f 201/964 232/965 200/966
f 232/967 199/968 200/969
f 199/970 232/971 231/972
f 232/973 233/974 265/975
f 264/976 232/977 265/978
f 978/979 947/980 979/981
f 947/982 978/983 946/984
f 665/985 632/986 633/987
f 632/988 665/989 664/990
f 889/991 922/992 921/993
f 922/994 889/995 890/996
f 891/997 922/998 890/999
f 922/1000 891/1001 923/1002
f 1017/1003 985/1004 986/1005
f 1018/1006 1017/1007 986/1008
f 920/1009 953/1010 952/1011
f 953/1012 920/1013 921/1014
f 984/1015 951/1016 952/1017
f 951/1018 984/1019 983/1020
f 1015/1021 984/1022 1016/1023
f 984/1024 1015/1025 983/1026
f 953/1027 984/1028 952/1029
f 984/1030 953/1031 985/1032
f 1017/1033 984/1034 985/1035
f 984/1036 1017/1037 1016/1038
f 467/1039 498/1040 466/1041
f 498/1042 467/1043 499/1044
f 498/1045 497/1046 465/1047
f 466/1048 498/1049 465/1050
f 498/1051 530/1052 529/1053
f 497/1054 498/1055 529/1056
f 432/1057 463/1058 431/1059
f 463/1060 432/1061 464/1062
f 496/1063 464/1064 465/1065
f 497/1066 496/1067 465/1068
f 496/1069 463/1070 464/1071
f 463/1072 496/1073 495/1074
f 250/1075 282/1076 249/1077
f 282/1078 281/1079 249/1080
f 278/1081 311/1082 310/1083
f 279/1084 311/1085 278/1086
f 311/1087 342/1088 310/1089
f 342/1090 311/1091 343/1092
f 975/1093 976/1094 1008/1095
f 1007/1096 975/1097 1008/1098
f 910/1099 941/1100 909/1101
f 941/1102 910/1103 942/1104
f 910/1105 879/1106 911/1107
f 910/1108 878/1109 879/1110
f 849/1111 882/1112 881/1113
f 849/1114 850/1115 882/1116
f 850/1117 849/1118 818/1119
f 849/1120 817/1121 818/1122
f 884/1123 852/1124 885/1125
f 885/1126 852/1127 853/1128
f 755/1129 754/1130 722/1131
f 755/1132 722/1133 723/1134
f 754/1135 755/1136 786/1137
f 755/1138 787/1139 786/1140
f 728/1141 759/1142 727/1143
f 759/1144 728/1145 760/1146
f 625/1147 656/1148 624/1149
f 656/1150 625/1151 657/1152
f 782/1153 749/1154 750/1155
f 749/1156 782/1157 781/1158
f 751/1159 782/1160 750/1161
f 782/1162 751/1163 783/1164
f 780/1165 813/1166 812/1167
f 813/1168 780/1169 781/1170
f 997/1171 965/1172 998/1173
f 998/1174 965/1175 966/1176
f 967/1177 999/1178 998/1179
f 967/1180 998/1181 966/1182
f 967/1183 1000/1184 999/1185
f 1000/1186 967/1187 968/1188
f 969/1189 968/1190 936/1191
f 937/1192 969/1193 936/1194
f 969/1195 1000/1196 968/1197
f 1000/1198 969/1199 1001/1200
f 969/1201 1002/1202 1001/1203
f 1002/1204 969/1205 970/1206
f 904/1207 937/1208 936/1209
f 937/1210 904/1211 905/1212
f 904/1213 873/1214 905/1215
f 873/1216 904/1217 872/1218
f 873/1219 840/1220 841/1221
f 840/1222 873/1223 872/1224
f 969/1225 938/1226 970/1227
f 938/1228 969/1229 937/1230
f 938/1231 937/1232 905/1233
f 906/1234 938/1235 905/1236
f 938/1237 906/1238 907/1239
f 938/1240 907/1241 939/1242
f 813/1243 844/1244 812/1245
f 844/1246 813/1247 845/1248
f 910/1249 877/1250 878/1251
f 877/1252 910/1253 909/1254
f 846/1255 877/1256 845/1257
f 877/1258 846/1259 878/1260
f 844/1261 877/1262 876/1263
f 877/1264 844/1265 845/1266
f 908/1267 877/1268 909/1269
f 877/1270 908/1271 876/1272
f 929/1273 897/1274 930/1275
f 930/1276 897/1277 898/1278
f 621/1279 590/1280 622/1281
f 621/1282 589/1283 590/1284
f 589/1285 558/1286 590/1287
f 557/1288 558/1289 589/1290
f 482/1291 515/1292 514/1293
f 515/1294 482/1295 483/1296
f 484/1297 515/1298 483/1299
f 515/1300 484/1301 516/1302
f 451/1303 484/1304 483/1305
f 452/1306 484/1307 451/1308
f 453/1309 484/1310 452/1311
f 484/1312 453/1313 485/1314
f 486/1315 453/1316 454/1317
f 453/1318 486/1319 485/1320
f 453/1321 422/1322 454/1323
f 453/1324 421/1325 422/1326
f 421/1327 453/1328 420/1329
f 453/1330 452/1331 420/1332
f 992/1333 991/1334 960/1335
f 960/1336 991/1337 959/1338
f 991/1339 992/1340 1024/1341
f 1023/1342 991/1343 1024/1344
f 387/1345 356/1346 388/1347
f 356/1348 387/1349 355/1350
f 324/1351 356/1352 323/1353
f 323/1354 356/1355 355/1356
f 232/1357 263/1358 231/1359
f 263/1360 232/1361 264/1362
f 199/1363 230/1364 198/1365
f 230/1366 199/1367 231/1368
f 197/1369 165/1370 166/1371
f 197/1372 166/1373 198/1374
f 165/1375 197/1376 164/1377
f 164/1378 197/1379 196/1380
f 230/1381 197/1382 198/1383
f 197/1384 230/1385 229/1386
f 37/1387 5/1388 6/1389
f 38/1390 37/1391 6/1392
f 5/1393 37/1394 4/1395
f 4/1396 37/1397 36/1398
f 69/1399 37/1400 70/1401
f 37/1402 38/1403 70/1404
f 37/1405 69/1406 68/1407
f 37/1408 68/1409 36/1410
f 35/1411 68/1412 67/1413
f 68/1414 35/1415 36/1416
f 35/1417 3/1418 4/1419
f 35/1420 4/1421 36/1422
f 35/1423 67/1424 66/1425
f 34/1426 35/1427 66/1428
f 35/1429 2/1430 3/1431
f 35/1432 34/1433 2/1434
f 45/1435 76/1436 44/1437
f 76/1438 45/1439 77/1440
f 76/1441 75/1442 43/1443
f 76/1444 43/1445 44/1446
f 50/1447 51/1448 82/1449
f 82/1450 51/1451 83/1452
f 157/1453 125/1454 126/1455
f 157/1456 126/1457 158/1458
f 95/1459 128/1460 127/1461
f 128/1462 95/1463 96/1464
f 159/1465 126/1466 127/1467
f 126/1468 159/1469 158/1470
f 62/1471 61/1472 30/1473
f 61/1474 29/1475 30/1476
f 28/1477 61/1478 60/1479
f 61/1480 28/1481 29/1482
f 61/1483 62/1484 94/1485
f 93/1486 61/1487 94/1488
f 185/1489 217/1490 216/1491
f 184/1492 185/1493 216/1494
f 217/1495 185/1496 218/1497
f 185/1498 186/1499 218/1500
f 58/1501 25/1502 26/1503
f 25/1504 58/1505 57/1506
f 58/1507 26/1508 27/1509
f 59/1510 58/1511 27/1512
f 182/1513 215/1514 214/1515
f 215/1516 182/1517 183/1518
f 182/1519 151/1520 183/1521
f 182/1522 150/1523 151/1524
f 25/1525 56/1526 24/1527
f 56/1528 25/1529 57/1530
f 56/1531 23/1532 24/1533
f 23/1534 56/1535 55/1536
f 54/1537 86/1538 85/1539
f 54/1540 85/1541 53/1542
f 22/1543 54/1544 21/1545
f 21/1546 54/1547 53/1548
f 54/1549 23/1550 55/1551
f 23/1552 54/1553 22/1554
f 434/1555 467/1556 466/1557
f 467/1558 434/1559 435/1560
f 433/1561 434/1562 465/1563
f 434/1564 466/1565 465/1566
f 575/1567 542/1568 543/1569
f 542/1570 575/1571 574/1572
f 575/1573 544/1574 576/1575
f 544/1576 575/1577 543/1578
f 541/1579 510/1580 542/1581
f 510/1582 541/1583 509/1584
f 478/1585 510/1586 477/1587
f 477/1588 510/1589 509/1590
f 247/1591 248/1592 280/1593
f 279/1594 247/1595 280/1596
f 248/1597 247/1598 216/1599
f 247/1600 215/1601 216/1602
f 558/1603 525/1604 526/1605
f 525/1606 558/1607 557/1608
f 525/1609 556/1610 524/1611
f 556/1612 525/1613 557/1614
f 492/1615 525/1616 524/1617
f 493/1618 525/1619 492/1620
f 554/1621 523/1622 555/1623
f 523/1624 554/1625 522/1626
f 556/1627 523/1628 524/1629
f 523/1630 556/1631 555/1632
f 523/1633 522/1634 490/1635
f 491/1636 523/1637 490/1638
f 523/1639 491/1640 492/1641
f 523/1642 492/1643 524/1644
f 459/1645 428/1646 460/1647
f 427/1648 428/1649 459/1650
f 205/1651 173/1652 174/1653
f 206/1654 205/1655 174/1656
f 79/1657 110/1658 78/1659
f 110/1660 79/1661 111/1662
f 78/1663 110/1664 77/1665
f 110/1666 109/1667 77/1668
f 112/1669 144/1670 111/1671
f 144/1672 143/1673 111/1674
f 113/1675 144/1676 112/1677
f 144/1678 113/1679 145/1680
f 113/1681 80/1682 81/1683
f 113/1684 112/1685 80/1686
f 82/1687 113/1688 81/1689
f 114/1690 113/1691 82/1692
f 145/1693 113/1694 146/1695
f 113/1696 114/1697 146/1698
f 144/1699 175/1700 143/1701
f 175/1702 144/1703 176/1704
f 175/1705 176/1706 208/1707
f 207/1708 175/1709 208/1710
f 175/1711 206/1712 174/1713
f 175/1714 207/1715 206/1716
f 366/1717 399/1718 398/1719
f 399/1720 366/1721 367/1722
f 366/1723 333/1724 334/1725
f 366/1726 365/1727 333/1728
f 397/1729 366/1730 398/1731
f 365/1732 366/1733 397/1734
f 981/1735 948/1736 949/1737
f 948/1738 981/1739 980/1740
f 979/1741 948/1742 980/1743
f 947/1744 948/1745 979/1746
f 701/1747 670/1748 702/1749
f 670/1750 701/1751 669/1752
f 703/1753 734/1754 702/1755
f 734/1756 703/1757 735/1758
f 734/1759 701/1760 702/1761
f 701/1762 734/1763 733/1764
f 697/1765 728/1766 696/1767
f 728/1768 697/1769 729/1770
f 665/1771 697/1772 664/1773
f 664/1774 697/1775 696/1776
f 822/1777 854/1778 821/1779
f 821/1780 854/1781 853/1782
f 855/1783 854/1784 822/1785
f 855/1786 822/1787 823/1788
f 988/1789 1021/1790 1020/1791
f 1021/1792 988/1793 989/1794
f 985/1795 954/1796 986/1797
f 953/1798 954/1799 985/1800
f 922/1801 954/1802 921/1803
f 954/1804 953/1805 921/1806
f 570/1807 569/1808 537/1809
f 570/1810 537/1811 538/1812
f 341/1813 309/1814 310/1815
f 342/1816 341/1817 310/1818
f 281/1819 312/1820 280/1821
f 312/1822 281/1823 313/1824
f 312/1825 311/1826 279/1827
f 312/1828 279/1829 280/1830
f 541/1831 508/1832 509/1833
f 508/1834 541/1835 540/1836
f 508/1837 477/1838 509/1839
f 508/1840 476/1841 477/1842
f 943/1843 910/1844 911/1845
f 910/1846 943/1847 942/1848
f 944/1849 943/1850 912/1851
f 912/1852 943/1853 911/1854
f 943/1855 944/1856 976/1857
f 975/1858 943/1859 976/1860
f 943/1861 974/1862 942/1863
f 974/1864 943/1865 975/1866
f 878/1867 847/1868 879/1869
f 846/1870 847/1871 878/1872
f 971/1873 938/1874 939/1875
f 938/1876 971/1877 970/1878
f 971/1879 1002/1880 970/1881
f 1002/1882 971/1883 1003/1884
f 971/1885 1004/1886 1003/1887
f 1004/1888 971/1889 972/1890
f 971/1891 940/1892 972/1893
f 940/1894 971/1895 939/1896
f 941/1897 940/1898 909/1899
f 940/1900 908/1901 909/1902
f 907/1903 940/1904 939/1905
f 908/1906 940/1907 907/1908
f 850/1909 851/1910 882/1911
f 882/1912 851/1913 883/1914
f 851/1915 852/1916 884/1917
f 851/1918 884/1919 883/1920
f 789/1921 820/1922 788/1923
f 820/1924 789/1925 821/1926
f 852/1927 820/1928 853/1929
f 820/1930 821/1931 853/1932
f 756/1933 789/1934 788/1935
f 789/1936 756/1937 757/1938
f 725/1939 756/1940 724/1941
f 756/1942 725/1943 757/1944
f 755/1945 756/1946 787/1947
f 756/1948 788/1949 787/1950
f 756/1951 755/1952 723/1953
f 756/1954 723/1955 724/1956
f 697/1957 730/1958 729/1959
f 730/1960 697/1961 698/1962
f 830/1963 831/1964 863/1965
f 830/1966 863/1967 862/1968
f 831/1969 830/1970 799/1971
f 830/1972 798/1973 799/1974
f 663/1975 632/1976 664/1977
f 632/1978 663/1979 631/1980
f 791/1981 792/1982 824/1983
f 823/1984 791/1985 824/1986
f 792/1987 791/1988 760/1989
f 791/1990 759/1991 760/1992
f 725/1993 758/1994 757/1995
f 758/1996 725/1997 726/1998
f 759/1999 758/2000 727/2001
f 727/2002 758/2003 726/2004
f 563/2005 596/2006 595/2007
f 563/2008 564/2009 596/2010
f 593/2011 624/2012 592/2013
f 593/2014 625/2015 624/2016
f 722/2017 691/2018 723/2019
f 691/2020 722/2021 690/2022
f 718/2023 719/2024 750/2025
f 719/2026 751/2027 750/2028
f 785/2029 752/2030 753/2031
f 752/2032 785/2033 784/2034
f 783/2035 752/2036 784/2037
f 751/2038 752/2039 783/2040
f 814/2041 783/2042 815/2043
f 814/2044 782/2045 783/2046
f 814/2047 847/2048 846/2049
f 847/2050 814/2051 815/2052
f 782/2053 814/2054 781/2055
f 814/2056 813/2057 781/2058
f 814/2059 846/2060 845/2061
f 813/2062 814/2063 845/2064
f 964/2065 997/2066 996/2067
f 964/2068 965/2069 997/2070
f 968/2071 935/2072 936/2073
f 967/2074 935/2075 968/2076
f 779/2077 780/2078 812/2079
f 779/2080 812/2081 811/2082
f 810/2083 779/2084 811/2085
f 778/2086 779/2087 810/2088
f 842/2089 809/2090 810/2091
f 809/2092 842/2093 841/2094
f 835/2095 868/2096 867/2097
f 868/2098 835/2099 836/2100
f 833/2101 801/2102 802/2103
f 834/2104 833/2105 802/2106
f 897/2107 866/2108 898/2109
f 866/2110 897/2111 865/2112
f 899/2113 866/2114 867/2115
f 866/2116 899/2117 898/2118
f 866/2119 833/2120 834/2121
f 833/2122 866/2123 865/2124
f 866/2125 835/2126 867/2127
f 835/2128 866/2129 834/2130
f 515/2131 546/2132 514/2133
f 546/2134 515/2135 547/2136
f 546/2137 545/2138 513/2139
f 546/2140 513/2141 514/2142
f 546/2143 577/2144 545/2145
f 577/2146 546/2147 578/2148
f 579/2149 546/2150 547/2151
f 546/2152 579/2153 578/2154
f 515/2155 548/2156 547/2157
f 548/2158 515/2159 516/2160
f 548/2161 579/2162 547/2163
f 579/2164 548/2165 580/2166
f 654/2167 622/2168 623/2169
f 655/2170 654/2171 623/2172
f 559/2173 591/2174 590/2175
f 558/2176 559/2177 590/2178
f 517/2179 484/2180 485/2181
f 484/2182 517/2183 516/2184
f 517/2185 548/2186 516/2187
f 548/2188 517/2189 549/2190
f 486/2191 517/2192 485/2193
f 518/2194 517/2195 486/2196
f 550/2197 517/2198 518/2199
f 517/2200 550/2201 549/2202
f 554/2203 521/2204 522/2205
f 521/2206 554/2207 553/2208
f 521/2209 489/2210 490/2211
f 522/2212 521/2213 490/2214
f 386/2215 417/2216 385/2217
f 386/2218 418/2219 417/2220
f 353/2221 386/2222 385/2223
f 386/2224 353/2225 354/2226
f 386/2227 354/2228 355/2229
f 387/2230 386/2231 355/2232
f 419/2233 386/2234 387/2235
f 386/2236 419/2237 418/2238
f 419/2239 452/2240 451/2241
f 452/2242 419/2243 420/2244
f 419/2245 451/2246 450/2247
f 418/2248 419/2249 450/2250
f 419/2251 388/2252 420/2253
f 419/2254 387/2255 388/2256
f 958/2257 990/2258 957/2259
f 990/2260 989/2261 957/2262
f 1021/2263 990/2264 1022/2265
f 990/2266 1021/2267 989/2268
f 990/2269 958/2270 959/2271
f 991/2272 990/2273 959/2274
f 990/2275 1023/2276 1022/2277
f 990/2278 991/2279 1023/2280
f 291/2281 322/2282 290/2283
f 322/2284 291/2285 323/2286
f 291/2287 324/2288 323/2289
f 291/2290 292/2291 324/2292
f 328/2293 295/2294 296/2295
f 327/2296 295/2297 328/2298
f 295/2299 264/2300 296/2301
f 295/2302 263/2303 264/2304
f 295/2305 262/2306 263/2307
f 262/2308 295/2309 294/2310
f 293/2311 262/2312 294/2313
f 262/2314 293/2315 261/2316
f 263/2317 262/2318 231/2319
f 262/2320 230/2321 231/2322
f 229/2323 262/2324 261/2325
f 230/2326 262/2327 229/2328
f 108/2329 139/2330 107/2331
f 139/2332 108/2333 140/2334
f 108/2335 76/2336 77/2337
f 109/2338 108/2339 77/2340
f 75/2341 108/2342 107/2343
f 76/2344 108/2345 75/2346
f 19/2347 50/2348 18/2349
f 19/2350 51/2351 50/2352
f 85/2353 52/2354 53/2355
f 84/2356 52/2357 85/2358
f 52/2359 20/2360 21/2361
f 52/2362 21/2363 53/2364
f 51/2365 52/2366 83/2367
f 52/2368 84/2369 83/2370
f 19/2371 52/2372 51/2373
f 52/2374 19/2375 20/2376
f 115/2377 82/2378 83/2379
f 115/2380 114/2381 82/2382
f 84/2383 115/2384 83/2385
f 116/2386 115/2387 84/2388
f 148/2389 149/2390 180/2391
f 149/2392 181/2393 180/2394
f 182/2395 149/2396 150/2397
f 149/2398 182/2399 181/2400
f 187/2401 156/2402 188/2403
f 155/2404 156/2405 187/2406
f 156/2407 189/2408 188/2409
f 156/2410 157/2411 189/2412
f 352/2413 319/2414 320/2415
f 319/2416 352/2417 351/2418
f 413/2419 414/2420 445/2421
f 445/2422 414/2423 446/2424
f 128/2425 160/2426 127/2427
f 160/2428 159/2429 127/2430
f 254/2431 285/2432 253/2433
f 285/2434 254/2435 286/2436
f 252/2437 285/2438 284/2439
f 285/2440 252/2441 253/2442
f 285/2443 316/2444 284/2445
f 285/2446 317/2447 316/2448
f 150/2449 119/2450 151/2451
f 119/2452 150/2453 118/2454
f 152/2455 184/2456 183/2457
f 151/2458 152/2459 183/2460
f 152/2461 185/2462 184/2463
f 185/2464 152/2465 153/2466
f 152/2467 119/2468 120/2469
f 119/2470 152/2471 151/2472
f 276/2473 244/2474 277/2475
f 244/2476 245/2477 277/2478
f 244/2479 276/2480 275/2481
f 243/2482 244/2483 275/2484
f 211/2485 244/2486 243/2487
f 244/2488 211/2489 212/2490
f 211/2491 179/2492 180/2493
f 212/2494 211/2495 180/2496
f 213/2497 244/2498 212/2499
f 244/2500 213/2501 245/2502
f 213/2503 182/2504 214/2505
f 182/2506 213/2507 181/2508
f 213/2509 212/2510 180/2511
f 181/2512 213/2513 180/2514
f 371/2515 402/2516 370/2517
f 402/2518 371/2519 403/2520
f 402/2521 433/2522 401/2523
f 402/2524 434/2525 433/2526
f 435/2527 402/2528 403/2529
f 434/2530 402/2531 435/2532
f 607/2533 608/2534 640/2535
f 607/2536 640/2537 639/2538
f 638/2539 607/2540 639/2541
f 607/2542 638/2543 606/2544
f 608/2545 607/2546 576/2547
f 607/2548 575/2549 576/2550
f 575/2551 607/2552 574/2553
f 607/2554 606/2555 574/2556
f 541/2557 573/2558 540/2559
f 540/2560 573/2561 572/2562
f 573/2563 542/2564 574/2565
f 573/2566 541/2567 542/2568
f 573/2569 605/2570 604/2571
f 573/2572 604/2573 572/2574
f 606/2575 573/2576 574/2577
f 605/2578 573/2579 606/2580
f 447/2581 478/2582 446/2583
f 447/2584 479/2585 478/2586
f 542/2587 511/2588 543/2589
f 510/2590 511/2591 542/2592
f 544/2593 511/2594 512/2595
f 511/2596 544/2597 543/2598
f 511/2599 510/2600 478/2601
f 479/2602 511/2603 478/2604
f 346/2605 378/2606 377/2607
f 345/2608 346/2609 377/2610
f 246/2611 213/2612 214/2613
f 213/2614 246/2615 245/2616
f 277/2617 246/2618 278/2619
f 245/2620 246/2621 277/2622
f 215/2623 246/2624 214/2625
f 247/2626 246/2627 215/2628
f 246/2629 279/2630 278/2631
f 246/2632 247/2633 279/2634
f 330/2635 362/2636 361/2637
f 329/2638 330/2639 361/2640
f 330/2641 363/2642 362/2643
f 330/2644 331/2645 363/2646
f 365/2647 332/2648 333/2649
f 332/2650 365/2651 364/2652
f 363/2653 332/2654 364/2655
f 331/2656 332/2657 363/2658
f 396/2659 365/2660 397/2661
f 365/2662 396/2663 364/2664
f 396/2665 397/2666 429/2667
f 428/2668 396/2669 429/2670
f 177/2671 144/2672 145/2673
f 144/2674 177/2675 176/2676
f 176/2677 177/2678 208/2679
f 177/2680 209/2681 208/2682
f 204/2683 171/2684 172/2685
f 171/2686 204/2687 203/2688
f 205/2689 204/2690 173/2691
f 173/2692 204/2693 172/2694
f 269/2695 237/2696 270/2697
f 237/2698 238/2699 270/2700
f 238/2701 237/2702 206/2703
f 237/2704 205/2705 206/2706
f 175/2707 142/2708 143/2709
f 142/2710 175/2711 174/2712
f 142/2713 110/2714 111/2715
f 143/2716 142/2717 111/2718
f 916/2719 884/2720 885/2721
f 917/2722 916/2723 885/2724
f 916/2725 917/2726 949/2727
f 948/2728 916/2729 949/2730
f 569/2731 568/2732 537/2733
f 568/2734 536/2735 537/2736
f 766/2737 767/2738 799/2739
f 798/2740 766/2741 799/2742
f 766/2743 735/2744 767/2745
f 766/2746 734/2747 735/2748
f 918/2749 886/2750 919/2751
f 886/2752 887/2753 919/2754
f 886/2755 918/2756 917/2757
f 886/2758 917/2759 885/2760
f 855/2761 886/2762 854/2763
f 886/2764 855/2765 887/2766
f 886/2767 885/2768 853/2769
f 854/2770 886/2771 853/2772
f 856/2773 825/2774 857/2775
f 825/2776 856/2777 824/2778
f 856/2779 855/2780 823/2781
f 856/2782 823/2783 824/2784
f 955/2785 922/2786 923/2787
f 955/2788 954/2789 922/2790
f 461/2791 492/2792 460/2793
f 461/2794 493/2795 492/2796
f 428/2797 461/2798 460/2799
f 461/2800 428/2801 429/2802
f 430/2803 461/2804 429/2805
f 461/2806 430/2807 462/2808
f 430/2809 399/2810 431/2811
f 399/2812 430/2813 398/2814
f 430/2815 397/2816 398/2817
f 397/2818 430/2819 429/2820
f 463/2821 430/2822 431/2823
f 462/2824 430/2825 463/2826
f 494/2827 461/2828 462/2829
f 461/2830 494/2831 493/2832
f 525/2833 494/2834 526/2835
f 494/2836 525/2837 493/2838
f 494/2839 463/2840 495/2841
f 494/2842 462/2843 463/2844
f 571/2845 540/2846 572/2847
f 571/2848 539/2849 540/2850
f 571/2851 570/2852 538/2853
f 539/2854 571/2855 538/2856
f 309/2857 308/2858 277/2859
f 308/2860 276/2861 277/2862
f 375/2863 344/2864 376/2865
f 344/2866 375/2867 343/2868
f 344/2869 345/2870 377/2871
f 376/2872 344/2873 377/2874
f 344/2875 312/2876 313/2877
f 345/2878 344/2879 313/2880
f 311/2881 344/2882 343/2883
f 312/2884 344/2885 311/2886
f 374/2887 341/2888 342/2889
f 341/2890 374/2891 373/2892
f 374/2893 342/2894 343/2895
f 375/2896 374/2897 343/2898
f 412/2899 380/2900 381/2901
f 413/2902 412/2903 381/2904
f 507/2905 508/2906 540/2907
f 539/2908 507/2909 540/2910
f 508/2911 507/2912 476/2913
f 507/2914 475/2915 476/2916
f 564/2917 597/2918 596/2919
f 597/2920 564/2921 565/2922
f 1006/2923 975/2924 1007/2925
f 1006/2926 974/2927 975/2928
f 973/2929 940/2930 941/2931
f 940/2932 973/2933 972/2934
f 973/2935 1004/2936 972/2937
f 1004/2938 973/2939 1005/2940
f 973/2941 941/2942 942/2943
f 974/2944 973/2945 942/2946
f 1006/2947 973/2948 974/2949
f 973/2950 1006/2951 1005/2952
f 848/2953 816/2954 817/2955
f 849/2956 848/2957 817/2958
f 880/2959 848/2960 881/2961
f 848/2962 849/2963 881/2964
f 816/2965 848/2966 815/2967
f 848/2968 847/2969 815/2970
f 848/2971 880/2972 879/2973
f 847/2974 848/2975 879/2976
f 819/2977 850/2978 818/2979
f 819/2980 851/2981 850/2982
f 819/2983 818/2984 786/2985
f 787/2986 819/2987 786/2988
f 851/2989 819/2990 852/2991
f 819/2992 820/2993 852/2994
f 820/2995 819/2996 788/2997
f 788/2998 819/2999 787/3000
f 763/3001 732/3002 764/3003
f 732/3004 763/3005 731/3006
f 894/3007 861/3008 862/3009
f 861/3010 894/3011 893/3012
f 925/3013 892/3014 893/3015
f 892/3016 925/3017 924/3018
f 891/3019 892/3020 923/3021
f 923/3022 892/3023 924/3024
f 892/3025 861/3026 893/3027
f 861/3028 892/3029 860/3030
f 889/3031 858/3032 890/3033
f 858/3034 889/3035 857/3036
f 695/3037 728/3038 727/3039
f 728/3040 695/3041 696/3042
f 695/3043 664/3044 696/3045
f 695/3046 663/3047 664/3048
f 822/3049 790/3050 823/3051
f 790/3052 791/3053 823/3054
f 790/3055 822/3056 821/3057
f 789/3058 790/3059 821/3060
f 791/3061 790/3062 759/3063
f 790/3064 758/3065 759/3066
f 790/3067 789/3068 757/3069
f 758/3070 790/3071 757/3072
f 498/3073 531/3074 530/3075
f 531/3076 498/3077 499/3078
f 530/3079 531/3080 562/3081
f 531/3082 563/3083 562/3084
f 594/3085 563/3086 595/3087
f 563/3088 594/3089 562/3090
f 594/3091 561/3092 562/3093
f 594/3094 593/3095 561/3096
f 692/3097 660/3098 661/3099
f 693/3100 692/3101 661/3102
f 692/3103 725/3104 724/3105
f 725/3106 692/3107 693/3108
f 723/3109 692/3110 724/3111
f 691/3112 692/3113 723/3114
f 659/3115 692/3116 691/3117
f 692/3118 659/3119 660/3120
f 659/3121 627/3122 628/3123
f 660/3124 659/3125 628/3126
f 658/3127 659/3128 690/3129
f 659/3130 691/3131 690/3132
f 720/3133 687/3134 688/3135
f 720/3136 719/3137 687/3138
f 689/3139 720/3140 688/3141
f 720/3142 689/3143 721/3144
f 719/3145 720/3146 751/3147
f 720/3148 752/3149 751/3150
f 753/3151 720/3152 721/3153
f 752/3154 720/3155 753/3156
f 994/3157 963/3158 995/3159
f 962/3160 963/3161 994/3162
f 963/3163 996/3164 995/3165
f 963/3166 964/3167 996/3168
f 904/3169 903/3170 872/3171
f 872/3172 903/3173 871/3174
f 903/3175 904/3176 936/3177
f 935/3178 903/3179 936/3180
f 748/3181 749/3182 781/3183
f 780/3184 748/3185 781/3186
f 777/3187 778/3188 810/3189
f 809/3190 777/3191 810/3192
f 875/3193 908/3194 907/3195
f 908/3196 875/3197 876/3198
f 769/3199 770/3200 801/3201
f 801/3202 770/3203 802/3204
f 803/3205 770/3206 771/3207
f 770/3208 803/3209 802/3210
f 803/3211 834/3212 802/3213
f 803/3214 835/3215 834/3216
f 609/3217 577/3218 578/3219
f 610/3220 609/3221 578/3222
f 642/3223 675/3224 674/3225
f 675/3226 642/3227 643/3228
f 642/3229 673/3230 641/3231
f 673/3232 642/3233 674/3234
f 642/3235 609/3236 610/3237
f 609/3238 642/3239 641/3240
f 611/3241 642/3242 610/3243
f 642/3244 611/3245 643/3246
f 611/3247 644/3248 643/3249
f 644/3250 611/3251 612/3252
f 579/3253 611/3254 578/3255
f 611/3256 610/3257 578/3258
f 611/3259 580/3260 612/3261
f 611/3262 579/3263 580/3264
f 837/3265 868/3266 836/3267
f 837/3268 869/3269 868/3270
f 839/3271 840/3272 872/3273
f 839/3274 872/3275 871/3276
f 686/3277 719/3278 718/3279
f 719/3280 686/3281 687/3282
f 687/3283 686/3284 655/3285
f 686/3286 654/3287 655/3288
f 554/3289 585/3290 553/3291
f 585/3292 554/3293 586/3294
f 618/3295 585/3296 586/3297
f 585/3298 618/3299 617/3300
f 680/3301 649/3302 681/3303
f 649/3304 680/3305 648/3306
f 618/3307 649/3308 617/3309
f 649/3310 618/3311 650/3312
f 683/3313 651/3314 652/3315
f 684/3316 683/3317 652/3318
f 560/3319 593/3320 592/3321
f 593/3322 560/3323 561/3324
f 591/3325 560/3326 592/3327
f 559/3328 560/3329 591/3330
f 494/3331 527/3332 526/3333
f 527/3334 494/3335 495/3336
f 527/3337 558/3338 526/3339
f 527/3340 559/3341 558/3342
f 613/3343 644/3344 612/3345
f 613/3346 645/3347 644/3348
f 455/3349 487/3350 454/3351
f 487/3352 486/3353 454/3354
f 458/3355 491/3356 490/3357
f 491/3358 458/3359 459/3360
f 489/3361 458/3362 490/3363
f 457/3364 458/3365 489/3366
f 392/3367 425/3368 424/3369
f 425/3370 392/3371 393/3372
f 424/3373 425/3374 456/3375
f 425/3376 457/3377 456/3378
f 228/3379 197/3380 229/3381
f 197/3382 228/3383 196/3384
f 292/3385 325/3386 324/3387
f 293/3388 325/3389 292/3390
f 422/3391 391/3392 423/3393
f 390/3394 391/3395 422/3396
f 391/3397 424/3398 423/3399
f 391/3400 392/3401 424/3402
f 391/3403 360/3404 392/3405
f 360/3406 391/3407 359/3408
f 360/3409 328/3410 329/3411
f 360/3412 329/3413 361/3414
f 393/3415 360/3416 361/3417
f 392/3418 360/3419 393/3420
f 360/3421 327/3422 328/3423
f 360/3424 359/3425 327/3426
f 179/3427 147/3428 180/3429
f 147/3430 148/3431 180/3432
f 147/3433 115/3434 116/3435
f 147/3436 116/3437 148/3438
f 114/3439 147/3440 146/3441
f 115/3442 147/3443 114/3444
f 117/3445 84/3446 85/3447
f 117/3448 116/3449 84/3450
f 86/3451 117/3452 85/3453
f 117/3454 86/3455 118/3456
f 116/3457 117/3458 148/3459
f 117/3460 149/3461 148/3462
f 150/3463 117/3464 118/3465
f 149/3466 117/3467 150/3468
f 402/3469 369/3470 370/3471
f 369/3472 402/3473 401/3474
f 274/3475 305/3476 273/3477
f 305/3478 274/3479 306/3480
f 335/3481 334/3482 302/3483
f 303/3484 335/3485 302/3486
f 366/3487 335/3488 367/3489
f 335/3490 366/3491 334/3492
f 58/3493 90/3494 57/3495
f 90/3496 89/3497 57/3498
f 121/3499 152/3500 120/3501
f 152/3502 121/3503 153/3504
f 121/3505 90/3506 122/3507
f 90/3508 121/3509 89/3510
f 154/3511 121/3512 122/3513
f 121/3514 154/3515 153/3516
f 185/3517 154/3518 186/3519
f 154/3520 185/3521 153/3522
f 186/3523 154/3524 187/3525
f 154/3526 155/3527 187/3528
f 254/3529 287/3530 286/3531
f 287/3532 254/3533 255/3534
f 287/3535 288/3536 320/3537
f 319/3538 287/3539 320/3540
f 251/3541 250/3542 218/3543
f 219/3544 251/3545 218/3546
f 251/3547 282/3548 250/3549
f 282/3550 251/3551 283/3552
f 251/3553 252/3554 284/3555
f 251/3556 284/3557 283/3558
f 251/3559 220/3560 252/3561
f 220/3562 251/3563 219/3564
f 220/3565 189/3566 221/3567
f 189/3568 220/3569 188/3570
f 220/3571 219/3572 187/3573
f 220/3574 187/3575 188/3576
f 252/3577 220/3578 253/3579
f 253/3580 220/3581 221/3582
f 256/3583 287/3584 255/3585
f 287/3586 256/3587 288/3588
f 160/3589 191/3590 159/3591
f 191/3592 160/3593 192/3594
f 382/3595 414/3596 413/3597
f 382/3598 413/3599 381/3600
f 317/3601 349/3602 316/3603
f 316/3604 349/3605 348/3606
f 380/3607 349/3608 381/3609
f 349/3610 380/3611 348/3612
f 349/3613 382/3614 381/3615
f 382/3616 349/3617 350/3618
f 285/3619 318/3620 317/3621
f 318/3622 285/3623 286/3624
f 318/3625 287/3626 319/3627
f 287/3628 318/3629 286/3630
f 349/3631 318/3632 350/3633
f 318/3634 349/3635 317/3636
f 318/3637 319/3638 351/3639
f 350/3640 318/3641 351/3642
f 54/3643 87/3644 86/3645
f 87/3646 54/3647 55/3648
f 87/3649 119/3650 118/3651
f 86/3652 87/3653 118/3654
f 637/3655 638/3656 670/3657
f 637/3658 670/3659 669/3660
f 638/3661 637/3662 606/3663
f 637/3664 605/3665 606/3666
f 666/3667 697/3668 665/3669
f 697/3670 666/3671 698/3672
f 635/3673 666/3674 634/3675
f 666/3676 635/3677 667/3678
f 666/3679 665/3680 633/3681
f 634/3682 666/3683 633/3684
f 414/3685 415/3686 446/3687
f 415/3688 447/3689 446/3690
f 480/3691 511/3692 479/3693
f 511/3694 480/3695 512/3696
f 316/3697 315/3698 284/3699
f 284/3700 315/3701 283/3702
f 298/3703 297/3704 265/3705
f 266/3706 298/3707 265/3708
f 297/3709 298/3710 329/3711
f 298/3712 330/3713 329/3714
f 300/3715 269/3716 301/3717
f 300/3718 268/3719 269/3720
f 333/3721 300/3722 301/3723
f 332/3724 300/3725 333/3726
f 362/3727 395/3728 394/3729
f 363/3730 395/3731 362/3732
f 395/3733 428/3734 427/3735
f 395/3736 396/3737 428/3738
f 395/3739 363/3740 364/3741
f 396/3742 395/3743 364/3744
f 147/3745 178/3746 146/3747
f 178/3748 147/3749 179/3750
f 211/3751 178/3752 179/3753
f 178/3754 211/3755 210/3756
f 177/3757 178/3758 209/3759
f 209/3760 178/3761 210/3762
f 178/3763 145/3764 146/3765
f 178/3766 177/3767 145/3768
f 242/3769 209/3770 210/3771
f 209/3772 242/3773 241/3774
f 242/3775 211/3776 243/3777
f 211/3778 242/3779 210/3780
f 242/3781 274/3782 273/3783
f 242/3784 273/3785 241/3786
f 242/3787 243/3788 275/3789
f 274/3790 242/3791 275/3792
f 271/3793 302/3794 270/3795
f 271/3796 303/3797 302/3798
f 271/3799 238/3800 239/3801
f 238/3802 271/3803 270/3804
f 240/3805 271/3806 239/3807
f 271/3808 240/3809 272/3810
f 207/3811 240/3812 239/3813
f 240/3814 207/3815 208/3816
f 209/3817 240/3818 208/3819
f 240/3820 209/3821 241/3822
f 273/3823 240/3824 241/3825
f 272/3826 240/3827 273/3828
f 203/3829 236/3830 235/3831
f 204/3832 236/3833 203/3834
f 236/3835 267/3836 235/3837
f 267/3838 236/3839 268/3840
f 236/3841 204/3842 205/3843
f 237/3844 236/3845 205/3846
f 236/3847 237/3848 269/3849
f 268/3850 236/3851 269/3852
f 141/3853 172/3854 140/3855
f 141/3856 173/3857 172/3858
f 108/3859 141/3860 140/3861
f 141/3862 108/3863 109/3864
f 173/3865 141/3866 174/3867
f 141/3868 142/3869 174/3870
f 110/3871 141/3872 109/3873
f 142/3874 141/3875 110/3876
f 914/3877 915/3878 946/3879
f 915/3880 947/3881 946/3882
f 882/3883 915/3884 914/3885
f 915/3886 882/3887 883/3888
f 915/3889 948/3890 947/3891
f 915/3892 916/3893 948/3894
f 884/3895 915/3896 883/3897
f 916/3898 915/3899 884/3900
f 601/3901 634/3902 633/3903
f 634/3904 601/3905 602/3906
f 570/3907 601/3908 569/3909
f 601/3910 570/3911 602/3912
f 732/3913 765/3914 764/3915
f 765/3916 732/3917 733/3918
f 734/3919 765/3920 733/3921
f 766/3922 765/3923 734/3924
f 888/3925 889/3926 921/3927
f 920/3928 888/3929 921/3930
f 888/3931 920/3932 919/3933
f 887/3934 888/3935 919/3936
f 888/3937 856/3938 857/3939
f 889/3940 888/3941 857/3942
f 855/3943 888/3944 887/3945
f 856/3946 888/3947 855/3948
f 988/3949 956/3950 989/3951
f 989/3952 956/3953 957/3954
f 956/3955 925/3956 957/3957
f 925/3958 956/3959 924/3960
f 956/3961 923/3962 924/3963
f 956/3964 955/3965 923/3966
f 956/3967 987/3968 955/3969
f 987/3970 956/3971 988/3972
f 987/3973 1018/3974 986/3975
f 987/3976 1019/3977 1018/3978
f 1019/3979 987/3980 1020/3981
f 987/3982 988/3983 1020/3984
f 954/3985 987/3986 986/3987
f 955/3988 987/3989 954/3990
f 274/3991 307/3992 306/3993
f 307/3994 274/3995 275/3996
f 276/3997 307/3998 275/3999
f 308/4000 307/4001 276/4002
f 477/4003 444/4004 445/4005
f 476/4006 444/4007 477/4008
f 444/4009 413/4010 445/4011
f 444/4012 412/4013 413/4014
f 537/4015 506/4016 538/4017
f 506/4018 537/4019 505/4020
f 506/4021 474/4022 475/4023
f 507/4024 506/4025 475/4026
f 506/4027 539/4028 538/4029
f 506/4030 507/4031 539/4032
f 663/4033 630/4034 631/4035
f 630/4036 663/4037 662/4038
f 566/4039 533/4040 534/4041
f 533/4042 566/4043 565/4044
f 467/4045 500/4046 499/4047
f 468/4048 500/4049 467/4050
f 371/4051 404/4052 403/4053
f 372/4054 404/4055 371/4056
f 506/4057 473/4058 474/4059
f 473/4060 506/4061 505/4062
f 440/4063 473/4064 472/4065
f 473/4066 440/4067 441/4068
f 535/4069 566/4070 534/4071
f 566/4072 535/4073 567/4074
f 568/4075 535/4076 536/4077
f 535/4078 568/4079 567/4080
f 473/4081 504/4082 472/4083
f 504/4084 473/4085 505/4086
f 535/4087 504/4088 536/4089
f 504/4090 535/4091 503/4092
f 536/4093 504/4094 537/4095
f 537/4096 504/4097 505/4098
f 472/4099 504/4100 471/4101
f 504/4102 503/4103 471/4104
f 699/4105 730/4106 698/4107
f 730/4108 699/4109 731/4110
f 666/4111 699/4112 698/4113
f 699/4114 666/4115 667/4116
f 892/4117 859/4118 860/4119
f 859/4120 892/4121 891/4122
f 859/4123 891/4124 890/4125
f 858/4126 859/4127 890/4128
f 694/4129 693/4130 661/4131
f 662/4132 694/4133 661/4134
f 725/4135 694/4136 726/4137
f 694/4138 725/4139 693/4140
f 663/4141 694/4142 662/4143
f 695/4144 694/4145 663/4146
f 694/4147 727/4148 726/4149
f 694/4150 695/4151 727/4152
f 626/4153 659/4154 658/4155
f 659/4156 626/4157 627/4158
f 626/4159 658/4160 657/4161
f 625/4162 626/4163 657/4164
f 593/4165 626/4166 625/4167
f 594/4168 626/4169 593/4170
f 627/4171 626/4172 595/4173
f 626/4174 594/4175 595/4176
f 930/4177 931/4178 962/4179
f 931/4180 963/4181 962/4182
f 931/4183 930/4184 898/4185
f 899/4186 931/4187 898/4188
f 963/4189 931/4190 964/4191
f 931/4192 932/4193 964/4194
f 931/4195 899/4196 900/4197
f 932/4198 931/4199 900/4200
f 934/4201 967/4202 966/4203
f 934/4204 935/4205 967/4206
f 747/4207 779/4208 778/4209
f 747/4210 778/4211 746/4212
f 714/4213 747/4214 746/4215
f 747/4216 714/4217 715/4218
f 779/4219 747/4220 780/4221
f 747/4222 748/4223 780/4224
f 747/4225 716/4226 748/4227
f 716/4228 747/4229 715/4230
f 716/4231 683/4232 684/4233
f 683/4234 716/4235 715/4236
f 749/4237 716/4238 717/4239
f 748/4240 716/4241 749/4242
f 874/4243 873/4244 841/4245
f 842/4246 874/4247 841/4248
f 874/4249 906/4250 905/4251
f 873/4252 874/4253 905/4254
f 906/4255 874/4256 907/4257
f 874/4258 875/4259 907/4260
f 874/4261 843/4262 875/4263
f 843/4264 874/4265 842/4266
f 844/4267 843/4268 812/4269
f 812/4270 843/4271 811/4272
f 843/4273 810/4274 811/4275
f 843/4276 842/4277 810/4278
f 843/4279 844/4280 876/4281
f 875/4282 843/4283 876/4284
f 706/4285 673/4286 674/4287
f 706/4288 705/4289 673/4290
f 711/4291 742/4292 710/4293
f 742/4294 711/4295 743/4296
f 837/4297 838/4298 869/4299
f 869/4300 838/4301 870/4302
f 838/4303 839/4304 871/4305
f 870/4306 838/4307 871/4308
f 685/4309 716/4310 684/4311
f 716/4312 685/4313 717/4314
f 717/4315 685/4316 718/4317
f 685/4318 686/4319 718/4320
f 649/4321 682/4322 681/4323
f 682/4324 649/4325 650/4326
f 682/4327 683/4328 715/4329
f 714/4330 682/4331 715/4332
f 683/4333 682/4334 651/4335
f 651/4336 682/4337 650/4338
f 561/4339 528/4340 529/4341
f 560/4342 528/4343 561/4344
f 528/4345 497/4346 529/4347
f 528/4348 496/4349 497/4350
f 528/4351 560/4352 559/4353
f 527/4354 528/4355 559/4356
f 496/4357 528/4358 495/4359
f 528/4360 527/4361 495/4362
f 647/4363 614/4364 615/4365
f 614/4366 647/4367 646/4368
f 613/4369 614/4370 645/4371
f 645/4372 614/4373 646/4374
f 426/4375 395/4376 427/4377
f 395/4378 426/4379 394/4380
f 426/4381 427/4382 459/4383
f 458/4384 426/4385 459/4386
f 426/4387 458/4388 457/4389
f 425/4390 426/4391 457/4392
f 426/4393 393/4394 394/4395
f 426/4396 425/4397 393/4398
f 227/4399 226/4400 194/4401
f 195/4402 227/4403 194/4404
f 227/4405 195/4406 196/4407
f 228/4408 227/4409 196/4410
f 358/4411 391/4412 390/4413
f 391/4414 358/4415 359/4416
f 335/4417 368/4418 367/4419
f 368/4420 335/4421 336/4422
f 399/4423 368/4424 400/4425
f 368/4426 399/4427 367/4428
f 400/4429 368/4430 401/4431
f 368/4432 369/4433 401/4434
f 368/4435 337/4436 369/4437
f 337/4438 368/4439 336/4440
f 369/4441 337/4442 370/4443
f 337/4444 338/4445 370/4446
f 337/4447 305/4448 306/4449
f 338/4450 337/4451 306/4452
f 335/4453 304/4454 336/4455
f 304/4456 335/4457 303/4458
f 304/4459 271/4460 272/4461
f 271/4462 304/4463 303/4464
f 337/4465 304/4466 305/4467
f 304/4468 337/4469 336/4470
f 305/4471 304/4472 273/4473
f 304/4474 272/4475 273/4476
f 92/4477 61/4478 93/4479
f 61/4480 92/4481 60/4482
f 157/4483 190/4484 189/4485
f 190/4486 157/4487 158/4488
f 159/4489 190/4490 158/4491
f 191/4492 190/4493 159/4494
f 88/4495 56/4496 57/4497
f 89/4498 88/4499 57/4500
f 88/4501 121/4502 120/4503
f 121/4504 88/4505 89/4506
f 56/4507 88/4508 55/4509
f 88/4510 87/4511 55/4512
f 119/4513 88/4514 120/4515
f 87/4516 88/4517 119/4518
f 604/4519 603/4520 572/4521
f 603/4522 571/4523 572/4524
f 571/4525 603/4526 570/4527
f 570/4528 603/4529 602/4530
f 603/4531 634/4532 602/4533
f 603/4534 635/4535 634/4536
f 603/4537 636/4538 635/4539
f 636/4540 603/4541 604/4542
f 635/4543 636/4544 667/4545
f 636/4546 668/4547 667/4548
f 636/4549 637/4550 669/4551
f 668/4552 636/4553 669/4554
f 605/4555 636/4556 604/4557
f 637/4558 636/4559 605/4560
f 383/4561 382/4562 350/4563
f 383/4564 350/4565 351/4566
f 352/4567 383/4568 351/4569
f 384/4570 383/4571 352/4572
f 382/4573 383/4574 414/4575
f 383/4576 415/4577 414/4578
f 383/4579 384/4580 416/4581
f 415/4582 383/4583 416/4584
f 415/4585 448/4586 447/4587
f 448/4588 415/4589 416/4590
f 447/4591 448/4592 479/4593
f 448/4594 480/4595 479/4596
f 314/4597 346/4598 345/4599
f 314/4600 345/4601 313/4602
f 282/4603 314/4604 281/4605
f 281/4606 314/4607 313/4608
f 314/4609 282/4610 283/4611
f 315/4612 314/4613 283/4614
f 347/4615 314/4616 315/4617
f 314/4618 347/4619 346/4620
f 380/4621 347/4622 348/4623
f 347/4624 380/4625 379/4626
f 378/4627 347/4628 379/4629
f 346/4630 347/4631 378/4632
f 347/4633 316/4634 348/4635
f 347/4636 315/4637 316/4638
f 330/4639 299/4640 331/4641
f 298/4642 299/4643 330/4644
f 267/4645 299/4646 266/4647
f 299/4648 298/4649 266/4650
f 299/4651 332/4652 331/4653
f 299/4654 300/4655 332/4656
f 299/4657 267/4658 268/4659
f 300/4660 299/4661 268/4662
f 568/4663 600/4664 567/4665
f 600/4666 599/4667 567/4668
f 600/4669 632/4670 631/4671
f 599/4672 600/4673 631/4674
f 600/4675 568/4676 569/4677
f 601/4678 600/4679 569/4680
f 632/4681 600/4682 633/4683
f 600/4684 601/4685 633/4686
f 797/4687 766/4688 798/4689
f 797/4690 765/4691 766/4692
f 339/4693 371/4694 370/4695
f 338/4696 339/4697 370/4698
f 307/4699 339/4700 306/4701
f 339/4702 338/4703 306/4704
f 412/4705 411/4706 380/4707
f 380/4708 411/4709 379/4710
f 598/4711 597/4712 565/4713
f 566/4714 598/4715 565/4716
f 599/4717 598/4718 567/4719
f 598/4720 566/4721 567/4722
f 630/4723 598/4724 631/4725
f 598/4726 599/4727 631/4728
f 629/4729 598/4730 630/4731
f 598/4732 629/4733 597/4734
f 660/4735 629/4736 661/4737
f 629/4738 660/4739 628/4740
f 596/4741 629/4742 628/4743
f 597/4744 629/4745 596/4746
f 629/4747 630/4748 662/4749
f 629/4750 662/4751 661/4752
f 564/4753 532/4754 565/4755
f 532/4756 533/4757 565/4758
f 563/4759 532/4760 564/4761
f 531/4762 532/4763 563/4764
f 533/4765 532/4766 501/4767
f 532/4768 500/4769 501/4770
f 532/4771 531/4772 499/4773
f 500/4774 532/4775 499/4776
f 405/4777 404/4778 372/4779
f 405/4780 372/4781 373/4782
f 436/4783 467/4784 435/4785
f 436/4786 468/4787 467/4788
f 436/4789 405/4790 437/4791
f 405/4792 436/4793 404/4794
f 436/4795 435/4796 403/4797
f 404/4798 436/4799 403/4800
f 469/4801 436/4802 437/4803
f 436/4804 469/4805 468/4806
f 469/4807 500/4808 468/4809
f 500/4810 469/4811 501/4812
f 535/4813 502/4814 503/4815
f 502/4816 535/4817 534/4818
f 469/4819 502/4820 501/4821
f 502/4822 469/4823 470/4824
f 533/4825 502/4826 534/4827
f 502/4828 533/4829 501/4830
f 502/4831 470/4832 471/4833
f 503/4834 502/4835 471/4836
f 408/4837 376/4838 377/4839
f 409/4840 408/4841 377/4842
f 440/4843 408/4844 441/4845
f 408/4846 409/4847 441/4848
f 793/4849 825/4850 824/4851
f 792/4852 793/4853 824/4854
f 825/4855 826/4856 857/4857
f 826/4858 858/4859 857/4860
f 826/4861 793/4862 794/4863
f 793/4864 826/4865 825/4866
f 700/4867 701/4868 733/4869
f 732/4870 700/4871 733/4872
f 701/4873 700/4874 669/4875
f 700/4876 668/4877 669/4878
f 700/4879 732/4880 731/4881
f 699/4882 700/4883 731/4884
f 668/4885 700/4886 667/4887
f 700/4888 699/4889 667/4890
f 868/4891 901/4892 900/4893
f 869/4894 901/4895 868/4896
f 682/4897 713/4898 681/4899
f 713/4900 682/4901 714/4902
f 838/4903 807/4904 839/4905
f 807/4906 838/4907 806/4908
f 675/4909 707/4910 674/4911
f 707/4912 706/4913 674/4914
f 738/4915 769/4916 737/4917
f 738/4918 770/4919 769/4920
f 705/4921 738/4922 737/4923
f 706/4924 738/4925 705/4926
f 647/4927 679/4928 646/4929
f 679/4930 678/4931 646/4932
f 680/4933 679/4934 648/4935
f 679/4936 647/4937 648/4938
f 678/4939 679/4940 710/4941
f 679/4942 711/4943 710/4944
f 835/4945 804/4946 836/4947
f 803/4948 804/4949 835/4950
f 804/4951 803/4952 771/4953
f 772/4954 804/4955 771/4956
f 653/4957 620/4958 621/4959
f 620/4960 653/4961 652/4962
f 653/4963 621/4964 622/4965
f 654/4966 653/4967 622/4968
f 686/4969 653/4970 654/4971
f 685/4972 653/4973 686/4974
f 653/4975 684/4976 652/4977
f 653/4978 685/4979 684/4980
f 588/4981 556/4982 557/4983
f 588/4984 557/4985 589/4986
f 621/4987 588/4988 589/4989
f 620/4990 588/4991 621/4992
f 616/4993 649/4994 648/4995
f 649/4996 616/4997 617/4998
f 647/4999 616/5000 648/5001
f 616/5002 647/5003 615/5004
f 616/5005 585/5006 617/5007
f 616/5008 584/5009 585/5010
f 616/5011 615/5012 583/5013
f 584/5014 616/5015 583/5016
f 614/5017 582/5018 615/5019
f 615/5020 582/5021 583/5022
f 519/5023 518/5024 486/5025
f 487/5026 519/5027 486/5028
f 488/5029 455/5030 456/5031
f 488/5032 487/5033 455/5034
f 488/5035 457/5036 489/5037
f 457/5038 488/5039 456/5040
f 488/5041 519/5042 487/5043
f 519/5044 488/5045 520/5046
f 521/5047 488/5048 489/5049
f 520/5050 488/5051 521/5052
f 259/5053 290/5054 258/5055
f 259/5056 291/5057 290/5058
f 226/5059 259/5060 258/5061
f 227/5062 259/5063 226/5064
f 357/5065 356/5066 324/5067
f 325/5068 357/5069 324/5070
f 388/5071 357/5072 389/5073
f 356/5074 357/5075 388/5076
f 357/5077 390/5078 389/5079
f 357/5080 358/5081 390/5082
f 357/5083 326/5084 358/5085
f 326/5086 357/5087 325/5088
f 295/5089 326/5090 294/5091
f 326/5092 295/5093 327/5094
f 326/5095 293/5096 294/5097
f 326/5098 325/5099 293/5100
f 359/5101 326/5102 327/5103
f 358/5104 326/5105 359/5106
f 154/5107 123/5108 155/5109
f 123/5110 154/5111 122/5112
f 222/5113 253/5114 221/5115
f 222/5116 254/5117 253/5118
f 189/5119 222/5120 221/5121
f 190/5122 222/5123 189/5124
f 796/5125 763/5126 764/5127
f 763/5128 796/5129 795/5130
f 765/5131 796/5132 764/5133
f 797/5134 796/5135 765/5136
f 829/5137 830/5138 862/5139
f 861/5140 829/5141 862/5142
f 830/5143 829/5144 798/5145
f 829/5146 797/5147 798/5148
f 341/5149 340/5150 309/5151
f 340/5152 308/5153 309/5154
f 340/5155 341/5156 373/5157
f 372/5158 340/5159 373/5160
f 340/5161 307/5162 308/5163
f 340/5164 339/5165 307/5166
f 340/5167 372/5168 371/5169
f 339/5170 340/5171 371/5172
f 442/5173 473/5174 441/5175
f 473/5176 442/5177 474/5178
f 407/5179 375/5180 376/5181
f 408/5182 407/5183 376/5184
f 761/5185 728/5186 729/5187
f 728/5188 761/5189 760/5190
f 761/5191 792/5192 760/5193
f 761/5194 793/5195 792/5196
f 827/5197 826/5198 794/5199
f 827/5200 794/5201 795/5202
f 827/5203 859/5204 858/5205
f 826/5206 827/5207 858/5208
f 965/5209 933/5210 966/5211
f 933/5212 934/5213 966/5214
f 964/5215 933/5216 965/5217
f 932/5218 933/5219 964/5220
f 933/5221 932/5222 900/5223
f 901/5224 933/5225 900/5226
f 902/5227 933/5228 901/5229
f 933/5230 902/5231 934/5232
f 903/5233 902/5234 871/5235
f 902/5236 870/5237 871/5238
f 902/5239 903/5240 935/5241
f 934/5242 902/5243 935/5244
f 902/5245 869/5246 870/5247
f 902/5248 901/5249 869/5250
f 778/5251 745/5252 746/5253
f 777/5254 745/5255 778/5256
f 745/5257 714/5258 746/5259
f 745/5260 713/5261 714/5262
f 679/5263 712/5264 711/5265
f 712/5266 679/5267 680/5268
f 745/5269 712/5270 713/5271
f 712/5272 745/5273 744/5274
f 711/5275 712/5276 743/5277
f 712/5278 744/5279 743/5280
f 712/5281 680/5282 681/5283
f 713/5284 712/5285 681/5286
f 840/5287 808/5288 841/5289
f 808/5290 809/5291 841/5292
f 839/5293 808/5294 840/5295
f 807/5296 808/5297 839/5298
f 739/5299 772/5300 771/5301
f 772/5302 739/5303 740/5304
f 707/5305 739/5306 706/5307
f 739/5308 738/5309 706/5310
f 770/5311 739/5312 771/5313
f 738/5314 739/5315 770/5316
f 678/5317 677/5318 646/5319
f 677/5320 645/5321 646/5322
f 805/5323 838/5324 837/5325
f 838/5326 805/5327 806/5328
f 805/5329 837/5330 836/5331
f 804/5332 805/5333 836/5334
f 618/5335 619/5336 650/5337
f 619/5338 651/5339 650/5340
f 651/5341 619/5342 652/5343
f 619/5344 620/5345 652/5346
f 580/5347 581/5348 612/5349
f 581/5350 613/5351 612/5352
f 581/5353 548/5354 549/5355
f 548/5356 581/5357 580/5358
f 581/5359 614/5360 613/5361
f 581/5362 582/5363 614/5364
f 550/5365 581/5366 549/5367
f 582/5368 581/5369 550/5370
f 582/5371 551/5372 583/5373
f 551/5374 582/5375 550/5376
f 551/5377 550/5378 518/5379
f 519/5380 551/5381 518/5382
f 260/5383 229/5384 261/5385
f 260/5386 228/5387 229/5388
f 293/5389 260/5390 261/5391
f 260/5392 293/5393 292/5394
f 260/5395 227/5396 228/5397
f 260/5398 259/5399 227/5400
f 291/5401 260/5402 292/5403
f 259/5404 260/5405 291/5406
f 124/5407 93/5408 125/5409
f 124/5410 92/5411 93/5412
f 157/5413 124/5414 125/5415
f 156/5416 124/5417 157/5418
f 124/5419 156/5420 155/5421
f 123/5422 124/5423 155/5424
f 91/5425 124/5426 123/5427
f 124/5428 91/5429 92/5430
f 91/5431 58/5432 59/5433
f 91/5434 90/5435 58/5436
f 91/5437 59/5438 60/5439
f 92/5440 91/5441 60/5442
f 90/5443 91/5444 122/5445
f 91/5446 123/5447 122/5448
f 224/5449 223/5450 192/5451
f 223/5452 191/5453 192/5454
f 223/5455 256/5456 255/5457
f 256/5458 223/5459 224/5460
f 223/5461 190/5462 191/5463
f 223/5464 222/5465 190/5466
f 254/5467 223/5468 255/5469
f 222/5470 223/5471 254/5472
f 410/5473 378/5474 379/5475
f 411/5476 410/5477 379/5478
f 378/5479 410/5480 377/5481
f 410/5482 409/5483 377/5484
f 409/5485 410/5486 441/5487
f 410/5488 442/5489 441/5490
f 410/5491 443/5492 442/5493
f 443/5494 410/5495 411/5496
f 475/5497 443/5498 476/5499
f 443/5500 444/5501 476/5502
f 444/5503 443/5504 412/5505
f 443/5506 411/5507 412/5508
f 474/5509 443/5510 475/5511
f 442/5512 443/5513 474/5514
f 469/5515 438/5516 470/5517
f 438/5518 469/5519 437/5520
f 762/5521 763/5522 795/5523
f 794/5524 762/5525 795/5526
f 763/5527 762/5528 731/5529
f 762/5530 730/5531 731/5532
f 793/5533 762/5534 794/5535
f 761/5536 762/5537 793/5538
f 730/5539 762/5540 729/5541
f 762/5542 761/5543 729/5544
f 828/5545 796/5546 797/5547
f 829/5548 828/5549 797/5550
f 828/5551 861/5552 860/5553
f 828/5554 829/5555 861/5556
f 796/5557 828/5558 795/5559
f 828/5560 827/5561 795/5562
f 859/5563 828/5564 860/5565
f 827/5566 828/5567 859/5568
f 775/5569 742/5570 743/5571
f 775/5572 774/5573 742/5574
f 775/5575 807/5576 806/5577
f 774/5578 775/5579 806/5580
f 644/5581 676/5582 643/5583
f 676/5584 675/5585 643/5586
f 645/5587 676/5588 644/5589
f 677/5590 676/5591 645/5592
f 774/5593 773/5594 742/5595
f 773/5596 741/5597 742/5598
f 773/5599 772/5600 740/5601
f 741/5602 773/5603 740/5604
f 805/5605 773/5606 806/5607
f 773/5608 774/5609 806/5610
f 773/5611 804/5612 772/5613
f 773/5614 805/5615 804/5616
f 556/5617 587/5618 555/5619
f 588/5620 587/5621 556/5622
f 554/5623 587/5624 586/5625
f 587/5626 554/5627 555/5628
f 587/5629 588/5630 620/5631
f 619/5632 587/5633 620/5634
f 587/5635 618/5636 586/5637
f 587/5638 619/5639 618/5640
f 552/5641 521/5642 553/5643
f 552/5644 520/5645 521/5646
f 585/5647 552/5648 553/5649
f 584/5650 552/5651 585/5652
f 552/5653 519/5654 520/5655
f 552/5656 551/5657 519/5658
f 552/5659 584/5660 583/5661
f 551/5662 552/5663 583/5664
f 439/5665 408/5666 440/5667
f 439/5668 407/5669 408/5670
f 439/5671 472/5672 471/5673
f 439/5674 440/5675 472/5676
f 470/5677 439/5678 471/5679
f 438/5680 439/5681 470/5682
f 406/5683 439/5684 438/5685
f 439/5686 406/5687 407/5688
f 374/5689 406/5690 373/5691
f 406/5692 405/5693 373/5694
f 406/5695 374/5696 375/5697
f 407/5698 406/5699 375/5700
f 405/5701 406/5702 437/5703
f 406/5704 438/5705 437/5706
f 776/5707 777/5708 809/5709
f 808/5710 776/5711 809/5712
f 776/5713 745/5714 777/5715
f 745/5716 776/5717 744/5718
f 776/5719 808/5720 807/5721
f 775/5722 776/5723 807/5724
f 744/5725 776/5726 743/5727
f 776/5728 775/5729 743/5730
f 708/5731 739/5732 707/5733
f 739/5734 708/5735 740/5736
f 708/5737 707/5738 675/5739
f 676/5740 708/5741 675/5742
f 709/5743 678/5744 710/5745
f 709/5746 677/5747 678/5748
f 742/5749 709/5750 710/5751
f 741/5752 709/5753 742/5754
f 709/5755 676/5756 677/5757
f 709/5758 708/5759 676/5760
f 709/5761 741/5762 740/5763
f 708/5764 709/5765 740/5766
